frame_index,time_s,x_min,y_min,x_max,y_max,x_center,y_center,dy_px
0,0.0,345,1230,575,1296,460.0,1263.0,0.0
1,0.016663537528747645,343,1165,570,1241,456.5,1203.0,-60.0
2,0.03332707505749529,343,1091,568,1175,455.5,1133.0,-130.0
3,0.04999061258624294,336,1007,556,1102,446.0,1054.5,-208.5
4,0.06665415011499058,334,939,542,1021,438.0,980.0,-283.0
5,0.08331768764373823,338,846,538,933,438.0,889.5,-373.5
6,0.09998122517248588,344,750,536,838,440.0,794.0,-469.0
7,0.11664476270123353,338,656,533,741,435.5,698.5,-564.5
8,0.13330830022998116,328,556,535,654,431.5,605.0,-658.0
9,0.14997183775872883,318,490,538,579,428.0,534.5,-728.5
10,0.16663537528747646,310,441,543,512,426.5,476.5,-786.5
11,0.18329891281622412,297,391,547,466,422.0,428.5,-834.5
12,0.19996245034497176,291,371,551,438,421.0,404.5,-858.5
13,0.21662598787371942,288,361,552,427,420.0,394.0,-869.0
14,0.23328952540246706,287,364,549,430,418.0,397.0,-866.0
15,0.2499530629312147,288,376,546,444,417.0,410.0,-853.0
16,0.2666166004599623,292,401,542,475,417.0,438.0,-825.0
17,0.28328013798871,306,440,540,519,423.0,479.5,-783.5
18,0.29994367551745765,316,502,541,582,428.5,542.0,-721.0
19,0.3166072130462053,326,569,537,660,431.5,614.5,-648.5
20,0.3332707505749529,338,651,536,744,437.0,697.5,-565.5
21,0.3499342881037006,338,749,537,838,437.5,793.5,-469.5
22,0.36659782563244825,346,839,548,932,447.0,885.5,-377.5
23,0.38326136316119586,351,938,558,1027,454.5,982.5,-280.5
24,0.3999249006899435,349,1028,562,1113,455.5,1070.5,-192.5
25,0.4165884382186912,350,1100,572,1187,461.0,1143.5,-119.5
26,0.43325197574743884,344,1175,579,1246,461.5,1210.5,-52.5
27,0.44991551327618645,337,1234,584,1298,460.5,1266.0,3.0
28,0.4665790508049341,334,1273,587,1334,460.5,1303.5,40.5
29,0.4832425883336818,329,1297,591,1360,460.0,1328.5,65.5
30,0.4999061258624294,331,1311,593,1370,462.0,1340.5,77.5
31,0.516569663391177,333,1301,594,1362,463.5,1331.5,68.5
32,0.5332332009199247,337,1277,589,1340,463.0,1308.5,45.5
33,0.5498967384486724,342,1209,580,1298,461.0,1253.5,-9.5
34,0.56656027597742,350,1154,575,1237,462.5,1195.5,-67.5
35,0.5832238135061677,354,1064,564,1160,459.0,1112.0,-151.0
36,0.5998873510349153,352,978,558,1074,455.0,1026.0,-237.0
37,0.6165508885636629,354,896,556,985,455.0,940.5,-322.5
38,0.6332144260924106,352,814,553,896,452.5,855.0,-408.0
39,0.6498779636211582,336,714,545,808,440.5,761.0,-502.0
40,0.6665415011499058,325,639,540,730,432.5,684.5,-578.5
41,0.6832050386786536,320,565,543,650,431.5,607.5,-655.5
42,0.6998685762074012,316,498,545,581,430.5,539.5,-723.5
43,0.7165321137361488,310,434,546,516,428.0,475.0,-788.0
44,0.7331956512648965,304,394,551,469,427.5,431.5,-831.5
45,0.7498591887936441,294,362,550,432,422.0,397.0,-866.0
46,0.7665227263223917,289,350,552,416,420.5,383.0,-880.0
47,0.7831862638511394,289,354,552,421,420.5,387.5,-875.5
48,0.799849801379887,298,371,551,445,424.5,408.0,-855.0
49,0.8165133389086348,306,411,546,489,426.0,450.0,-813.0
50,0.8331768764373824,322,470,546,552,434.0,511.0,-752.0
51,0.84984041396613,324,544,541,617,432.5,580.5,-682.5
52,0.8665039514948777,322,606,539,692,430.5,649.0,-614.0
53,0.8831674890236253,325,684,539,780,432.0,732.0,-531.0
54,0.8998310265523729,334,784,542,863,438.0,823.5,-439.5
55,0.9164945640811206,337,870,545,948,441.0,909.0,-354.0
56,0.9331581016098682,341,941,551,1032,446.0,986.5,-276.5
57,0.9498216391386158,346,1039,555,1117,450.5,1078.0,-185.0
58,0.9664851766673636,350,1118,561,1196,455.5,1157.0,-106.0
59,0.9831487141961112,344,1190,576,1264,460.0,1227.0,-36.0
60,0.9998122517248588,338,1237,582,1319,460.0,1278.0,15.0
61,1.0164757892536065,337,1290,591,1353,464.0,1321.5,58.5
62,1.033139326782354,338,1307,596,1368,467.0,1337.5,74.5
63,1.0498028643111017,337,1304,595,1364,466.0,1334.0,71.0
64,1.0664664018398493,338,1285,593,1344,465.5,1314.5,51.5
65,1.0831299393685971,339,1242,586,1310,462.5,1276.0,13.0
66,1.0997934768973447,344,1192,583,1264,463.5,1228.0,-35.0
67,1.1164570144260924,349,1132,576,1207,462.5,1169.5,-93.5
68,1.13312055195484,350,1057,569,1140,459.5,1098.5,-164.5
69,1.1497840894835876,354,975,566,1064,460.0,1019.5,-243.5
70,1.1664476270123354,345,888,553,980,449.0,934.0,-329.0
71,1.183111164541083,350,792,547,885,448.5,838.5,-424.5
72,1.1997747020698306,345,706,551,790,448.0,748.0,-515.0
73,1.2164382395985782,341,603,550,701,445.5,652.0,-611.0
74,1.2331017771273258,333,536,549,620,441.0,578.0,-685.0
75,1.2497653146560734,323,466,552,550,437.5,508.0,-755.0
76,1.2664288521848213,311,406,555,498,433.0,452.0,-811.0
77,1.2830923897135689,299,388,555,462,427.0,425.0,-838.0
78,1.2997559272423165,293,375,554,442,423.5,408.5,-854.5
79,1.316419464771064,291,369,553,437,422.0,403.0,-860.0
80,1.3330830022998117,289,376,551,445,420.0,410.5,-852.5
81,1.3497465398285593,288,390,548,464,418.0,427.0,-836.0
82,1.3664100773573071,296,422,542,504,419.0,463.0,-800.0
83,1.3830736148860547,300,464,539,554,419.5,509.0,-754.0
84,1.3997371524148023,312,525,540,622,426.0,573.5,-689.5
85,1.41640068994355,323,610,537,702,430.0,656.0,-607.0
86,1.4330642274722976,330,700,539,795,434.5,747.5,-515.5
87,1.4497277650010454,334,792,534,888,434.0,840.0,-423.0
88,1.466391302529793,335,896,542,979,438.5,937.5,-325.5
89,1.4830548400585406,336,978,543,1067,439.5,1022.5,-240.5
90,1.4997183775872882,335,1063,559,1143,447.0,1103.0,-160.0
91,1.5163819151160358,336,1130,568,1208,452.0,1169.0,-94.0
92,1.5330454526447834,333,1189,567,1266,450.0,1227.5,-35.5
93,1.5497089901735313,332,1247,576,1309,454.0,1278.0,15.0
94,1.5663725277022789,332,1279,582,1341,457.0,1310.0,47.0
95,1.5830360652310265,328,1300,584,1360,456.0,1330.0,67.0
96,1.599699602759774,329,1303,590,1363,459.5,1333.0,70.0
97,1.6163631402885217,334,1284,592,1346,463.0,1315.0,52.0
98,1.6330266778172695,342,1235,588,1313,465.0,1274.0,11.0
99,1.6496902153460171,348,1176,580,1260,464.0,1218.0,-45.0
100,1.6663537528747647,354,1110,575,1192,464.5,1151.0,-112.0
101,1.6830172904035123,356,1024,570,1114,463.0,1069.0,-194.0
102,1.69968082793226,356,937,568,1028,462.0,982.5,-280.5
103,1.7163443654610075,355,852,562,940,458.5,896.0,-367.0
104,1.7330079029897554,345,768,562,857,453.5,812.5,-450.5
105,1.749671440518503,342,683,560,775,451.0,729.0,-534.0
106,1.7663349780472506,338,610,554,697,446.0,653.5,-609.5
107,1.7829985155759982,335,543,558,620,446.5,581.5,-681.5
108,1.7996620531047458,328,473,557,554,442.5,513.5,-749.5
109,1.8163255906334936,321,420,562,496,441.5,458.0,-805.0
110,1.8329891281622412,312,383,568,455,440.0,419.0,-844.0
111,1.8496526656909889,301,364,564,430,432.5,397.0,-866.0
112,1.8663162032197365,298,359,560,426,429.0,392.5,-870.5
113,1.882979740748484,300,370,558,440,429.0,405.0,-858.0
114,1.8996432782772317,307,404,553,476,430.0,440.0,-823.0
115,1.9163068158059795,312,449,548,528,430.0,488.5,-774.5
116,1.932970353334727,318,498,543,589,430.5,543.5,-719.5
117,1.9496338908634747,318,567,537,658,427.5,612.5,-650.5
118,1.9662974283922223,322,648,540,731,431.0,689.5,-573.5
119,1.98296096592097,327,725,532,813,429.5,769.0,-494.0
120,1.9996245034497175,331,812,537,898,434.0,855.0,-408.0
121,2.0162880409784654,333,899,544,986,438.5,942.5,-320.5
122,2.032951578507213,329,984,546,1072,437.5,1028.0,-235.0
123,2.0496151160359606,331,1072,550,1156,440.5,1114.0,-149.0
124,2.066278653564708,329,1151,555,1226,442.0,1188.5,-74.5
125,2.082942191093456,328,1206,568,1288,448.0,1247.0,-16.0
126,2.0996057286222034,323,1266,577,1329,450.0,1297.5,34.5
127,2.116269266150951,319,1291,581,1352,450.0,1321.5,58.5
128,2.1329328036796986,321,1297,584,1357,452.5,1327.0,64.0
129,2.1495963412084467,323,1285,584,1346,453.5,1315.5,52.5
130,2.1662598787371943,328,1257,582,1321,455.0,1289.0,26.0
131,2.182923416265942,333,1217,581,1282,457.0,1249.5,-13.5
132,2.1995869537946895,336,1166,577,1234,456.5,1200.0,-63.0
133,2.216250491323437,343,1091,572,1173,457.5,1132.0,-131.0
134,2.2329140288521847,346,1015,566,1104,456.0,1059.5,-203.5
135,2.2495775663809323,346,923,561,1021,453.5,972.0,-291.0
136,2.26624110390968,354,836,556,931,455.0,883.5,-379.5
137,2.2829046414384275,352,749,555,840,453.5,794.5,-468.5
138,2.299568178967175,353,661,557,748,455.0,704.5,-558.5
139,2.3162317164959227,344,579,559,666,451.5,622.5,-640.5
140,2.332895254024671,336,494,562,590,449.0,542.0,-721.0
141,2.3495587915534184,323,451,565,533,444.0,492.0,-771.0
142,2.366222329082166,313,412,568,490,440.5,451.0,-812.0
143,2.3828858666109136,305,386,567,460,436.0,423.0,-840.0
144,2.3995494041396612,302,381,565,447,433.5,414.0,-849.0
145,2.416212941668409,303,381,566,446,434.5,413.5,-849.5
146,2.4328764791971564,302,389,562,458,432.0,423.5,-839.5
147,2.449540016725904,305,409,558,487,431.5,448.0,-815.0
148,2.4662035542546517,312,433,552,529,432.0,481.0,-782.0
149,2.4828670917833993,319,505,542,590,430.5,547.5,-715.5
150,2.499530629312147,324,582,540,664,432.0,623.0,-640.0
151,2.516194166840895,334,670,539,752,436.5,711.0,-552.0
152,2.5328577043696425,331,757,537,844,434.0,800.5,-462.5
153,2.54952124189839,328,847,540,934,434.0,890.5,-372.5
154,2.5661847794271377,332,933,538,1019,435.0,976.0,-287.0
155,2.5828483169558853,328,1018,544,1101,436.0,1059.5,-203.5
156,2.599511854484633,324,1089,550,1170,437.0,1129.5,-133.5
157,2.6161753920133806,328,1151,557,1230,442.5,1190.5,-72.5
158,2.632838929542128,328,1200,560,1280,444.0,1240.0,-23.0
159,2.6495024670708758,322,1256,569,1320,445.5,1288.0,25.0
160,2.6661660045996234,319,1284,574,1347,446.5,1315.5,52.5
161,2.682829542128371,319,1296,576,1358,447.5,1327.0,64.0
162,2.6994930796571186,322,1287,580,1351,451.0,1319.0,56.0
163,2.7161566171858667,334,1258,579,1324,456.5,1291.0,28.0
164,2.7328201547146143,338,1209,575,1279,456.5,1244.0,-19.0
165,2.749483692243362,349,1140,570,1220,459.5,1180.0,-83.0
166,2.7661472297721095,346,1066,563,1145,454.5,1105.5,-157.5
167,2.782810767300857,350,982,563,1067,456.5,1024.5,-238.5
168,2.7994743048296047,350,898,563,984,456.5,941.0,-322.0
169,2.8161378423583523,350,811,563,903,456.5,857.0,-406.0
170,2.8328013798871,347,736,567,817,457.0,776.5,-486.5
171,2.8494649174158475,344,653,560,738,452.0,695.5,-567.5
172,2.866128454944595,343,584,559,662,451.0,623.0,-640.0
173,2.8827919924733427,336,500,562,590,449.0,545.0,-718.0
174,2.8994555300020908,334,450,563,528,448.5,489.0,-774.0
175,2.9161190675308384,328,407,576,477,452.0,442.0,-821.0
176,2.932782605059586,315,376,576,447,445.5,411.5,-851.5
177,2.9494461425883336,312,369,575,435,443.5,402.0,-861.0
178,2.966109680117081,309,365,571,441,440.0,403.0,-860.0
179,2.982773217645829,310,391,564,466,437.0,428.5,-834.5
180,2.9994367551745764,316,431,560,508,438.0,469.5,-793.5
181,3.016100292703324,320,485,552,561,436.0,523.0,-740.0
182,3.0327638302320716,322,539,553,626,437.5,582.5,-680.5
183,3.0494273677608192,322,611,546,696,434.0,653.5,-609.5
184,3.066090905289567,327,686,542,773,434.5,729.5,-533.5
185,3.082754442818315,331,769,538,856,434.5,812.5,-450.5
186,3.0994179803470625,332,857,540,943,436.0,900.0,-363.0
187,3.11608151787581,334,941,540,1028,437.0,984.5,-278.5
188,3.1327450554045577,329,1025,542,1112,435.5,1068.5,-194.5
189,3.1494085929333053,328,1110,556,1188,442.0,1149.0,-114.0
190,3.166072130462053,322,1174,566,1251,444.0,1212.5,-50.5
191,3.1827356679908005,314,1239,567,1301,440.5,1270.0,7.0
192,3.199399205519548,307,1272,568,1332,437.5,1302.0,39.0
193,3.2160627430482958,311,1286,571,1344,441.0,1315.0,52.0
194,3.2327262805770434,312,1281,573,1342,442.5,1311.5,48.5
195,3.249389818105791,314,1263,572,1326,443.0,1294.5,31.5
196,3.266053355634539,318,1235,569,1298,443.5,1266.5,3.5
197,3.2827168931632866,324,1188,568,1254,446.0,1221.0,-42.0
198,3.2993804306920342,331,1119,564,1202,447.5,1160.5,-102.5
199,3.316043968220782,337,1059,560,1138,448.5,1098.5,-164.5
200,3.3327075057495295,344,976,556,1061,450.0,1018.5,-244.5
201,3.349371043278277,348,885,551,974,449.5,929.5,-333.5
202,3.3660345808070247,348,798,556,884,452.0,841.0,-422.0
203,3.3826981183357723,348,713,559,793,453.5,753.0,-510.0
204,3.39936165586452,343,623,560,707,451.5,665.0,-598.0
205,3.4160251933932675,340,539,558,630,449.0,584.5,-678.5
206,3.432688730922015,329,482,570,566,449.5,524.0,-739.0
207,3.449352268450763,323,432,574,519,448.5,475.5,-787.5
208,3.4660158059795108,317,415,575,484,446.0,449.5,-813.5
209,3.4826793435082584,312,394,576,461,444.0,427.5,-835.5
210,3.499342881037006,311,387,574,452,442.5,419.5,-843.5
211,3.5160064185657536,311,391,576,457,443.5,424.0,-839.0
212,3.532669956094501,314,404,573,476,443.5,440.0,-823.0
213,3.549333493623249,320,438,567,511,443.5,474.5,-788.5
214,3.5659970311519964,328,487,566,565,447.0,526.0,-737.0
215,3.582660568680744,337,554,556,632,446.5,593.0,-670.0
216,3.5993241062094916,340,626,545,714,442.5,670.0,-593.0
217,3.615987643738239,340,716,544,799,442.0,757.5,-505.5
218,3.6326511812669873,336,800,548,890,442.0,845.0,-418.0
219,3.649314718795735,334,888,549,976,441.5,932.0,-331.0
220,3.6659782563244825,330,981,549,1056,439.5,1018.5,-244.5
221,3.68264179385323,328,1046,554,1128,441.0,1087.0,-176.0
222,3.6993053313819777,325,1111,553,1193,439.0,1152.0,-111.0
223,3.7159688689107253,321,1167,558,1248,439.5,1207.5,-55.5
224,3.732632406439473,322,1228,563,1295,442.5,1261.5,-1.5
225,3.7492959439682205,318,1265,568,1326,443.0,1295.5,32.5
226,3.765959481496968,314,1286,572,1347,443.0,1316.5,53.5
227,3.7826230190257157,314,1288,572,1349,443.0,1318.5,55.5
228,3.7992865565544633,314,1268,570,1331,442.0,1299.5,36.5
229,3.815950094083211,327,1226,567,1293,447.0,1259.5,-3.5
230,3.832613631611959,332,1168,562,1241,447.0,1204.5,-58.5
231,3.8492771691407066,332,1095,553,1177,442.5,1136.0,-127.0
232,3.865940706669454,335,1017,548,1101,441.5,1059.0,-204.0
233,3.882604244198202,338,936,551,1024,444.5,980.0,-283.0
234,3.8992677817269494,342,862,550,942,446.0,902.0,-361.0
235,3.915931319255697,338,774,550,861,444.0,817.5,-445.5
236,3.9325948567844446,337,694,557,782,447.0,738.0,-525.0
237,3.9492583943131923,336,610,555,704,445.5,657.0,-606.0
238,3.96592193184194,337,543,555,631,446.0,587.0,-676.0
239,3.9825854693706875,333,463,560,564,446.5,513.5,-749.5
240,3.999249006899435,324,425,570,506,447.0,465.5,-797.5
241,4.015912544428183,319,390,576,466,447.5,428.0,-835.0
242,4.032576081956931,313,378,577,448,445.0,413.0,-850.0
243,4.049239619485678,312,381,577,446,444.5,413.5,-849.5
244,4.065903157014426,312,390,572,463,442.0,426.5,-836.5
245,4.082566694543173,320,416,568,496,444.0,456.0,-807.0
246,4.099230232071921,328,442,563,542,445.5,492.0,-771.0
247,4.115893769600669,329,501,561,599,445.0,550.0,-713.0
248,4.132557307129416,331,569,559,664,445.0,616.5,-646.5
249,4.149220844658164,335,643,565,736,450.0,689.5,-573.5
250,4.165884382186912,341,728,553,812,447.0,770.0,-493.0
251,4.18254791971566,341,810,553,900,447.0,855.0,-408.0
252,4.199211457244407,345,897,551,984,448.0,940.5,-322.5
253,4.215874994773155,343,983,556,1069,449.5,1026.0,-237.0
254,4.232538532301902,338,1062,557,1148,447.5,1105.0,-158.0
255,4.24920206983065,331,1135,560,1217,445.5,1176.0,-87.0
256,4.265865607359397,324,1201,567,1272,445.5,1236.5,-26.5
257,4.282529144888145,314,1247,569,1309,441.5,1278.0,15.0
258,4.299192682416893,311,1270,572,1330,441.5,1300.0,37.0
259,4.3158562199456405,311,1274,570,1336,440.5,1305.0,42.0
260,4.3325197574743886,311,1264,569,1326,440.0,1295.0,32.0
261,4.349183295003136,312,1244,568,1304,440.0,1274.0,11.0
262,4.365846832531884,312,1208,564,1271,438.0,1239.5,-23.5
263,4.382510370060631,321,1152,560,1224,440.5,1188.0,-75.0
264,4.399173907589379,328,1084,555,1168,441.5,1126.0,-137.0
265,4.415837445118126,334,1008,548,1095,441.0,1051.5,-211.5
266,4.432500982646874,332,926,546,1015,439.0,970.5,-292.5
267,4.449164520175621,336,839,543,927,439.5,883.0,-380.0
268,4.465828057704369,337,753,543,839,440.0,796.0,-467.0
269,4.4824915952331175,336,670,547,749,441.5,709.5,-553.5
270,4.499155132761865,330,589,552,670,441.0,629.5,-633.5
271,4.515818670290613,326,522,559,606,442.5,564.0,-699.0
272,4.53248220781936,320,473,564,550,442.0,511.5,-751.5
273,4.549145745348108,312,435,568,509,440.0,472.0,-791.0
274,4.565809282876855,310,406,569,479,439.5,442.5,-820.5
275,4.582472820405603,309,393,573,464,441.0,428.5,-834.5
276,4.59913635793435,312,382,577,460,444.5,421.0,-842.0
277,4.615799895463098,317,399,578,472,447.5,435.5,-827.5
278,4.6324634329918455,328,423,576,499,452.0,461.0,-802.0
279,4.6491269705205935,331,466,568,545,449.5,505.5,-757.5
280,4.665790508049342,340,521,560,608,450.0,564.5,-698.5
281,4.682454045578089,344,590,560,680,452.0,635.0,-628.0
282,4.699117583106837,348,674,557,761,452.5,717.5,-545.5
283,4.715781120635584,349,760,554,851,451.5,805.5,-457.5
284,4.732444658164332,348,850,556,935,452.0,892.5,-370.5
285,4.749108195693079,343,926,558,1011,450.5,968.5,-294.5
286,4.765771733221827,338,1006,558,1087,448.0,1046.5,-216.5
287,4.782435270750574,338,1079,562,1152,450.0,1115.5,-147.5
288,4.7990988082793224,333,1143,564,1214,448.5,1178.5,-84.5
289,4.81576234580807,334,1191,570,1265,452.0,1228.0,-35.0
290,4.832425883336818,324,1246,577,1307,450.5,1276.5,13.5
291,4.849089420865566,317,1271,576,1330,446.5,1300.5,37.5
292,4.865752958394313,312,1281,575,1341,443.5,1311.0,48.0
293,4.882416495923061,311,1270,572,1332,441.5,1301.0,38.0
294,4.899080033451808,318,1234,563,1304,440.5,1269.0,6.0
295,4.915743570980556,323,1186,558,1260,440.5,1223.0,-40.0
296,4.932407108509303,321,1124,550,1203,435.5,1163.5,-99.5
297,4.949070646038051,328,1048,548,1130,438.0,1089.0,-174.0
298,4.9657341835667985,325,973,540,1060,432.5,1016.5,-246.5
299,4.982397721095547,323,900,539,987,431.0,943.5,-319.5
300,4.999061258624294,322,820,542,905,432.0,862.5,-400.5
301,5.015724796153042,322,738,543,824,432.5,781.0,-482.0
302,5.03238833368179,326,654,546,746,436.0,700.0,-563.0
303,5.049051871210537,326,577,552,669,439.0,623.0,-640.0
304,5.065715408739285,320,511,552,599,436.0,555.0,-708.0
305,5.082378946268032,318,449,558,536,438.0,492.5,-770.5
306,5.09904248379678,311,412,562,492,436.5,452.0,-811.0
307,5.115706021325527,306,394,570,464,438.0,429.0,-834.0
308,5.1323695588542755,307,388,572,456,439.5,422.0,-841.0
309,5.149033096383023,309,395,572,464,440.5,429.5,-833.5
310,5.165696633911771,312,412,570,487,441.0,449.5,-813.5
311,5.182360171440518,322,447,568,525,445.0,486.0,-777.0
312,5.199023708969266,328,494,565,574,446.5,534.0,-729.0
313,5.215687246498014,335,549,561,633,448.0,591.0,-672.0
314,5.232350784026761,345,616,573,700,459.0,658.0,-605.0
315,5.249014321555509,348,694,562,776,455.0,735.0,-528.0
316,5.265677859084256,354,768,560,855,457.0,811.5,-451.5
317,5.282341396613004,356,854,557,943,456.5,898.5,-364.5
318,5.2990049341417516,358,939,561,1027,459.5,983.0,-280.0
319,5.3156684716705,350,1019,566,1107,458.0,1063.0,-200.0
320,5.332332009199247,344,1094,573,1182,458.5,1138.0,-125.0
321,5.348995546727995,340,1168,575,1239,457.5,1203.5,-59.5
322,5.365659084256742,328,1218,576,1283,452.0,1250.5,-12.5
323,5.38232262178549,323,1250,577,1310,450.0,1280.0,17.0
324,5.398986159314237,319,1262,578,1324,448.5,1293.0,30.0
325,5.415649696842985,319,1262,577,1323,448.0,1292.5,29.5
326,5.432313234371733,319,1248,575,1310,447.0,1279.0,16.0
327,5.4489767719004805,319,1219,568,1282,443.5,1250.5,-12.5
328,5.4656403094292285,322,1168,567,1246,444.5,1207.0,-56.0
329,5.482303846957976,324,1113,558,1193,441.0,1153.0,-110.0
330,5.498967384486724,328,1048,550,1128,439.0,1088.0,-175.0
331,5.515630922015471,334,968,548,1049,441.0,1008.5,-254.5
332,5.532294459544219,334,882,540,967,437.0,924.5,-338.5
333,5.548957997072966,329,792,540,879,434.5,835.5,-427.5
334,5.565621534601714,324,707,541,793,432.5,750.0,-513.0
335,5.582285072130461,322,631,542,712,432.0,671.5,-591.5
336,5.598948609659209,316,562,545,642,430.5,602.0,-661.0
337,5.615612147187957,311,506,547,584,429.0,545.0,-718.0
338,5.632275684716705,306,462,555,538,430.5,500.0,-763.0
339,5.648939222245453,304,428,561,501,432.5,464.5,-798.5
340,5.6656027597742,298,409,565,478,431.5,443.5,-819.5
341,5.682266297302948,302,399,567,466,434.5,432.5,-830.5
342,5.698929834831695,305,402,569,468,437.0,435.0,-828.0
343,5.715593372360443,311,412,570,490,440.5,451.0,-812.0
344,5.73225690988919,322,447,566,527,444.0,487.0,-776.0
345,5.748920447417938,334,497,562,587,448.0,542.0,-721.0
346,5.7655839849466854,336,560,558,648,447.0,604.0,-659.0
347,5.7822475224754335,345,637,560,728,452.5,682.5,-580.5
348,5.7989110600041816,344,707,554,808,449.0,757.5,-505.5
349,5.815574597532929,345,796,557,892,451.0,844.0,-419.0
350,5.832238135061677,345,886,564,971,454.5,928.5,-334.5
351,5.848901672590424,343,964,570,1045,456.5,1004.5,-258.5
352,5.865565210119172,344,1029,571,1117,457.5,1073.0,-190.0
353,5.882228747647919,344,1098,576,1179,460.0,1138.5,-124.5
354,5.898892285176667,340,1168,579,1237,459.5,1202.5,-60.5
355,5.915555822705414,337,1216,583,1282,460.0,1249.0,-14.0
356,5.932219360234162,328,1254,586,1313,457.0,1283.5,20.5
357,5.94888289776291,324,1271,586,1329,455.0,1300.0,37.0
358,5.965546435291658,320,1270,582,1328,451.0,1299.0,36.0
359,5.982209972820406,320,1238,577,1310,448.5,1274.0,11.0
360,5.998873510349153,328,1195,568,1272,448.0,1233.5,-29.5
361,6.015537047877901,330,1139,564,1223,447.0,1181.0,-82.0
362,6.032200585406648,328,1080,554,1161,441.0,1120.5,-142.5
363,6.048864122935396,327,1013,550,1092,438.5,1052.5,-210.5
364,6.065527660464143,327,936,544,1021,435.5,978.5,-284.5
365,6.082191197992891,324,858,538,943,431.0,900.5,-362.5
366,6.0988547355216385,322,777,540,864,431.0,820.5,-442.5
367,6.1155182730503865,318,686,536,791,427.0,738.5,-524.5
368,6.132181810579134,319,618,542,707,430.5,662.5,-600.5
369,6.148845348107882,315,550,542,635,428.5,592.5,-670.5
370,6.16550888563663,311,486,546,570,428.5,528.0,-735.0
371,6.182172423165377,305,446,548,519,426.5,482.5,-780.5
372,6.198835960694125,297,409,558,482,427.5,445.5,-817.5
373,6.215499498222872,296,401,559,466,427.5,433.5,-829.5
374,6.23216303575162,297,402,560,468,428.5,435.0,-828.0
375,6.248826573280367,304,412,560,484,432.0,448.0,-815.0
376,6.265490110809115,312,440,563,514,437.5,477.0,-786.0
377,6.282153648337863,318,479,561,558,439.5,518.5,-744.5
378,6.298817185866611,328,526,562,607,445.0,566.5,-696.5
379,6.315480723395358,337,589,561,670,449.0,629.5,-633.5
380,6.332144260924106,344,656,560,741,452.0,698.5,-564.5
381,6.348807798452854,349,733,562,816,455.5,774.5,-488.5
382,6.365471335981601,350,810,563,900,456.5,855.0,-408.0
383,6.382134873510349,354,896,565,984,459.5,940.0,-323.0
384,6.398798411039096,354,982,569,1070,461.5,1026.0,-237.0
385,6.415461948567844,350,1063,576,1141,463.0,1102.0,-161.0
386,6.4321254860965915,346,1135,578,1205,462.0,1170.0,-93.0
387,6.44878902362534,340,1186,585,1254,462.5,1220.0,-43.0
388,6.465452561154087,338,1225,589,1288,463.5,1256.5,-6.5
389,6.482116098682835,332,1248,590,1308,461.0,1278.0,15.0
390,6.498779636211582,334,1254,588,1315,461.0,1284.5,21.5
391,6.51544317374033,328,1248,588,1309,458.0,1278.5,15.5
392,6.532106711269078,331,1228,584,1289,457.5,1258.5,-4.5
393,6.548770248797825,327,1194,579,1258,453.0,1226.0,-37.0
394,6.565433786326573,328,1143,569,1215,448.5,1179.0,-84.0
395,6.58209732385532,332,1063,556,1154,444.0,1108.5,-154.5
396,6.5987608613840685,337,990,548,1082,442.5,1036.0,-227.0
397,6.615424398912816,334,914,541,1006,437.5,960.0,-303.0
398,6.632087936441564,334,829,538,917,436.0,873.0,-390.0
399,6.648751473970311,329,746,538,831,433.5,788.5,-474.5
400,6.665415011499059,320,661,537,756,428.5,708.5,-554.5
401,6.682078549027806,313,588,540,682,426.5,635.0,-628.0
402,6.698742086556554,308,539,539,620,423.5,579.5,-683.5
403,6.715405624085302,302,489,546,568,424.0,528.5,-734.5
404,6.732069161614049,298,449,550,525,424.0,487.0,-776.0
405,6.748732699142797,292,418,552,495,422.0,456.5,-806.5
406,6.7653962366715445,290,405,553,476,421.5,440.5,-822.5
407,6.782059774200293,292,405,554,472,423.0,438.5,-824.5
408,6.79872331172904,296,416,557,482,426.5,449.0,-814.0
409,6.815386849257788,304,429,556,513,430.0,471.0,-792.0
410,6.832050386786535,314,480,557,560,435.5,520.0,-743.0
411,6.848713924315283,322,536,549,622,435.5,579.0,-684.0
412,6.86537746184403,330,612,550,697,440.0,654.5,-608.5
413,6.882040999372778,338,682,547,772,442.5,727.0,-536.0
414,6.898704536901526,339,765,552,850,445.5,807.5,-455.5
415,6.9153680744302735,344,837,563,934,453.5,885.5,-377.5
416,6.9320316119590215,347,930,569,1009,458.0,969.5,-293.5
417,6.948695149487769,350,1001,574,1080,462.0,1040.5,-222.5
418,6.965358687016517,349,1072,576,1146,462.5,1109.0,-154.0
419,6.982022224545264,348,1127,579,1207,463.5,1167.0,-96.0
420,6.998685762074012,343,1186,583,1256,463.0,1221.0,-42.0
421,7.015349299602759,338,1233,592,1296,465.0,1264.5,1.5
422,7.032012837131507,333,1255,594,1317,463.5,1286.0,23.0
423,7.048676374660254,330,1264,593,1322,461.5,1293.0,30.0
424,7.065339912189002,334,1249,589,1311,461.5,1280.0,17.0
425,7.08200344971775,335,1210,585,1280,460.0,1245.0,-18.0
426,7.098666987246498,338,1161,575,1238,456.5,1199.5,-63.5
427,7.115330524775246,338,1102,573,1181,455.5,1141.5,-121.5
428,7.131994062303993,342,1039,568,1119,455.0,1079.0,-184.0
429,7.148657599832741,340,970,559,1051,449.5,1010.5,-252.5
430,7.165321137361488,334,902,552,982,443.0,942.0,-321.0
431,7.181984674890236,330,824,549,906,439.5,865.0,-398.0
432,7.198648212418983,329,743,544,828,436.5,785.5,-477.5
433,7.215311749947731,328,663,543,747,435.5,705.0,-558.0
434,7.231975287476478,322,589,540,674,431.0,631.5,-631.5
435,7.2486388250052265,312,514,544,604,428.0,559.0,-704.0
436,7.2653023625339745,306,469,546,546,426.0,507.5,-755.5
437,7.281965900062722,293,432,551,505,422.0,468.5,-794.5
438,7.29862943759147,290,415,552,481,421.0,448.0,-815.0
439,7.315292975120217,290,411,553,477,421.5,444.0,-819.0
440,7.331956512648965,293,418,554,486,423.5,452.0,-811.0
441,7.348620050177712,298,436,553,508,425.5,472.0,-791.0
442,7.36528358770646,302,468,552,542,427.0,505.0,-758.0
443,7.381947125235207,310,511,550,586,430.0,548.5,-714.5
444,7.398610662763955,318,562,548,642,433.0,602.0,-661.0
445,7.415274200292703,327,623,547,708,437.0,665.5,-597.5
446,7.431937737821451,333,702,550,782,441.5,742.0,-521.0
447,7.448601275350198,338,778,552,862,445.0,820.0,-443.0
448,7.465264812878946,344,854,557,945,450.5,899.5,-363.5
449,7.481928350407694,348,941,559,1027,453.5,984.0,-279.0
450,7.498591887936441,344,1029,564,1105,454.0,1067.0,-196.0
451,7.515255425465189,344,1086,576,1172,460.0,1129.0,-134.0
452,7.531918962993936,341,1152,583,1224,462.0,1188.0,-75.0
453,7.548582500522684,338,1200,589,1262,463.5,1231.0,-32.0
454,7.5652460380514315,337,1227,594,1290,465.5,1258.5,-4.5
455,7.5819095755801795,334,1241,595,1304,464.5,1272.5,9.5
456,7.598573113108927,334,1243,594,1304,464.0,1273.5,10.5
457,7.615236650637675,334,1233,594,1294,464.0,1263.5,0.5
458,7.631900188166422,333,1206,589,1268,461.0,1237.0,-26.0
459,7.64856372569517,341,1131,582,1232,461.5,1181.5,-81.5
460,7.665227263223918,344,1096,575,1181,459.5,1138.5,-124.5
461,7.681890800752665,339,1012,563,1115,451.0,1063.5,-199.5
462,7.698554338281413,347,949,558,1035,452.5,992.0,-271.0
463,7.71521787581016,341,872,556,954,448.5,913.0,-350.0
464,7.731881413338908,338,776,550,872,444.0,824.0,-439.0
465,7.748544950867656,331,705,549,792,440.0,748.5,-514.5
466,7.765208488396404,327,628,550,720,438.5,674.0,-589.0
467,7.781872025925151,314,567,550,656,432.0,611.5,-651.5
468,7.798535563453899,310,503,552,603,431.0,553.0,-710.0
469,7.815199100982646,307,476,554,552,430.5,514.0,-749.0
470,7.831862638511394,298,442,553,514,425.5,478.0,-785.0
471,7.848526176040142,291,423,554,490,422.5,456.5,-806.5
472,7.865189713568889,288,412,553,479,420.5,445.5,-817.5
473,7.881853251097637,289,416,552,484,420.5,450.0,-813.0
474,7.8985167886263845,293,430,549,505,421.0,467.5,-795.5
475,7.915180326155133,302,465,548,546,425.0,505.5,-757.5
476,7.93184386368388,312,509,546,601,429.0,555.0,-708.0
477,7.948507401212628,317,590,543,668,430.0,629.0,-634.0
478,7.965170938741375,326,641,542,738,434.0,689.5,-573.5
479,7.981834476270123,323,725,547,816,435.0,770.5,-492.5
480,7.99849801379887,329,813,549,892,439.0,852.5,-410.5
481,8.015161551327619,341,887,553,968,447.0,927.5,-335.5
482,8.031825088856365,344,957,561,1039,452.5,998.0,-265.0
483,8.048488626385113,343,1026,566,1107,454.5,1066.5,-196.5
484,8.065152163913861,342,1091,572,1170,457.0,1130.5,-132.5
485,8.08181570144261,341,1149,581,1227,461.0,1188.0,-75.0
486,8.098479238971356,340,1207,582,1273,461.0,1240.0,-23.0
487,8.115142776500104,332,1241,590,1302,461.0,1271.5,8.5
488,8.131806314028852,330,1256,590,1314,460.0,1285.0,22.0
489,8.1484698515576,330,1249,591,1308,460.5,1278.5,15.5
490,8.165133389086346,336,1228,590,1288,463.0,1258.0,-5.0
491,8.181796926615094,340,1189,584,1252,462.0,1220.5,-42.5
492,8.198460464143842,350,1136,581,1202,465.5,1169.0,-94.0
493,8.21512400167259,352,1072,575,1150,463.5,1111.0,-152.0
494,8.231787539201338,347,1002,570,1082,458.5,1042.0,-221.0
495,8.248451076730085,347,930,568,1016,457.5,973.0,-290.0
496,8.265114614258833,344,857,562,943,453.0,900.0,-363.0
497,8.28177815178758,339,783,560,866,449.5,824.5,-438.5
498,8.298441689316329,337,698,552,785,444.5,741.5,-521.5
499,8.315105226845075,335,624,551,708,443.0,666.0,-597.0
500,8.331768764373823,323,551,549,637,436.0,594.0,-669.0
501,8.348432301902571,318,496,549,578,433.5,537.0,-726.0
502,8.36509583943132,304,450,554,529,429.0,489.5,-773.5
503,8.381759376960067,296,432,557,500,426.5,466.0,-797.0
504,8.398422914488814,293,423,556,488,424.5,455.5,-807.5
505,8.415086452017562,293,423,557,490,425.0,456.5,-806.5
506,8.43174998954631,294,433,554,507,424.0,470.0,-793.0
507,8.448413527075058,297,454,552,534,424.5,494.0,-769.0
508,8.465077064603804,304,494,550,568,427.0,531.0,-732.0
509,8.481740602132552,308,537,548,618,428.0,577.5,-685.5
510,8.4984041396613,318,594,543,677,430.5,635.5,-627.5
511,8.515067677190048,324,663,543,747,433.5,705.0,-558.0
512,8.531731214718794,328,738,549,824,438.5,781.0,-482.0
513,8.548394752247543,332,822,541,906,436.5,864.0,-399.0
514,8.56505828977629,328,890,545,990,436.5,940.0,-323.0
515,8.581721827305039,330,968,553,1068,441.5,1018.0,-245.0
516,8.598385364833787,330,1036,559,1137,444.5,1086.5,-176.5
517,8.615048902362533,328,1121,572,1194,450.0,1157.5,-105.5
518,8.631712439891281,326,1178,577,1239,451.5,1208.5,-54.5
519,8.648375977420029,327,1208,584,1270,455.5,1239.0,-24.0
520,8.665039514948777,328,1230,588,1290,458.0,1260.0,-3.0
521,8.681703052477523,330,1238,590,1298,460.0,1268.0,5.0
522,8.698366590006271,328,1234,591,1295,459.5,1264.5,1.5
523,8.71503012753502,329,1215,590,1277,459.5,1246.0,-17.0
524,8.731693665063768,337,1182,589,1245,463.0,1213.5,-49.5
525,8.748357202592514,343,1132,582,1198,462.5,1165.0,-98.0
526,8.765020740121262,342,1052,573,1140,457.5,1096.0,-167.0
527,8.78168427765001,350,979,566,1070,458.0,1024.5,-238.5
528,8.798347815178758,344,902,561,990,452.5,946.0,-317.0
529,8.815011352707506,342,810,560,908,451.0,859.0,-404.0
530,8.831674890236252,343,742,561,828,452.0,785.0,-478.0
531,8.848338427765,338,670,557,757,447.5,713.5,-549.5
532,8.865001965293748,329,601,559,689,444.0,645.0,-618.0
533,8.881665502822496,328,535,562,630,445.0,582.5,-680.5
534,8.898329040351243,320,483,565,578,442.5,530.5,-732.5
535,8.91499257787999,312,461,562,536,437.0,498.5,-764.5
536,8.931656115408739,303,438,562,506,432.5,472.0,-791.0
537,8.948319652937487,298,423,560,488,429.0,455.5,-807.5
538,8.964983190466235,296,421,560,486,428.0,453.5,-809.5
539,8.981646727994981,296,436,557,501,426.5,468.5,-794.5
540,8.99831026552373,300,460,551,533,425.5,496.5,-766.5
541,9.014973803052477,309,504,544,581,426.5,542.5,-720.5
542,9.031637340581225,308,568,546,642,427.0,605.0,-658.0
543,9.048300878109972,320,624,538,707,429.0,665.5,-597.5
544,9.06496441563872,322,696,543,782,432.5,739.0,-524.0
545,9.081627953167468,323,776,544,856,433.5,816.0,-447.0
546,9.098291490696216,328,844,544,928,436.0,886.0,-377.0
547,9.114955028224962,329,918,554,1003,441.5,960.5,-302.5
548,9.13161856575371,332,990,559,1071,445.5,1030.5,-232.5
549,9.148282103282458,330,1053,558,1140,444.0,1096.5,-166.5
550,9.164945640811206,330,1120,564,1197,447.0,1158.5,-104.5
551,9.181609178339954,328,1184,571,1248,449.5,1216.0,-47.0
552,9.1982727158687,321,1220,575,1284,448.0,1252.0,-11.0
553,9.214936253397449,321,1244,581,1303,451.0,1273.5,10.5
554,9.231599790926197,322,1245,581,1304,451.5,1274.5,11.5
555,9.248263328454945,328,1230,584,1290,456.0,1260.0,-3.0
556,9.264926865983691,337,1196,584,1260,460.5,1228.0,-35.0
557,9.281590403512439,338,1152,584,1218,461.0,1185.0,-78.0
558,9.298253941041187,343,1095,578,1167,460.5,1131.0,-132.0
559,9.314917478569935,345,1031,575,1112,460.0,1071.5,-191.5
560,9.331581016098683,345,964,570,1047,457.5,1005.5,-257.5
561,9.34824455362743,344,895,567,977,455.5,936.0,-327.0
562,9.364908091156178,349,818,563,902,456.0,860.0,-403.0
563,9.381571628684926,344,736,559,824,451.5,780.0,-483.0
564,9.398235166213674,341,655,560,746,450.5,700.5,-562.5
565,9.41489870374242,336,580,561,670,448.5,625.0,-638.0
566,9.431562241271168,328,516,562,608,445.0,562.0,-701.0
567,9.448225778799916,319,463,562,558,440.5,510.5,-752.5
568,9.464889316328664,309,449,567,520,438.0,484.5,-778.5
569,9.48155285385741,304,436,567,502,435.5,469.0,-794.0
570,9.498216391386158,302,431,565,497,433.5,464.0,-799.0
571,9.514879928914906,301,439,563,505,432.0,472.0,-791.0
572,9.531543466443654,304,456,562,524,433.0,490.0,-773.0
573,9.548207003972403,304,472,558,556,431.0,514.0,-749.0
574,9.564870541501149,311,525,552,597,431.5,561.0,-702.0
575,9.581534079029897,314,574,550,650,432.0,612.0,-651.0
576,9.598197616558645,321,635,545,715,433.0,675.0,-588.0
577,9.614861154087393,324,710,542,793,433.0,751.5,-511.5
578,9.63152469161614,322,790,542,872,432.0,831.0,-432.0
579,9.648188229144887,323,864,545,954,434.0,909.0,-354.0
580,9.664851766673635,323,930,546,1030,434.5,980.0,-283.0
581,9.681515304202383,323,1010,550,1102,436.5,1056.0,-207.0
582,9.698178841731131,324,1080,558,1163,441.0,1121.5,-141.5
583,9.714842379259878,320,1144,566,1210,443.0,1177.0,-86.0
584,9.731505916788626,319,1188,574,1248,446.5,1218.0,-45.0
585,9.748169454317374,318,1213,577,1272,447.5,1242.5,-20.5
586,9.764832991846122,320,1226,578,1288,449.0,1257.0,-6.0
587,9.781496529374868,320,1231,578,1292,449.0,1261.5,-1.5
588,9.798160066903616,323,1220,581,1281,452.0,1250.5,-12.5
589,9.814823604432364,326,1191,581,1256,453.5,1223.5,-39.5
590,9.831487141961112,332,1146,579,1215,455.5,1180.5,-82.5
591,9.848150679489859,336,1082,571,1162,453.5,1122.0,-141.0
592,9.864814217018607,344,1015,567,1098,455.5,1056.5,-206.5
593,9.881477754547355,349,937,567,1023,458.0,980.0,-283.0
594,9.898141292076103,347,860,562,947,454.5,903.5,-359.5
595,9.91480482960485,344,782,566,868,455.0,825.0,-438.0
596,9.931468367133597,342,709,564,793,453.0,751.0,-512.0
597,9.948131904662345,337,645,566,726,451.5,685.5,-577.5
598,9.964795442191093,333,583,568,664,450.5,623.5,-639.5
599,9.981458979719841,330,530,568,608,449.0,569.0,-694.0
600,9.998122517248587,320,488,569,561,444.5,524.5,-738.5
601,10.014786054777336,313,454,566,525,439.5,489.5,-773.5
602,10.031449592306084,309,435,570,501,439.5,468.0,-795.0
603,10.048113129834832,309,427,570,492,439.5,459.5,-803.5
604,10.06477666736358,306,435,566,500,436.0,467.5,-795.5
605,10.081440204892326,307,450,564,524,435.5,487.0,-776.0
606,10.098103742421074,315,489,558,565,436.5,527.0,-736.0
607,10.114767279949822,322,544,550,617,436.0,580.5,-682.5
608,10.13143081747857,324,592,549,682,436.5,637.0,-626.0
609,10.148094355007316,325,674,555,750,440.0,712.0,-551.0
610,10.164757892536064,324,743,546,822,435.0,782.5,-480.5
611,10.181421430064812,323,814,544,894,433.5,854.0,-409.0
612,10.19808496759356,324,883,548,967,436.0,925.0,-338.0
613,10.214748505122307,327,956,552,1036,439.5,996.0,-267.0
614,10.231412042651055,326,1024,549,1103,437.5,1063.5,-199.5
615,10.248075580179803,325,1091,560,1168,442.5,1129.5,-133.5
616,10.264739117708551,322,1152,562,1221,442.0,1186.5,-76.5
617,10.281402655237299,313,1201,568,1262,440.5,1231.5,-31.5
618,10.298066192766045,312,1226,572,1289,442.0,1257.5,-5.5
619,10.314729730294793,312,1237,576,1297,444.0,1267.0,4.0
620,10.331393267823541,314,1228,576,1290,445.0,1259.0,-4.0
621,10.34805680535229,321,1203,575,1266,448.0,1234.5,-28.5
622,10.364720342881036,328,1168,574,1232,451.0,1200.0,-63.0
623,10.381383880409784,331,1112,573,1188,452.0,1150.0,-113.0
624,10.398047417938532,336,1056,566,1136,451.0,1096.0,-167.0
625,10.41471095546728,337,997,564,1076,450.5,1036.5,-226.5
626,10.431374492996028,335,914,563,1008,449.0,961.0,-302.0
627,10.448038030524774,343,843,558,936,450.5,889.5,-373.5
628,10.464701568053522,341,775,556,858,448.5,816.5,-446.5
629,10.48136510558227,344,702,557,781,450.5,741.5,-521.5
630,10.498028643111018,344,620,560,707,452.0,663.5,-599.5
631,10.514692180639765,333,561,563,639,448.0,600.0,-663.0
632,10.531355718168513,326,512,568,584,447.0,548.0,-715.0
633,10.54801925569726,317,477,574,544,445.5,510.5,-752.5
634,10.564682793226009,312,454,575,518,443.5,486.0,-777.0
635,10.581346330754755,311,443,574,508,442.5,475.5,-787.5
636,10.598009868283503,311,442,574,508,442.5,475.0,-788.0
637,10.614673405812251,310,453,573,521,441.5,487.0,-776.0
638,10.631336943341,312,464,568,545,440.0,504.5,-758.5
639,10.648000480869747,316,506,562,580,439.0,543.0,-720.0
640,10.664664018398494,323,556,558,629,440.5,592.5,-670.5
641,10.681327555927242,328,608,552,690,440.0,649.0,-614.0
642,10.69799109345599,332,680,550,761,441.0,720.5,-542.5
643,10.714654630984738,334,756,546,837,440.0,796.5,-466.5
644,10.731318168513484,334,833,544,920,439.0,876.5,-386.5
645,10.747981706042232,330,912,552,993,441.0,952.5,-310.5
646,10.76464524357098,329,986,550,1069,439.5,1027.5,-235.5
647,10.781308781099728,327,1051,557,1128,442.0,1089.5,-173.5
648,10.797972318628474,322,1111,561,1182,441.5,1146.5,-116.5
649,10.814635856157222,320,1159,567,1224,443.5,1191.5,-71.5
650,10.83129939368597,315,1194,569,1256,442.0,1225.0,-38.0
651,10.847962931214719,313,1215,570,1276,441.5,1245.5,-17.5
652,10.864626468743467,311,1224,570,1286,440.5,1255.0,-8.0
653,10.881290006272213,311,1222,571,1282,441.0,1252.0,-11.0
654,10.897953543800961,316,1201,572,1264,444.0,1232.5,-30.5
655,10.914617081329709,321,1167,567,1230,444.0,1198.5,-64.5
656,10.931280618858457,329,1102,560,1182,444.5,1142.0,-121.0
657,10.947944156387203,335,1046,558,1122,446.5,1084.0,-179.0
658,10.964607693915951,339,966,556,1052,447.5,1009.0,-254.0
659,10.9812712314447,339,893,558,976,448.5,934.5,-328.5
660,10.997934768973447,338,820,557,903,447.5,861.5,-401.5
661,11.014598306502196,338,742,553,830,445.5,786.0,-477.0
662,11.031261844030942,333,681,561,758,447.0,719.5,-543.5
663,11.04792538155969,331,614,559,695,445.0,654.5,-608.5
664,11.064588919088438,325,557,568,640,446.5,598.5,-664.5
665,11.081252456617186,321,507,566,586,443.5,546.5,-716.5
666,11.097915994145932,320,467,572,544,446.0,505.5,-757.5
667,11.11457953167468,314,447,575,514,444.5,480.5,-782.5
668,11.131243069203428,313,435,576,500,444.5,467.5,-795.5
669,11.147906606732176,313,436,576,501,444.5,468.5,-794.5
670,11.164570144260923,314,453,576,520,445.0,486.5,-776.5
671,11.18123368178967,326,481,569,555,447.5,518.0,-745.0
672,11.197897219318419,328,503,564,600,446.0,551.5,-711.5
673,11.214560756847167,331,559,558,658,444.5,608.5,-654.5
674,11.231224294375915,334,628,562,722,448.0,675.0,-588.0
675,11.247887831904661,334,701,552,790,443.0,745.5,-517.5
676,11.26455136943341,334,763,557,861,445.5,812.0,-451.0
677,11.281214906962157,334,850,556,930,445.0,890.0,-373.0
678,11.297878444490905,333,915,556,1003,444.5,959.0,-304.0
679,11.314541982019652,329,985,555,1070,442.0,1027.5,-235.5
680,11.3312055195484,328,1059,557,1137,442.5,1098.0,-165.0
681,11.347869057077148,322,1121,564,1196,443.0,1158.5,-104.5
682,11.364532594605896,320,1169,567,1240,443.5,1204.5,-58.5
683,11.381196132134644,313,1208,570,1272,441.5,1240.0,-23.0
684,11.39785966966339,311,1227,573,1286,442.0,1256.5,-6.5
685,11.414523207192138,311,1225,573,1285,442.0,1255.0,-8.0
686,11.431186744720886,313,1207,571,1270,442.0,1238.5,-24.5
687,11.447850282249634,313,1177,569,1241,441.0,1209.0,-54.0
688,11.46451381977838,320,1135,566,1202,443.0,1168.5,-94.5
689,11.481177357307129,322,1089,562,1154,442.0,1121.5,-141.5
690,11.497840894835877,322,1022,556,1101,439.0,1061.5,-201.5
691,11.514504432364625,330,955,552,1039,441.0,997.0,-266.0
692,11.531167969893371,330,888,552,970,441.0,929.0,-334.0
693,11.547831507422119,333,807,547,893,440.0,850.0,-413.0
694,11.564495044950867,335,730,550,816,442.5,773.0,-490.0
695,11.581158582479615,331,660,552,743,441.5,701.5,-561.5
696,11.597822120008363,330,591,561,670,445.5,630.5,-632.5
697,11.61448565753711,326,534,563,612,444.5,573.0,-690.0
698,11.631149195065857,320,491,570,570,445.0,530.5,-732.5
699,11.647812732594605,313,459,574,538,443.5,498.5,-764.5
700,11.664476270123354,311,456,575,520,443.0,488.0,-775.0
701,11.6811398076521,311,450,576,516,443.5,483.0,-780.0
702,11.697803345180848,312,456,577,520,444.5,488.0,-775.0
703,11.714466882709596,316,455,574,538,445.0,496.5,-766.5
704,11.731130420238344,319,486,572,568,445.5,527.0,-736.0
705,11.747793957767092,328,536,567,612,447.5,574.0,-689.0
706,11.764457495295838,334,584,561,665,447.5,624.5,-638.5
707,11.781121032824586,338,648,558,730,448.0,689.0,-574.0
708,11.797784570353334,340,724,560,805,450.0,764.5,-498.5
709,11.814448107882082,343,804,558,883,450.5,843.5,-419.5
710,11.831111645410829,343,876,559,959,451.0,917.5,-345.5
711,11.847775182939577,342,950,566,1031,454.0,990.5,-272.5
712,11.864438720468325,336,1016,564,1096,450.0,1056.0,-207.0
713,11.881102257997073,334,1074,567,1151,450.5,1112.5,-150.5
714,11.89776579552582,325,1127,570,1198,447.5,1162.5,-100.5
715,11.914429333054567,322,1170,573,1234,447.5,1202.0,-61.0
716,11.931092870583315,318,1197,573,1261,445.5,1229.0,-34.0
717,11.947756408112063,313,1215,573,1276,443.0,1245.5,-17.5
718,11.964419945640811,312,1219,572,1280,442.0,1249.5,-13.5
719,11.981083483169558,311,1207,572,1266,441.5,1236.5,-26.5
720,11.997747020698306,311,1176,567,1242,439.0,1209.0,-54.0
721,12.014410558227054,320,1123,559,1198,439.5,1160.5,-102.5
722,12.031074095755802,325,1066,554,1143,439.5,1104.5,-158.5
723,12.047737633284548,328,1001,550,1077,439.0,1039.0,-224.0
724,12.064401170813296,329,925,551,1008,440.0,966.5,-296.5
725,12.081064708342044,329,856,550,938,439.5,897.0,-366.0
726,12.097728245870792,327,785,550,863,438.5,824.0,-439.0
727,12.11439178339954,325,717,552,796,438.5,756.5,-506.5
728,12.131055320928287,320,648,551,731,435.5,689.5,-573.5
729,12.147718858457035,318,588,552,670,435.0,629.0,-634.0
730,12.164382395985783,314,535,558,616,436.0,575.5,-687.5
731,12.18104593351453,310,472,559,569,434.5,520.5,-742.5
732,12.197709471043277,312,459,567,532,439.5,495.5,-767.5
733,12.214373008572025,307,446,573,511,440.0,478.5,-784.5
734,12.231036546100773,308,440,572,506,440.0,473.0,-790.0
735,12.247700083629521,312,452,574,519,443.0,485.5,-777.5
736,12.264363621158267,320,468,570,545,445.0,506.5,-756.5
737,12.281027158687015,327,495,569,588,448.0,541.5,-721.5
738,12.297690696215763,335,546,567,636,451.0,591.0,-672.0
739,12.314354233744512,329,616,561,696,445.0,656.0,-607.0
740,12.33101777127326,338,675,565,760,451.5,717.5,-545.5
741,12.347681308802006,338,750,566,828,452.0,789.0,-474.0
742,12.364344846330754,341,816,565,896,453.0,856.0,-407.0
743,12.381008383859502,342,886,560,966,451.0,926.0,-337.0
744,12.39767192138825,342,957,562,1038,452.0,997.5,-265.5
745,12.414335458916996,341,1021,567,1103,454.0,1062.0,-201.0
746,12.430998996445744,337,1086,574,1164,455.5,1125.0,-138.0
747,12.447662533974492,328,1146,574,1214,451.0,1180.0,-83.0
748,12.46432607150324,321,1186,577,1250,449.0,1218.0,-45.0
749,12.480989609031989,318,1209,578,1272,448.0,1240.5,-22.5
750,12.497653146560735,317,1216,578,1278,447.5,1247.0,-16.0
751,12.514316684089483,317,1207,576,1268,446.5,1237.5,-25.5
752,12.53098022161823,317,1184,571,1247,444.0,1215.5,-47.5
753,12.547643759146979,316,1152,568,1214,442.0,1183.0,-80.0
754,12.564307296675725,320,1102,561,1175,440.5,1138.5,-124.5
755,12.580970834204473,323,1044,557,1125,440.0,1084.5,-178.5
756,12.597634371733221,323,984,548,1067,435.5,1025.5,-237.5
757,12.61429790926197,326,917,550,1001,438.0,959.0,-304.0
758,12.630961446790716,326,846,542,927,434.0,886.5,-376.5
759,12.647624984319464,328,762,541,850,434.5,806.0,-457.0
760,12.664288521848212,327,692,543,776,435.0,734.0,-529.0
761,12.68095205937696,321,621,549,705,435.0,663.0,-600.0
762,12.697615596905708,318,566,550,643,434.0,604.5,-658.5
763,12.714279134434454,310,518,560,595,435.0,556.5,-706.5
764,12.730942671963202,305,486,564,560,434.5,523.0,-740.0
765,12.74760620949195,303,469,566,536,434.5,502.5,-760.5
766,12.764269747020698,303,461,567,525,435.0,493.0,-770.0
767,12.780933284549445,304,460,569,525,436.5,492.5,-770.5
768,12.797596822078193,308,470,571,536,439.5,503.0,-760.0
769,12.81426035960694,312,487,572,558,442.0,522.5,-740.5
770,12.830923897135689,320,511,567,594,443.5,552.5,-710.5
771,12.847587434664435,328,559,564,644,446.0,601.5,-661.5
772,12.864250972193183,338,619,561,704,449.5,661.5,-601.5
773,12.880914509721931,344,694,561,774,452.5,734.0,-529.0
774,12.89757804725068,344,771,562,848,453.0,809.5,-453.5
775,12.914241584779427,345,839,566,927,455.5,883.0,-380.0
776,12.930905122308173,342,913,570,1000,456.0,956.5,-306.5
777,12.947568659836922,342,982,569,1064,455.5,1023.0,-240.0
778,12.96423219736567,339,1047,576,1120,457.5,1083.5,-179.5
779,12.980895734894418,337,1089,578,1170,457.5,1129.5,-133.5
780,12.997559272423164,333,1146,581,1211,457.0,1178.5,-84.5
781,13.014222809951912,327,1180,581,1243,454.0,1211.5,-51.5
782,13.03088634748066,322,1204,582,1264,452.0,1234.0,-29.0
783,13.047549885009408,319,1213,582,1274,450.5,1243.5,-19.5
784,13.064213422538156,316,1206,579,1268,447.5,1237.0,-26.0
785,13.080876960066902,317,1185,572,1248,444.5,1216.5,-46.5
786,13.09754049759565,320,1109,570,1212,445.0,1160.5,-102.5
787,13.114204035124398,328,1084,562,1161,445.0,1122.5,-140.5
788,13.130867572653147,330,1021,555,1102,442.5,1061.5,-201.5
789,13.147531110181893,328,958,552,1034,440.0,996.0,-267.0
790,13.16419464771064,326,887,546,966,436.0,926.5,-336.5
791,13.180858185239389,326,815,546,897,436.0,856.0,-407.0
792,13.197521722768137,317,743,545,828,431.0,785.5,-477.5
793,13.214185260296883,315,682,544,761,429.5,721.5,-541.5
794,13.230848797825631,317,619,544,701,430.5,660.0,-603.0
795,13.24751233535438,309,563,548,643,428.5,603.0,-660.0
796,13.264175872883127,311,515,555,594,433.0,554.5,-708.5
797,13.280839410411875,302,479,558,554,430.0,516.5,-746.5
798,13.297502947940622,299,458,561,526,430.0,492.0,-771.0
799,13.31416648546937,299,449,564,514,431.5,481.5,-781.5
800,13.330830022998118,301,454,567,520,434.0,487.0,-776.0
801,13.347493560526866,306,445,568,541,437.0,493.0,-770.0
802,13.364157098055612,316,502,567,576,441.5,539.0,-724.0
803,13.38082063558436,320,546,566,621,443.0,583.5,-679.5
804,13.397484173113108,328,589,565,672,446.5,630.5,-632.5
805,13.414147710641856,332,650,563,734,447.5,692.0,-571.0
806,13.430811248170604,336,714,564,798,450.0,756.0,-507.0
807,13.44747478569935,338,782,564,865,451.0,823.5,-439.5
808,13.464138323228099,342,849,566,933,454.0,891.0,-372.0
809,13.480801860756847,350,918,567,1004,458.5,961.0,-302.0
810,13.497465398285595,344,987,572,1070,458.0,1028.5,-234.5
811,13.514128935814341,344,1058,575,1137,459.5,1097.5,-165.5
812,13.530792473343089,339,1113,581,1190,460.0,1151.5,-111.5
813,13.547456010871837,332,1155,587,1230,459.5,1192.5,-70.5
814,13.564119548400585,328,1194,587,1255,457.5,1224.5,-38.5
815,13.580783085929331,327,1207,586,1266,456.5,1236.5,-26.5
816,13.59744662345808,327,1203,584,1264,455.5,1233.5,-29.5
817,13.614110160986828,325,1185,582,1248,453.5,1216.5,-46.5
818,13.630773698515576,327,1160,578,1224,452.5,1192.0,-71.0
819,13.647437236044324,328,1122,572,1188,450.0,1155.0,-108.0
820,13.66410077357307,325,1075,565,1143,445.0,1109.0,-154.0
821,13.680764311101818,326,1008,561,1092,443.5,1050.0,-213.0
822,13.697427848630566,330,944,554,1028,442.0,986.0,-277.0
823,13.714091386159314,324,874,546,957,435.0,915.5,-347.5
824,13.73075492368806,328,800,541,882,434.5,841.0,-422.0
825,13.747418461216808,321,712,543,808,432.0,760.0,-503.0
826,13.764081998745556,320,656,549,739,434.5,697.5,-565.5
827,13.780745536274305,314,593,552,674,433.0,633.5,-629.5
828,13.797409073803053,307,550,552,622,429.5,586.0,-677.0
829,13.814072611331799,302,509,555,580,428.5,544.5,-718.5
830,13.830736148860547,296,488,557,554,426.5,521.0,-742.0
831,13.847399686389295,294,472,559,536,426.5,504.0,-759.0
832,13.864063223918043,295,466,560,531,427.5,498.5,-764.5
833,13.88072676144679,296,472,561,536,428.5,504.0,-759.0
834,13.897390298975537,302,484,562,553,432.0,518.5,-744.5
835,13.914053836504285,308,507,558,582,433.0,544.5,-718.5
836,13.930717374033033,316,529,558,626,437.0,577.5,-685.5
837,13.94738091156178,322,587,552,682,437.0,634.5,-628.5
838,13.964044449090528,330,665,552,747,441.0,706.0,-557.0
839,13.980707986619276,337,738,560,820,448.5,779.0,-484.0
840,13.997371524148024,344,807,563,890,453.5,848.5,-414.5
841,14.014035061676772,343,875,563,964,453.0,919.5,-343.5
842,14.030698599205518,344,954,574,1032,459.0,993.0,-270.0
843,14.047362136734266,340,1007,577,1090,458.5,1048.5,-214.5
844,14.064025674263014,343,1074,577,1142,460.0,1108.0,-155.0
845,14.080689211791762,339,1119,579,1186,459.0,1152.5,-110.5
846,14.097352749320509,333,1159,584,1224,458.5,1191.5,-71.5
847,14.114016286849257,328,1186,588,1250,458.0,1218.0,-45.0
848,14.130679824378005,328,1202,588,1265,458.0,1233.5,-29.5
849,14.147343361906753,327,1203,588,1265,457.5,1234.0,-29.0
850,14.1640068994355,328,1189,585,1250,456.5,1219.5,-43.5
851,14.180670436964247,328,1156,582,1222,455.0,1189.0,-74.0
852,14.197333974492995,336,1099,575,1179,455.5,1139.0,-124.0
853,14.213997512021743,334,1048,568,1124,451.0,1086.0,-177.0
854,14.230661049550491,330,973,564,1061,447.0,1017.0,-246.0
855,14.247324587079238,328,918,556,995,442.0,956.5,-306.5
856,14.263988124607986,328,837,552,928,440.0,882.5,-380.5
857,14.280651662136734,322,775,552,862,437.0,818.5,-444.5
858,14.297315199665482,318,718,548,798,433.0,758.0,-505.0
859,14.313978737194228,320,652,548,732,434.0,692.0,-571.0
860,14.330642274722976,314,583,548,673,431.0,628.0,-635.0
861,14.347305812251724,306,540,546,619,426.0,579.5,-683.5
862,14.363969349780472,301,507,552,574,426.5,540.5,-722.5
863,14.38063288730922,295,475,557,543,426.0,509.0,-754.0
864,14.397296424837966,294,460,557,526,425.5,493.0,-770.0
865,14.413959962366715,295,458,559,524,427.0,491.0,-772.0
866,14.430623499895463,296,472,559,539,427.5,505.5,-757.5
867,14.44728703742421,304,498,556,570,430.0,534.0,-729.0
868,14.463950574952957,310,533,555,608,432.5,570.5,-692.5
869,14.480614112481705,317,580,554,655,435.5,617.5,-645.5
870,14.497277650010453,320,630,552,711,436.0,670.5,-592.5
871,14.513941187539201,328,685,554,768,441.0,726.5,-536.5
872,14.530604725067949,333,755,556,833,444.5,794.0,-469.0
873,14.547268262596695,340,820,558,903,449.0,861.5,-401.5
874,14.563931800125443,338,890,562,974,450.0,932.0,-331.0
875,14.580595337654191,341,960,570,1042,455.5,1001.0,-262.0
876,14.59725887518294,341,1026,577,1106,459.0,1066.0,-197.0
877,14.613922412711686,341,1082,576,1161,458.5,1121.5,-141.5
878,14.630585950240434,336,1137,585,1208,460.5,1172.5,-90.5
879,14.647249487769182,330,1175,587,1238,458.5,1206.5,-56.5
880,14.66391302529793,329,1194,592,1255,460.5,1224.5,-38.5
881,14.680576562826676,329,1198,591,1258,460.0,1228.0,-35.0
882,14.697240100355424,329,1186,589,1248,459.0,1217.0,-46.0
883,14.713903637884172,330,1168,586,1229,458.0,1198.5,-64.5
884,14.73056717541292,334,1132,584,1198,459.0,1165.0,-98.0
885,14.747230712941668,330,1094,575,1160,452.5,1127.0,-136.0
886,14.763894250470415,328,1031,574,1111,451.0,1071.0,-192.0
887,14.780557787999163,335,958,569,1055,452.0,1006.5,-256.5
888,14.79722132552791,336,888,558,990,447.0,939.0,-324.0
889,14.813884863056659,336,821,551,918,443.5,869.5,-393.5
890,14.830548400585405,330,754,554,842,442.0,798.0,-465.0
891,14.847211938114153,328,685,554,772,441.0,728.5,-534.5
892,14.863875475642901,322,621,554,704,438.0,662.5,-600.5
893,14.88053901317165,312,567,553,651,432.5,609.0,-654.0
894,14.897202550700396,304,527,553,606,428.5,566.5,-696.5
895,14.913866088229144,296,506,556,574,426.0,540.0,-723.0
896,14.930529625757892,295,486,558,552,426.5,519.0,-744.0
897,14.94719316328664,291,475,556,540,423.5,507.5,-755.5
898,14.963856700815388,292,474,557,540,424.5,507.0,-756.0
899,14.980520238344134,295,482,558,551,426.5,516.5,-746.5
900,14.997183775872882,301,498,555,574,428.0,536.0,-727.0
901,15.01384731340163,306,515,552,610,429.0,562.5,-700.5
902,15.030510850930378,318,564,552,662,435.0,613.0,-650.0
903,15.047174388459124,320,632,549,722,434.5,677.0,-586.0
904,15.063837925987873,328,691,547,790,437.5,740.5,-522.5
905,15.08050146351662,333,781,555,860,444.0,820.5,-442.5
906,15.097165001045369,334,845,558,935,446.0,890.0,-373.0
907,15.113828538574117,332,924,561,1000,446.5,962.0,-301.0
908,15.130492076102863,337,972,566,1061,451.5,1016.5,-246.5
909,15.147155613631611,334,1050,574,1116,454.0,1083.0,-180.0
910,15.163819151160359,337,1095,577,1162,457.0,1128.5,-134.5
911,15.180482688689107,334,1140,583,1201,458.5,1170.5,-92.5
912,15.197146226217853,332,1170,586,1233,459.0,1201.5,-61.5
913,15.213809763746601,330,1192,590,1253,460.0,1222.5,-40.5
914,15.23047330127535,329,1199,590,1260,459.5,1229.5,-33.5
915,15.247136838804098,329,1191,590,1251,459.5,1221.0,-42.0
916,15.263800376332844,331,1165,587,1227,459.0,1196.0,-67.0
917,15.280463913861592,338,1126,584,1192,461.0,1159.0,-104.0
918,15.29712745139034,337,1065,575,1142,456.0,1103.5,-159.5
919,15.313790988919088,338,1006,575,1084,456.5,1045.0,-218.0
920,15.330454526447836,339,947,571,1021,455.0,984.0,-279.0
921,15.347118063976582,337,882,561,956,449.0,919.0,-344.0
922,15.36378160150533,336,806,559,890,447.5,848.0,-415.0
923,15.380445139034078,330,748,562,827,446.0,787.5,-475.5
924,15.397108676562826,328,684,554,764,441.0,724.0,-539.0
925,15.413772214091573,322,623,551,702,436.5,662.5,-600.5
926,15.43043575162032,320,568,555,644,437.5,606.0,-657.0
927,15.447099289149069,312,526,558,599,435.0,562.5,-700.5
928,15.463762826677817,302,495,559,560,430.5,527.5,-735.5
929,15.480426364206565,297,472,560,538,428.5,505.0,-758.0
930,15.497089901735311,296,466,561,532,428.5,499.0,-764.0
931,15.51375343926406,296,474,559,540,427.5,507.0,-756.0
932,15.530416976792807,298,484,556,562,427.0,523.0,-740.0
933,15.547080514321555,304,518,550,596,427.0,557.0,-706.0
934,15.563744051850302,306,570,553,638,429.5,604.0,-659.0
935,15.58040758937905,312,618,546,687,429.0,652.5,-610.5
936,15.597071126907798,322,666,552,744,437.0,705.0,-558.0
937,15.613734664436546,321,722,552,806,436.5,764.0,-499.0
938,15.630398201965292,328,788,552,872,440.0,830.0,-433.0
939,15.64706173949404,330,854,558,941,444.0,897.5,-365.5
940,15.663725277022788,334,926,556,1010,445.0,968.0,-295.0
941,15.680388814551536,334,1002,567,1074,450.5,1038.0,-225.0
942,15.697052352080284,335,1056,566,1135,450.5,1095.5,-167.5
943,15.71371588960903,329,1118,576,1184,452.5,1151.0,-112.0
944,15.730379427137779,326,1154,582,1218,454.0,1186.0,-77.0
945,15.747042964666527,324,1180,586,1240,455.0,1210.0,-53.0
946,15.763706502195275,326,1188,586,1247,456.0,1217.5,-45.5
947,15.780370039724021,327,1185,586,1244,456.5,1214.5,-48.5
948,15.797033577252769,328,1168,588,1231,458.0,1199.5,-63.5
949,15.813697114781517,333,1144,584,1208,458.5,1176.0,-87.0
950,15.830360652310265,336,1107,584,1173,460.0,1140.0,-123.0
951,15.847024189839013,337,1053,578,1131,457.5,1092.0,-171.0
952,15.86368772736776,340,1001,569,1074,454.5,1037.5,-225.5
953,15.880351264896508,344,923,566,1015,455.0,969.0,-294.0
954,15.897014802425256,342,856,562,942,452.0,899.0,-364.0
955,15.913678339954004,336,777,562,871,449.0,824.0,-439.0
956,15.93034187748275,334,716,557,800,445.5,758.0,-505.0
957,15.947005415011498,326,651,560,735,443.0,693.0,-570.0
958,15.963668952540246,321,599,563,680,442.0,639.5,-623.5
959,15.980332490068994,312,553,560,632,436.0,592.5,-670.5
960,15.99699602759774,307,517,562,597,434.5,557.0,-706.0
961,16.01365956512649,298,500,561,568,429.5,534.0,-729.0
962,16.030323102655238,297,485,561,550,429.0,517.5,-745.5
963,16.046986640183984,297,479,561,545,429.0,512.0,-751.0
964,16.06365017771273,297,471,560,550,428.5,510.5,-752.5
965,16.08031371524148,298,498,558,568,428.0,533.0,-730.0
966,16.096977252770227,306,524,553,598,429.5,561.0,-702.0
967,16.113640790298973,307,567,552,644,429.5,605.5,-657.5
968,16.130304327827723,321,622,548,701,434.5,661.5,-601.5
969,16.14696786535647,322,685,545,766,433.5,725.5,-537.5
970,16.16363140288522,317,752,547,835,432.0,793.5,-469.5
971,16.180294940413965,322,830,552,904,437.0,867.0,-396.0
972,16.19695847794271,326,888,550,969,438.0,928.5,-334.5
973,16.21362201547146,328,953,555,1030,441.5,991.5,-271.5
974,16.230285553000208,330,1012,562,1086,446.0,1049.0,-214.0
975,16.246949090528958,326,1070,569,1138,447.5,1104.0,-159.0
976,16.263612628057704,323,1113,572,1180,447.5,1146.5,-116.5
977,16.28027616558645,327,1150,579,1215,453.0,1182.5,-80.5
978,16.2969397031152,327,1178,583,1240,455.0,1209.0,-54.0
979,16.313603240643946,327,1192,584,1252,455.5,1222.0,-41.0
980,16.330266778172692,328,1190,585,1250,456.5,1220.0,-43.0
981,16.346930315701442,327,1171,584,1232,455.5,1201.5,-61.5
982,16.36359385323019,335,1129,578,1202,456.5,1165.5,-97.5
983,16.38025739075894,338,1085,576,1156,457.0,1120.5,-142.5
984,16.396920928287685,338,1033,572,1104,455.0,1068.5,-194.5
985,16.41358446581643,339,967,571,1046,455.0,1006.5,-256.5
986,16.43024800334518,342,904,568,984,455.0,944.0,-319.0
987,16.446911540873927,339,839,568,921,453.5,880.0,-383.0
988,16.463575078402677,335,775,562,857,448.5,816.0,-447.0
989,16.480238615931423,336,711,560,794,448.0,752.5,-510.5
990,16.49690215346017,328,649,560,732,444.0,690.5,-572.5
991,16.51356569098892,326,600,566,672,446.0,636.0,-627.0
992,16.530229228517666,320,546,563,620,441.5,583.0,-680.0
993,16.546892766046412,309,508,567,580,438.0,544.0,-719.0
994,16.56355630357516,305,488,566,555,435.5,521.5,-741.5
995,16.580219841103908,302,477,568,542,435.0,509.5,-753.5
996,16.596883378632658,301,479,565,544,433.0,511.5,-751.5
997,16.613546916161404,299,491,561,560,430.0,525.5,-737.5
998,16.63021045369015,302,511,560,588,431.0,549.5,-713.5
999,16.6468739912189,307,560,554,626,430.5,593.0,-670.0
1000,16.663537528747646,307,605,554,671,430.5,638.0,-625.0
1001,16.680201066276396,313,637,553,722,433.0,679.5,-583.5
1002,16.696864603805142,322,698,551,780,436.5,739.0,-524.0
1003,16.71352814133389,322,761,551,842,436.5,801.5,-461.5
1004,16.73019167886264,328,828,552,910,440.0,869.0,-394.0
1005,16.746855216391385,324,903,552,979,438.0,941.0,-322.0
1006,16.763518753920135,328,956,552,1050,440.0,1003.0,-260.0
1007,16.78018229144888,328,1040,558,1110,443.0,1075.0,-188.0
1008,16.796845828977627,322,1096,567,1160,444.5,1128.0,-135.0
1009,16.813509366506377,318,1134,572,1199,445.0,1166.5,-96.5
1010,16.830172904035123,318,1162,577,1224,447.5,1193.0,-70.0
1011,16.84683644156387,318,1177,579,1238,448.5,1207.5,-55.5
1012,16.86349997909262,320,1180,580,1240,450.0,1210.0,-53.0
1013,16.880163516621366,319,1170,582,1231,450.5,1200.5,-62.5
1014,16.896827054150116,321,1152,584,1213,452.5,1182.5,-80.5
1015,16.913490591678862,327,1122,583,1184,455.0,1153.0,-110.0
1016,16.930154129207608,334,1081,576,1150,455.0,1115.5,-147.5
1017,16.946817666736358,336,1024,570,1097,453.0,1060.5,-202.5
1018,16.963481204265104,339,961,572,1038,455.5,999.5,-263.5
1019,16.980144741793854,343,888,570,972,456.5,930.0,-333.0
1020,16.9968082793226,341,824,564,900,452.5,862.0,-401.0
1021,17.013471816851347,338,744,568,831,453.0,787.5,-475.5
1022,17.030135354380096,336,683,566,764,451.0,723.5,-539.5
1023,17.046798891908843,331,628,566,705,448.5,666.5,-596.5
1024,17.06346242943759,323,556,565,659,444.0,607.5,-655.5
1025,17.08012596696634,318,543,572,616,445.0,579.5,-683.5
1026,17.096789504495085,310,512,571,584,440.5,548.0,-715.0
1027,17.113453042023835,309,497,571,564,440.0,530.5,-732.5
1028,17.13011657955258,306,487,570,552,438.0,519.5,-743.5
1029,17.146780117081327,305,486,569,552,437.0,519.0,-744.0
1030,17.163443654610077,305,498,567,564,436.0,531.0,-732.0
1031,17.180107192138824,312,522,563,589,437.5,555.5,-707.5
1032,17.196770729667573,314,553,555,629,434.5,591.0,-672.0
1033,17.21343426719632,320,604,550,682,435.0,643.0,-620.0
1034,17.230097804725066,321,662,551,742,436.0,702.0,-561.0
1035,17.246761342253816,320,730,548,810,434.0,770.0,-493.0
1036,17.263424879782562,320,798,552,876,436.0,837.0,-426.0
1037,17.28008841731131,322,857,551,940,436.5,898.5,-364.5
1038,17.296751954840058,321,916,556,1000,438.5,958.0,-305.0
1039,17.313415492368804,322,978,560,1058,441.0,1018.0,-245.0
1040,17.330079029897554,321,1034,559,1111,440.0,1072.5,-190.5
1041,17.3467425674263,322,1093,566,1158,444.0,1125.5,-137.5
1042,17.363406104955047,320,1132,569,1196,444.5,1164.0,-99.0
1043,17.380069642483797,316,1163,575,1224,445.5,1193.5,-69.5
1044,17.396733180012543,316,1181,576,1243,446.0,1212.0,-51.0
1045,17.413396717541293,316,1186,577,1246,446.5,1216.0,-47.0
1046,17.43006025507004,318,1170,577,1233,447.5,1201.5,-61.5
1047,17.446723792598785,324,1143,576,1208,450.0,1175.5,-87.5
1048,17.463387330127535,328,1090,571,1167,449.5,1128.5,-134.5
1049,17.48005086765628,332,1043,571,1120,451.5,1081.5,-181.5
1050,17.496714405185028,334,992,568,1067,451.0,1029.5,-233.5
1051,17.513377942713777,336,930,568,1008,452.0,969.0,-294.0
1052,17.530041480242524,336,863,566,948,451.0,905.5,-357.5
1053,17.546705017771274,332,811,564,887,448.0,849.0,-414.0
1054,17.56336855530002,331,731,563,822,447.0,776.5,-486.5
1055,17.580032092828766,331,672,563,760,447.0,716.0,-547.0
1056,17.596695630357516,333,616,565,701,449.0,658.5,-604.5
1057,17.613359167886262,324,555,568,647,446.0,601.0,-662.0
1058,17.630022705415012,319,530,568,601,443.5,565.5,-697.5
1059,17.64668624294376,312,496,573,569,442.5,532.5,-730.5
1060,17.663349780472505,309,488,573,552,441.0,520.0,-743.0
1061,17.680013318001254,310,485,572,550,441.0,517.5,-745.5
1062,17.69667685553,308,495,569,560,438.5,527.5,-735.5
1063,17.71334039305875,306,514,568,582,437.0,548.0,-715.0
1064,17.730003930587497,313,536,562,614,437.5,575.0,-688.0
1065,17.746667468116243,315,584,566,655,440.5,619.5,-643.5
1066,17.763331005644993,318,625,559,701,438.5,663.0,-600.0
1067,17.77999454317374,324,680,553,754,438.5,717.0,-546.0
1068,17.796658080702485,328,742,553,814,440.5,778.0,-485.0
1069,17.813321618231235,328,802,552,880,440.0,841.0,-422.0
1070,17.82998515575998,328,872,552,951,440.0,911.5,-351.5
1071,17.84664869328873,328,935,554,1019,441.0,977.0,-286.0
1072,17.863312230817478,328,999,557,1080,442.5,1039.5,-223.5
1073,17.879975768346224,321,1055,565,1135,443.0,1095.0,-168.0
1074,17.896639305874974,314,1110,568,1176,441.0,1143.0,-120.0
1075,17.91330284340372,314,1143,570,1208,442.0,1175.5,-87.5
1076,17.92996638093247,312,1164,573,1224,442.5,1194.0,-69.0
1077,17.946629918461216,312,1171,573,1232,442.5,1201.5,-61.5
1078,17.963293455989962,314,1166,575,1228,444.5,1197.0,-66.0
1079,17.979956993518712,315,1153,575,1214,445.0,1183.5,-79.5
1080,17.99662053104746,320,1130,574,1192,447.0,1161.0,-102.0
1081,18.013284068576205,322,1094,570,1160,446.0,1127.0,-136.0
1082,18.029947606104955,328,1046,565,1114,446.5,1080.0,-183.0
1083,18.0466111436337,332,984,565,1059,448.5,1021.5,-241.5
1084,18.06327468116245,334,914,558,998,446.0,956.0,-307.0
1085,18.079938218691197,334,846,554,927,444.0,886.5,-376.5
1086,18.096601756219943,337,776,558,861,447.5,818.5,-444.5
1087,18.113265293748693,336,717,559,792,447.5,754.5,-508.5
1088,18.12992883127744,327,656,562,735,444.5,695.5,-567.5
1089,18.14659236880619,326,609,566,684,446.0,646.5,-616.5
1090,18.163255906334935,320,556,569,639,444.5,597.5,-665.5
1091,18.17991944386368,316,507,574,604,445.0,555.5,-707.5
1092,18.19658298139243,312,511,574,578,443.0,544.5,-718.5
1093,18.213246518921178,310,497,574,562,442.0,529.5,-733.5
1094,18.229910056449924,309,491,574,556,441.5,523.5,-739.5
1095,18.246573593978674,311,497,574,562,442.5,529.5,-733.5
1096,18.26323713150742,312,516,573,582,442.5,549.0,-714.0
1097,18.27990066903617,320,545,570,616,445.0,580.5,-682.5
1098,18.296564206564916,325,584,563,664,444.0,624.0,-639.0
1099,18.313227744093663,328,642,563,720,445.5,681.0,-582.0
1100,18.329891281622412,326,706,555,780,440.5,743.0,-520.0
1101,18.34655481915116,328,770,558,846,443.0,808.0,-455.0
1102,18.36321835667991,331,832,560,910,445.5,871.0,-392.0
1103,18.379881894208655,326,898,561,973,443.5,935.5,-327.5
1104,18.3965454317374,326,959,559,1030,442.5,994.5,-268.5
1105,18.41320896926615,327,1015,568,1085,447.5,1050.0,-213.0
1106,18.429872506794897,322,1064,569,1134,445.5,1099.0,-164.0
1107,18.446536044323647,317,1111,570,1176,443.5,1143.5,-119.5
1108,18.463199581852393,317,1144,571,1210,444.0,1177.0,-86.0
1109,18.47986311938114,312,1170,573,1230,442.5,1200.0,-63.0
1110,18.49652665690989,311,1178,573,1238,442.0,1208.0,-55.0
1111,18.513190194438636,312,1173,573,1232,442.5,1202.5,-60.5
1112,18.529853731967382,315,1147,572,1210,443.5,1178.5,-84.5
1113,18.54651726949613,321,1113,566,1178,443.5,1145.5,-117.5
1114,18.563180807024878,323,1060,567,1134,445.0,1097.0,-166.0
1115,18.579844344553628,324,1009,567,1086,445.5,1047.5,-215.5
1116,18.596507882082374,321,953,568,1033,444.5,993.0,-270.0
1117,18.61317141961112,328,898,557,976,442.5,937.0,-326.0
1118,18.62983495713987,328,816,560,913,444.0,864.5,-398.5
1119,18.646498494668617,326,753,559,850,442.5,801.5,-461.5
1120,18.663162032197366,326,702,560,790,443.0,746.0,-517.0
1121,18.679825569726113,328,646,566,728,447.0,687.0,-576.0
1122,18.69648910725486,328,593,568,672,448.0,632.5,-630.5
1123,18.71315264478361,319,552,567,624,443.0,588.0,-675.0
1124,18.729816182312355,316,515,570,587,443.0,551.0,-712.0
1125,18.7464797198411,311,501,573,566,442.0,533.5,-729.5
1126,18.76314325736985,310,493,574,558,442.0,525.5,-737.5
1127,18.779806794898597,311,499,575,564,443.0,531.5,-731.5
1128,18.796470332427347,312,513,573,579,442.5,546.0,-717.0
1129,18.813133869956093,313,539,570,606,441.5,572.5,-690.5
1130,18.82979740748484,320,568,570,640,445.0,604.0,-659.0
1131,18.84646094501359,324,610,565,682,444.5,646.0,-617.0
1132,18.863124482542336,328,658,569,735,448.5,696.5,-566.5
1133,18.879788020071086,329,710,567,792,448.0,751.0,-512.0
1134,18.896451557599832,336,776,561,854,448.5,815.0,-448.0
1135,18.91311509512858,334,836,559,924,446.5,880.0,-383.0
1136,18.929778632657328,338,908,560,990,449.0,949.0,-314.0
1137,18.946442170186074,334,969,561,1050,447.5,1009.5,-253.5
1138,18.96310570771482,327,1029,567,1106,447.0,1067.5,-195.5
1139,18.97976924524357,322,1086,570,1152,446.0,1119.0,-144.0
1140,18.996432782772317,319,1122,572,1187,445.5,1154.5,-108.5
1141,19.013096320301067,316,1148,575,1211,445.5,1179.5,-83.5
1142,19.029759857829813,316,1160,575,1222,445.5,1191.0,-72.0
1143,19.04642339535856,315,1161,575,1223,445.0,1192.0,-71.0
1144,19.06308693288731,313,1154,574,1216,443.5,1185.0,-78.0
1145,19.079750470416055,315,1136,571,1198,443.0,1167.0,-96.0
1146,19.096414007944805,315,1106,568,1168,441.5,1137.0,-126.0
1147,19.11307754547355,322,1065,562,1132,442.0,1098.5,-164.5
1148,19.129741083002298,325,1000,556,1080,440.5,1040.0,-223.0
1149,19.146404620531047,326,939,554,1020,440.0,979.5,-283.5
1150,19.163068158059794,328,872,555,956,441.5,914.0,-349.0
1151,19.17973169558854,327,808,555,890,441.0,849.0,-414.0
1152,19.19639523311729,327,744,557,823,442.0,783.5,-479.5
1153,19.213058770646036,324,686,558,761,441.0,723.5,-539.5
1154,19.229722308174786,319,631,562,710,440.5,670.5,-592.5
1155,19.246385845703532,319,588,561,663,440.0,625.5,-637.5
1156,19.26304938323228,314,530,566,624,440.0,577.0,-686.0
1157,19.27971292076103,312,528,570,594,441.0,561.0,-702.0
1158,19.296376458289775,309,506,572,573,440.5,539.5,-723.5
1159,19.313039995818524,310,497,572,563,441.0,530.0,-733.0
1160,19.32970353334727,309,499,573,564,441.0,531.5,-731.5
1161,19.346367070876017,311,505,572,579,441.5,542.0,-721.0
1162,19.363030608404767,314,533,569,609,441.5,571.0,-692.0
1163,19.379694145933513,320,562,566,650,443.0,606.0,-657.0
1164,19.396357683462263,331,615,567,701,449.0,658.0,-605.0
1165,19.41302122099101,333,686,562,759,447.5,722.5,-540.5
1166,19.429684758519755,328,744,566,820,447.0,782.0,-481.0
1167,19.446348296048505,335,808,560,883,447.5,845.5,-417.5
1168,19.46301183357725,336,865,568,943,452.0,904.0,-359.0
1169,19.479675371105998,335,923,567,1002,451.0,962.5,-300.5
1170,19.496338908634748,332,976,571,1055,451.5,1015.5,-247.5
1171,19.513002446163494,334,1030,571,1111,452.5,1070.5,-192.5
1172,19.529665983692244,326,1089,574,1154,450.0,1121.5,-141.5
1173,19.54632952122099,322,1127,576,1192,449.0,1159.5,-103.5
1174,19.562993058749736,316,1156,577,1218,446.5,1187.0,-76.0
1175,19.579656596278486,315,1169,577,1230,446.0,1199.5,-63.5
1176,19.596320133807232,314,1169,576,1230,445.0,1199.5,-63.5
1177,19.612983671335982,315,1152,574,1214,444.5,1183.0,-80.0
1178,19.62964720886473,319,1122,569,1186,444.0,1154.0,-109.0
1179,19.646310746393475,321,1083,566,1149,443.5,1116.0,-147.0
1180,19.662974283922225,321,1024,563,1102,442.0,1063.0,-200.0
1181,19.67963782145097,325,978,560,1052,442.5,1015.0,-248.0
1182,19.696301358979717,327,921,560,999,443.5,960.0,-303.0
1183,19.712964896508467,322,862,558,940,440.0,901.0,-362.0
1184,19.729628434037213,325,799,550,878,437.5,838.5,-424.5
1185,19.746291971565963,324,737,550,815,437.0,776.0,-487.0
1186,19.76295550909471,322,668,552,753,437.0,710.5,-552.5
1187,19.779619046623456,318,617,554,696,436.0,656.5,-606.5
1188,19.796282584152205,312,574,559,646,435.5,610.0,-653.0
1189,19.81294612168095,306,534,565,608,435.5,571.0,-692.0
1190,19.8296096592097,305,515,568,580,436.5,547.5,-715.5
1191,19.846273196738448,305,504,568,568,436.5,536.0,-727.0
1192,19.862936734267194,305,504,569,568,437.0,536.0,-727.0
1193,19.879600271795944,308,499,571,580,439.5,539.5,-723.5
1194,19.89626380932469,312,521,571,602,441.5,561.5,-701.5
1195,19.912927346853436,318,558,568,628,443.0,593.0,-670.0
1196,19.929590884382186,323,591,569,666,446.0,628.5,-634.5
1197,19.946254421910933,327,639,567,714,447.0,676.5,-586.5
1198,19.962917959439682,336,685,563,769,449.5,727.0,-536.0
1199,19.97958149696843,334,750,564,829,449.0,789.5,-473.5
1200,19.996245034497175,338,808,565,894,451.5,851.0,-412.0
1201,20.012908572025925,338,880,567,959,452.5,919.5,-343.5
1202,20.02957210955467,336,946,568,1024,452.0,985.0,-278.0
1203,20.04623564708342,332,1001,571,1082,451.5,1041.5,-221.5
1204,20.062899184612167,330,1060,577,1130,453.5,1095.0,-168.0
1205,20.079562722140913,327,1102,579,1166,453.0,1134.0,-129.0
1206,20.096226259669663,321,1130,581,1193,451.0,1161.5,-101.5
1207,20.11288979719841,321,1149,581,1210,451.0,1179.5,-83.5
1208,20.12955333472716,319,1156,578,1217,448.5,1186.5,-76.5
1209,20.146216872255906,319,1154,579,1216,449.0,1185.0,-78.0
1210,20.162880409784652,318,1140,577,1201,447.5,1170.5,-92.5
1211,20.1795439473134,320,1114,575,1178,447.5,1146.0,-117.0
1212,20.196207484842148,322,1078,565,1146,443.5,1112.0,-151.0
1213,20.212871022370894,322,1015,561,1097,441.5,1056.0,-207.0
1214,20.229534559899644,325,958,555,1042,440.0,1000.0,-263.0
1215,20.24619809742839,328,898,551,978,439.5,938.0,-325.0
1216,20.26286163495714,327,836,554,915,440.5,875.5,-387.5
1217,20.279525172485886,322,769,551,852,436.5,810.5,-452.5
1218,20.296188710014633,321,716,556,790,438.5,753.0,-510.0
1219,20.312852247543383,315,659,551,736,433.0,697.5,-565.5
1220,20.32951578507213,310,615,556,689,433.0,652.0,-611.0
1221,20.34617932260088,309,576,561,647,435.0,611.5,-651.5
1222,20.362842860129625,308,546,562,612,435.0,579.0,-684.0
1223,20.37950639765837,303,520,563,587,433.0,553.5,-709.5
1224,20.39616993518712,302,507,565,573,433.5,540.0,-723.0
1225,20.412833472715867,302,504,567,569,434.5,536.5,-726.5
1226,20.429497010244614,305,511,567,577,436.0,544.0,-719.0
1227,20.446160547773363,312,521,568,602,440.0,561.5,-701.5
1228,20.46282408530211,315,558,567,638,441.0,598.0,-665.0
1229,20.47948762283086,322,599,563,685,442.5,642.0,-621.0
1230,20.496151160359606,327,666,562,737,444.5,701.5,-561.5
1231,20.512814697888352,332,720,566,797,449.0,758.5,-504.5
1232,20.529478235417102,332,777,567,857,449.5,817.0,-446.0
1233,20.546141772945848,336,833,568,916,452.0,874.5,-388.5
1234,20.562805310474598,338,895,569,975,453.5,935.0,-328.0
1235,20.579468848003344,338,956,575,1031,456.5,993.5,-269.5
1236,20.59613238553209,335,1012,574,1083,454.5,1047.5,-215.5
1237,20.61279592306084,332,1064,576,1132,454.0,1098.0,-165.0
1238,20.629459460589587,327,1109,583,1172,455.0,1140.5,-122.5
1239,20.646122998118333,326,1140,583,1204,454.5,1172.0,-91.0
1240,20.662786535647083,323,1159,584,1221,453.5,1190.0,-73.0
1241,20.67945007317583,322,1165,583,1224,452.5,1194.5,-68.5
1242,20.69611361070458,321,1153,583,1214,452.0,1183.5,-79.5
1243,20.712777148233325,323,1128,578,1192,450.5,1160.0,-103.0
1244,20.72944068576207,328,1092,574,1159,451.0,1125.5,-137.5
1245,20.74610422329082,328,1052,566,1117,447.0,1084.5,-178.5
1246,20.762767760819568,329,994,568,1070,448.5,1032.0,-231.0
1247,20.779431298348317,328,941,561,1019,444.5,980.0,-283.0
1248,20.796094835877064,326,888,556,964,441.0,926.0,-337.0
1249,20.81275837340581,328,831,556,904,442.0,867.5,-395.5
1250,20.82942191093456,322,765,552,843,437.0,804.0,-459.0
1251,20.846085448463306,320,704,553,781,436.5,742.5,-520.5
1252,20.862748985992056,318,645,552,724,435.0,684.5,-578.5
1253,20.879412523520802,312,592,556,670,434.0,631.0,-632.0
1254,20.89607606104955,308,562,555,629,431.5,595.5,-667.5
1255,20.9127395985783,302,530,559,598,430.5,564.0,-699.0
1256,20.929403136107045,299,515,562,580,430.5,547.5,-715.5
1257,20.94606667363579,300,511,562,576,431.0,543.5,-719.5
1258,20.96273021116454,302,518,564,582,433.0,550.0,-713.0
1259,20.979393748693287,305,534,564,598,434.5,566.0,-697.0
1260,20.996057286222037,308,556,565,622,436.5,589.0,-674.0
1261,21.012720823750783,312,579,564,657,438.0,618.0,-645.0
1262,21.02938436127953,320,620,562,697,441.0,658.5,-604.5
1263,21.04604789880828,324,670,563,748,443.5,709.0,-554.0
1264,21.062711436337025,331,722,560,807,445.5,764.5,-498.5
1265,21.079374973865775,339,795,562,869,450.5,832.0,-431.0
1266,21.09603851139452,338,850,562,932,450.0,891.0,-372.0
1267,21.112702048923268,338,902,564,996,451.0,949.0,-314.0
1268,21.129365586452018,336,981,575,1056,455.5,1018.5,-244.5
1269,21.146029123980764,330,1038,581,1107,455.5,1072.5,-190.5
1270,21.16269266150951,328,1082,582,1146,455.0,1114.0,-149.0
1271,21.17935619903826,329,1115,584,1176,456.5,1145.5,-117.5
1272,21.196019736567006,328,1135,586,1198,457.0,1166.5,-96.5
1273,21.212683274095756,327,1149,586,1209,456.5,1179.0,-84.0
1274,21.229346811624502,328,1152,586,1212,457.0,1182.0,-81.0
1275,21.24601034915325,324,1144,585,1204,454.5,1174.0,-89.0
1276,21.262673886682,325,1122,582,1184,453.5,1153.0,-110.0
1277,21.279337424210745,323,1090,576,1154,449.5,1122.0,-141.0
1278,21.296000961739495,324,1010,572,1113,448.0,1061.5,-201.5
1279,21.31266449926824,324,978,566,1060,445.0,1019.0,-244.0
1280,21.329328036796987,331,924,565,1003,448.0,963.5,-299.5
1281,21.345991574325737,324,865,554,939,439.0,902.0,-361.0
1282,21.362655111854483,322,798,560,877,441.0,837.5,-425.5
1283,21.37931864938323,323,736,560,818,441.5,777.0,-486.0
1284,21.39598218691198,318,689,552,761,435.0,725.0,-538.0
1285,21.412645724440726,314,641,556,712,435.0,676.5,-586.5
1286,21.429309261969475,306,599,559,667,432.5,633.0,-630.0
1287,21.44597279949822,307,563,559,633,433.0,598.0,-665.0
1288,21.462636337026968,303,528,559,603,431.0,565.5,-697.5
1289,21.479299874555718,297,518,560,584,428.5,551.0,-712.0
1290,21.495963412084464,297,510,561,576,429.0,543.0,-720.0
1291,21.512626949613214,298,514,562,579,430.0,546.5,-716.5
1292,21.52929048714196,302,526,562,596,432.0,561.0,-702.0
1293,21.545954024670706,308,554,559,629,433.5,591.5,-671.5
1294,21.562617562199456,315,594,559,670,437.0,632.0,-631.0
1295,21.579281099728203,320,643,557,722,438.5,682.5,-580.5
1296,21.59594463725695,324,697,559,777,441.5,737.0,-526.0
1297,21.6126081747857,331,754,564,832,447.5,793.0,-470.0
1298,21.629271712314445,333,809,562,891,447.5,850.0,-413.0
1299,21.645935249843195,334,866,564,949,449.0,907.5,-355.5
1300,21.66259878737194,336,926,570,1006,453.0,966.0,-297.0
1301,21.679262324900687,336,979,574,1057,455.0,1018.0,-245.0
1302,21.695925862429437,336,1035,577,1110,456.5,1072.5,-190.5
1303,21.712589399958183,336,1086,580,1152,458.0,1119.0,-144.0
1304,21.729252937486933,328,1122,584,1186,456.0,1154.0,-109.0
1305,21.74591647501568,327,1149,588,1208,457.5,1178.5,-84.5
1306,21.762580012544426,327,1157,589,1217,458.0,1187.0,-76.0
1307,21.779243550073176,328,1151,587,1212,457.5,1181.5,-81.5
1308,21.795907087601922,328,1131,584,1195,456.0,1163.0,-100.0
1309,21.81257062513067,326,1102,582,1166,454.0,1134.0,-129.0
1310,21.829234162659418,329,1065,577,1129,453.0,1097.0,-166.0
1311,21.845897700188164,331,1013,573,1087,452.0,1050.0,-213.0
1312,21.862561237716914,332,965,572,1042,452.0,1003.5,-259.5
1313,21.87922477524566,329,911,565,987,447.0,949.0,-314.0
1314,21.895888312774407,330,856,559,930,444.5,893.0,-370.0
1315,21.912551850303156,328,791,557,869,442.5,830.0,-433.0
1316,21.929215387831903,324,733,556,808,440.0,770.5,-492.5
1317,21.945878925360653,321,671,555,748,438.0,709.5,-553.5
1318,21.9625424628894,317,618,552,695,434.5,656.5,-606.5
1319,21.979206000418145,308,576,560,651,434.0,613.5,-649.5
1320,21.995869537946895,302,546,562,616,432.0,581.0,-682.0
1321,22.01253307547564,298,530,561,594,429.5,562.0,-701.0
1322,22.02919661300439,298,521,561,586,429.5,553.5,-709.5
1323,22.045860150533137,297,522,560,586,428.5,554.0,-709.0
1324,22.062523688061884,297,532,561,598,429.0,565.0,-698.0
1325,22.079187225590633,301,546,560,618,430.5,582.0,-681.0
1326,22.09585076311938,304,553,558,645,431.0,599.0,-664.0
1327,22.112514300648126,311,607,557,682,434.0,644.5,-618.5
1328,22.129177838176876,320,648,554,731,437.0,689.5,-573.5
1329,22.145841375705622,323,702,555,783,439.0,742.5,-520.5
1330,22.162504913234372,329,762,558,844,443.5,803.0,-460.0
1331,22.179168450763118,328,819,560,908,444.0,863.5,-399.5
1332,22.195831988291864,329,890,561,972,445.0,931.0,-332.0
1333,22.212495525820614,330,952,568,1030,449.0,991.0,-272.0
1334,22.22915906334936,329,1004,574,1080,451.5,1042.0,-221.0
1335,22.24582260087811,328,1058,579,1125,453.5,1091.5,-171.5
1336,22.262486138406857,328,1092,583,1157,455.5,1124.5,-138.5
1337,22.279149675935603,327,1119,587,1182,457.0,1150.5,-112.5
1338,22.295813213464353,327,1136,586,1198,456.5,1167.0,-96.0
1339,22.3124767509931,328,1145,587,1206,457.5,1175.5,-87.5
1340,22.329140288521845,326,1142,586,1203,456.0,1172.5,-90.5
1341,22.345803826050595,325,1127,585,1190,455.0,1158.5,-104.5
1342,22.36246736357934,327,1098,579,1164,453.0,1131.0,-132.0
1343,22.37913090110809,331,1060,580,1126,455.5,1093.0,-170.0
1344,22.395794438636837,335,998,571,1079,453.0,1038.5,-224.5
1345,22.412457976165584,337,941,568,1024,452.5,982.5,-280.5
1346,22.429121513694334,333,888,569,964,451.0,926.0,-337.0
1347,22.44578505122308,332,823,566,904,449.0,863.5,-399.5
1348,22.46244858875183,326,768,562,842,444.0,805.0,-458.0
1349,22.479112126280576,321,710,560,785,440.5,747.5,-515.5
1350,22.495775663809322,321,641,559,738,440.0,689.5,-573.5
1351,22.512439201338072,316,622,561,692,438.5,657.0,-606.0
1352,22.52910273886682,310,582,563,651,436.5,616.5,-646.5
1353,22.545766276395568,305,551,562,620,433.5,585.5,-677.5
1354,22.562429813924314,301,530,562,596,431.5,563.0,-700.0
1355,22.57909335145306,298,519,561,583,429.5,551.0,-712.0
1356,22.59575688898181,298,518,561,583,429.5,550.5,-712.5
1357,22.612420426510557,300,530,560,595,430.0,562.5,-700.5
1358,22.629083964039303,305,552,560,622,432.5,587.0,-676.0
1359,22.645747501568053,312,590,559,660,435.5,625.0,-638.0
1360,22.6624110390968,312,617,558,706,435.0,661.5,-601.5
1361,22.67907457662555,320,675,554,756,437.0,715.5,-547.5
1362,22.695738114154295,318,735,556,811,437.0,773.0,-490.0
1363,22.71240165168304,323,792,558,867,440.5,829.5,-433.5
1364,22.72906518921179,322,842,558,923,440.0,882.5,-380.5
1365,22.745728726740538,329,906,564,979,446.5,942.5,-320.5
1366,22.762392264269288,329,962,567,1032,448.0,997.0,-266.0
1367,22.779055801798034,331,1016,570,1084,450.5,1050.0,-213.0
1368,22.79571933932678,328,1051,575,1131,451.5,1091.0,-172.0
1369,22.81238287685553,325,1098,577,1169,451.0,1133.5,-129.5
1370,22.829046414384276,323,1133,584,1194,453.5,1163.5,-99.5
1371,22.845709951913022,325,1148,584,1207,454.5,1177.5,-85.5
1372,22.862373489441772,325,1147,585,1207,455.0,1177.0,-86.0
1373,22.87903702697052,326,1134,586,1195,456.0,1164.5,-98.5
1374,22.89570056449927,327,1110,584,1171,455.5,1140.5,-122.5
1375,22.912364102028015,330,1077,580,1140,455.0,1108.5,-154.5
1376,22.92902763955676,333,1034,576,1102,454.5,1068.0,-195.0
1377,22.94569117708551,333,986,577,1057,455.0,1021.5,-241.5
1378,22.962354714614257,333,931,568,1008,450.5,969.5,-293.5
1379,22.979018252143007,334,878,570,954,452.0,916.0,-347.0
1380,22.995681789671753,334,814,562,895,448.0,854.5,-408.5
1381,23.0123453272005,332,750,566,834,449.0,792.0,-471.0
1382,23.02900886472925,327,695,559,776,443.0,735.5,-527.5
1383,23.045672402257996,321,639,566,719,443.5,679.0,-584.0
1384,23.062335939786742,316,575,563,670,439.5,622.5,-640.5
1385,23.07899947731549,309,559,566,634,437.5,596.5,-666.5
1386,23.095663014844238,304,545,564,610,434.0,577.5,-685.5
1387,23.112326552372988,301,533,563,596,432.0,564.5,-698.5
1388,23.128990089901734,301,527,564,593,432.5,560.0,-703.0
1389,23.14565362743048,297,533,562,599,429.5,566.0,-697.0
1390,23.16231716495923,300,546,561,614,430.5,580.0,-683.0
1391,23.178980702487976,302,566,560,636,431.0,601.0,-662.0
1392,23.195644240016726,307,572,559,670,433.0,621.0,-642.0
1393,23.212307777545472,315,637,555,712,435.0,674.5,-588.5
1394,23.22897131507422,320,687,551,762,435.5,724.5,-538.5
1395,23.24563485260297,322,747,548,823,435.0,785.0,-478.0
1396,23.262298390131715,326,806,553,882,439.5,844.0,-419.0
1397,23.27896192766046,325,862,557,944,441.0,903.0,-360.0
1398,23.29562546518921,327,923,561,1004,444.0,963.5,-299.5
1399,23.312289002717957,327,986,566,1056,446.5,1021.0,-242.0
1400,23.328952540246707,324,1037,569,1100,446.5,1068.5,-194.5
1401,23.345616077775453,322,1074,574,1139,448.0,1106.5,-156.5
1402,23.3622796153042,321,1103,576,1166,448.5,1134.5,-128.5
1403,23.37894315283295,321,1125,581,1186,451.0,1155.5,-107.5
1404,23.395606690361696,321,1136,580,1197,450.5,1166.5,-96.5
1405,23.412270227890446,321,1139,583,1199,452.0,1169.0,-94.0
1406,23.428933765419192,322,1129,583,1191,452.5,1160.0,-103.0
1407,23.445597302947938,326,1104,584,1170,455.0,1137.0,-126.0
1408,23.462260840476688,330,1072,581,1136,455.5,1104.0,-159.0
1409,23.478924378005434,335,1023,573,1093,454.0,1058.0,-205.0
1410,23.495587915534184,337,971,568,1043,452.5,1007.0,-256.0
1411,23.51225145306293,335,910,568,984,451.5,947.0,-316.0
1412,23.528914990591677,335,843,567,928,451.0,885.5,-377.5
1413,23.545578528120426,334,786,568,866,451.0,826.0,-437.0
1414,23.562242065649173,328,739,570,812,449.0,775.5,-487.5
1415,23.57890560317792,324,690,568,763,446.0,726.5,-536.5
1416,23.59556914070667,320,629,568,716,444.0,672.5,-590.5
1417,23.612232678235415,315,593,563,673,439.0,633.0,-630.0
1418,23.628896215764165,311,545,568,635,439.5,590.0,-673.0
1419,23.64555975329291,306,523,568,610,437.0,566.5,-696.5
1420,23.662223290821657,305,527,568,592,436.5,559.5,-703.5
1421,23.678886828350407,304,523,568,588,436.0,555.5,-707.5
1422,23.695550365879154,302,532,564,596,433.0,564.0,-699.0
1423,23.712213903407903,305,550,564,619,434.5,584.5,-678.5
1424,23.72887744093665,308,580,560,650,434.0,615.0,-648.0
1425,23.745540978465396,312,620,558,690,435.0,655.0,-608.0
1426,23.762204515994146,314,649,556,740,435.0,694.5,-568.5
1427,23.778868053522892,314,697,555,791,434.5,744.0,-519.0
1428,23.79553159105164,320,763,555,844,437.5,803.5,-459.5
1429,23.812195128580388,322,820,555,898,438.5,859.0,-404.0
1430,23.828858666109134,322,875,560,956,441.0,915.5,-347.5
1431,23.845522203637884,326,937,563,1008,444.5,972.5,-290.5
1432,23.86218574116663,326,986,561,1061,443.5,1023.5,-239.5
1433,23.878849278695377,323,1042,568,1110,445.5,1076.0,-187.0
1434,23.895512816224127,321,1085,572,1150,446.5,1117.5,-145.5
1435,23.912176353752873,318,1116,575,1179,446.5,1147.5,-115.5
1436,23.928839891281623,317,1134,579,1196,448.0,1165.0,-98.0
1437,23.94550342881037,317,1140,579,1201,448.0,1170.5,-92.5
1438,23.962166966339115,319,1132,583,1194,451.0,1163.0,-100.0
1439,23.978830503867865,320,1111,578,1174,449.0,1142.5,-120.5
1440,23.99549404139661,323,1084,576,1148,449.5,1116.0,-147.0
1441,24.012157578925358,328,1049,576,1114,452.0,1081.5,-181.5
1442,24.028821116454107,330,1006,569,1075,449.5,1040.5,-222.5
1443,24.045484653982854,332,959,573,1029,452.5,994.0,-269.0
1444,24.062148191511604,331,899,569,975,450.0,937.0,-326.0
1445,24.07881172904035,333,839,567,918,450.0,878.5,-384.5
1446,24.095475266569096,335,782,564,860,449.5,821.0,-442.0
1447,24.112138804097846,328,725,566,798,447.0,761.5,-501.5
1448,24.128802341626592,328,665,568,746,448.0,705.5,-557.5
1449,24.145465879155342,326,615,566,694,446.0,654.5,-608.5
1450,24.16212941668409,319,579,573,654,446.0,616.5,-646.5
1451,24.178792954212835,312,559,572,627,442.0,593.0,-670.0
1452,24.195456491741584,307,543,571,608,439.0,575.5,-687.5
1453,24.21212002927033,305,536,570,601,437.5,568.5,-694.5
1454,24.22878356679908,305,536,569,602,437.0,569.0,-694.0
1455,24.245447104327827,304,547,568,612,436.0,579.5,-683.5
1456,24.262110641856573,308,564,566,632,437.0,598.0,-665.0
1457,24.278774179385323,311,584,563,660,437.0,622.0,-641.0
1458,24.29543771691407,312,620,559,697,435.5,658.5,-604.5
1459,24.312101254442815,322,668,556,743,439.0,705.5,-557.5
1460,24.328764791971565,321,724,558,800,439.5,762.0,-501.0
1461,24.34542832950031,324,781,556,859,440.0,820.0,-443.0
1462,24.36209186702906,328,845,553,920,440.5,882.5,-380.5
1463,24.378755404557808,328,902,556,980,442.0,941.0,-322.0
1464,24.395418942086554,322,961,563,1032,442.5,996.5,-266.5
1465,24.412082479615304,319,1008,568,1077,443.5,1042.5,-220.5
1466,24.42874601714405,320,1050,570,1117,445.0,1083.5,-179.5
1467,24.4454095546728,315,1085,572,1148,443.5,1116.5,-146.5
1468,24.462073092201546,315,1109,575,1172,445.0,1140.5,-122.5
1469,24.478736629730292,315,1125,576,1188,445.5,1156.5,-106.5
1470,24.495400167259042,316,1132,578,1193,447.0,1162.5,-100.5
1471,24.51206370478779,316,1128,578,1190,447.0,1159.0,-104.0
1472,24.528727242316535,319,1110,577,1174,448.0,1142.0,-121.0
1473,24.545390779845285,322,1082,576,1145,449.0,1113.5,-149.5
1474,24.56205431737403,328,1030,574,1107,451.0,1068.5,-194.5
1475,24.57871785490278,334,984,573,1058,453.5,1021.0,-242.0
1476,24.595381392431527,333,927,569,1007,451.0,967.0,-296.0
1477,24.612044929960273,334,871,567,948,450.5,909.5,-353.5
1478,24.628708467489023,332,814,565,892,448.5,853.0,-410.0
1479,24.64537200501777,334,758,566,836,450.0,797.0,-466.0
1480,24.66203554254652,329,691,569,786,449.0,738.5,-524.5
1481,24.678699080075265,322,657,565,737,443.5,697.0,-566.0
1482,24.69536261760401,320,622,568,694,444.0,658.0,-605.0
1483,24.71202615513276,317,583,568,654,442.5,618.5,-644.5
1484,24.728689692661508,312,549,573,624,442.5,586.5,-676.5
1485,24.745353230190254,308,539,572,603,440.0,571.0,-692.0
1486,24.762016767719004,310,530,572,594,441.0,562.0,-701.0
1487,24.77868030524775,308,532,571,598,439.5,565.0,-698.0
1488,24.7953438427765,311,548,571,614,441.0,581.0,-682.0
1489,24.812007380305246,311,572,568,642,439.5,607.0,-656.0
1490,24.828670917833993,317,606,561,680,439.0,643.0,-620.0
1491,24.845334455362742,318,648,563,724,440.5,686.0,-577.0
1492,24.86199799289149,320,694,560,770,440.0,732.0,-531.0
1493,24.87866153042024,321,747,562,823,441.5,785.0,-478.0
1494,24.895325067948985,322,801,557,874,439.5,837.5,-425.5
1495,24.91198860547773,324,855,562,928,443.0,891.5,-371.5
1496,24.92865214300648,327,903,557,986,442.0,944.5,-318.5
1497,24.945315680535227,328,958,560,1038,444.0,998.0,-265.0
1498,24.961979218063977,324,1021,568,1086,446.0,1053.5,-209.5
1499,24.978642755592723,316,1062,570,1129,443.0,1095.5,-167.5
1500,24.99530629312147,316,1099,574,1161,445.0,1130.0,-133.0
1501,25.01196983065022,313,1122,574,1183,443.5,1152.5,-110.5
1502,25.028633368178966,313,1132,575,1192,444.0,1162.0,-101.0
1503,25.045296905707712,313,1129,575,1190,444.0,1159.5,-103.5
1504,25.06196044323646,317,1112,575,1175,446.0,1143.5,-119.5
1505,25.078623980765208,319,1089,575,1153,447.0,1121.0,-142.0
1506,25.095287518293958,318,1057,572,1124,445.0,1090.5,-172.5
1507,25.111951055822704,326,1020,568,1087,447.0,1053.5,-209.5
1508,25.12861459335145,324,967,567,1044,445.5,1005.5,-257.5
1509,25.1452781308802,328,920,566,996,447.0,958.0,-305.0
1510,25.161941668408947,328,870,568,940,448.0,905.0,-358.0
1511,25.178605205937696,330,804,565,882,447.5,843.0,-420.0
1512,25.195268743466443,333,745,565,823,449.0,784.0,-479.0
1513,25.21193228099519,328,689,565,767,446.5,728.0,-535.0
1514,25.22859581852394,326,641,566,717,446.0,679.0,-584.0
1515,25.245259356052685,320,600,571,673,445.5,636.5,-626.5
1516,25.26192289358143,316,574,572,642,444.0,608.0,-655.0
1517,25.27858643111018,312,555,574,623,443.0,589.0,-674.0
1518,25.295249968638927,309,545,573,610,441.0,577.5,-685.5
1519,25.311913506167677,308,542,573,608,440.5,575.0,-688.0
1520,25.328577043696423,309,547,572,613,440.5,580.0,-683.0
1521,25.34524058122517,313,560,573,628,443.0,594.0,-669.0
1522,25.36190411875392,314,583,570,651,442.0,617.0,-646.0
1523,25.378567656282666,318,615,567,687,442.5,651.0,-612.0
1524,25.395231193811416,326,656,566,728,446.0,692.0,-571.0
1525,25.411894731340162,327,701,560,781,443.5,741.0,-522.0
1526,25.42855826886891,331,759,558,837,444.5,798.0,-465.0
1527,25.445221806397658,328,818,561,898,444.5,858.0,-405.0
1528,25.461885343926404,328,879,561,953,444.5,916.0,-347.0
1529,25.47854888145515,323,930,562,1008,442.5,969.0,-294.0
1530,25.4952124189839,323,984,568,1055,445.5,1019.5,-243.5
1531,25.511875956512647,321,1031,572,1096,446.5,1063.5,-199.5
1532,25.528539494041397,318,1064,568,1130,443.0,1097.0,-166.0
1533,25.545203031570143,315,1094,571,1159,443.0,1126.5,-136.5
1534,25.56186656909889,312,1114,575,1176,443.5,1145.0,-118.0
1535,25.57853010662764,313,1126,575,1186,444.0,1156.0,-107.0
1536,25.595193644156385,314,1125,575,1186,444.5,1155.5,-107.5
1537,25.611857181685135,313,1112,573,1174,443.0,1143.0,-120.0
1538,25.62852071921388,315,1086,572,1150,443.5,1118.0,-145.0
1539,25.645184256742628,321,1049,568,1117,444.5,1083.0,-180.0
1540,25.661847794271377,324,1001,568,1073,446.0,1037.0,-226.0
1541,25.678511331800124,328,952,566,1022,447.0,987.0,-276.0
1542,25.69517486932887,329,889,563,968,446.0,928.5,-334.5
1543,25.71183840685762,328,833,561,913,444.5,873.0,-390.0
1544,25.728501944386366,322,785,560,860,441.0,822.5,-440.5
1545,25.745165481915116,320,728,562,808,441.0,768.0,-495.0
1546,25.761829019443862,320,678,566,760,443.0,719.0,-544.0
1547,25.77849255697261,320,636,568,714,444.0,675.0,-588.0
1548,25.79515609450136,317,596,568,675,442.5,635.5,-627.5
1549,25.811819632030105,311,563,570,640,440.5,601.5,-661.5
1550,25.828483169558854,311,550,573,615,442.0,582.5,-680.5
1551,25.8451467070876,310,537,574,602,442.0,569.5,-693.5
1552,25.861810244616347,310,536,574,602,442.0,569.0,-694.0
1553,25.878473782145097,311,548,574,613,442.5,580.5,-682.5
1554,25.895137319673843,312,570,573,637,442.5,603.5,-659.5
1555,25.911800857202593,319,570,568,670,443.5,620.0,-643.0
1556,25.92846439473134,318,638,568,711,443.0,674.5,-588.5
1557,25.945127932260085,324,679,569,754,446.5,716.5,-546.5
1558,25.961791469788835,322,723,565,802,443.5,762.5,-500.5
1559,25.97845500731758,328,775,568,853,448.0,814.0,-449.0
1560,25.995118544846328,326,827,562,906,444.0,866.5,-396.5
1561,26.011782082375078,328,884,568,959,448.0,921.5,-341.5
1562,26.028445619903824,326,939,562,1016,444.0,977.5,-285.5
1563,26.045109157432574,328,998,570,1065,449.0,1031.5,-231.5
1564,26.06177269496132,327,1044,574,1112,450.5,1078.0,-185.0
1565,26.078436232490066,320,1082,574,1144,447.0,1113.0,-150.0
1566,26.095099770018816,315,1109,576,1170,445.5,1139.5,-123.5
1567,26.111763307547562,314,1122,576,1182,445.0,1152.0,-111.0
1568,26.128426845076312,315,1123,576,1184,445.5,1153.5,-109.5
1569,26.14509038260506,316,1112,574,1174,445.0,1143.0,-120.0
1570,26.161753920133805,316,1092,572,1156,444.0,1124.0,-139.0
1571,26.178417457662555,317,1066,570,1131,443.5,1098.5,-164.5
1572,26.1950809951913,319,1034,570,1098,444.5,1066.0,-197.0
1573,26.211744532720047,320,995,568,1060,444.0,1027.5,-235.5
1574,26.228408070248797,322,942,562,1013,442.0,977.5,-285.5
1575,26.245071607777543,325,884,558,961,441.5,922.5,-340.5
1576,26.261735145306293,324,830,558,906,441.0,868.0,-395.0
1577,26.27839868283504,328,767,562,847,445.0,807.0,-456.0
1578,26.295062220363786,324,716,560,791,442.0,753.5,-509.5
1579,26.311725757892535,320,664,561,739,440.5,701.5,-561.5
1580,26.32838929542128,315,622,562,694,438.5,658.0,-605.0
1581,26.34505283295003,312,592,568,660,440.0,626.0,-637.0
1582,26.361716370478778,308,568,570,636,439.0,602.0,-661.0
1583,26.378379908007524,308,557,571,620,439.5,588.5,-674.5
1584,26.395043445536274,308,550,571,615,439.5,582.5,-680.5
1585,26.41170698306502,309,552,571,616,440.0,584.0,-679.0
1586,26.428370520593766,310,561,572,626,441.0,593.5,-669.5
1587,26.445034058122516,313,577,573,644,443.0,610.5,-652.5
1588,26.461697595651263,317,607,570,674,443.5,640.5,-622.5
1589,26.478361133180012,326,638,568,714,447.0,676.0,-587.0
1590,26.49502467070876,328,687,565,762,446.5,724.5,-538.5
1591,26.511688208237505,332,737,563,817,447.5,777.0,-486.0
1592,26.528351745766255,329,798,564,876,446.5,837.0,-426.0
1593,26.545015283295,329,853,566,932,447.5,892.5,-370.5
1594,26.56167882082375,330,910,571,985,450.5,947.5,-315.5
1595,26.578342358352497,329,961,572,1032,450.5,996.5,-266.5
1596,26.595005895881243,327,1009,574,1076,450.5,1042.5,-220.5
1597,26.611669433409993,323,1046,576,1115,449.5,1080.5,-182.5
1598,26.62833297093874,321,1076,576,1141,448.5,1108.5,-154.5
1599,26.64499650846749,317,1103,576,1164,446.5,1133.5,-129.5
1600,26.661660045996236,315,1117,577,1178,446.0,1147.5,-115.5
1601,26.678323583524982,314,1122,577,1182,445.5,1152.0,-111.0
1602,26.69498712105373,315,1114,576,1175,445.5,1144.5,-118.5
1603,26.711650658582478,318,1093,574,1156,446.0,1124.5,-138.5
1604,26.728314196111224,317,1062,570,1125,443.5,1093.5,-169.5
1605,26.744977733639974,323,1018,566,1086,444.5,1052.0,-211.0
1606,26.76164127116872,323,960,561,1037,442.0,998.5,-264.5
1607,26.77830480869747,321,914,560,988,440.5,951.0,-312.0
1608,26.794968346226216,322,859,558,936,440.0,897.5,-365.5
1609,26.811631883754963,320,810,557,884,438.5,847.0,-416.0
1610,26.828295421283713,320,761,561,832,440.5,796.5,-466.5
1611,26.84495895881246,319,705,559,783,439.0,744.0,-519.0
1612,26.86162249634121,317,663,559,736,438.0,699.5,-563.5
1613,26.878286033869955,313,624,560,693,436.5,658.5,-604.5
1614,26.8949495713987,312,582,565,658,438.5,620.0,-643.0
1615,26.91161310892745,306,563,568,629,437.0,596.0,-667.0
1616,26.928276646456197,305,548,569,612,437.0,580.0,-683.0
1617,26.944940183984944,305,543,569,608,437.0,575.5,-687.5
1618,26.961603721513693,307,550,571,615,439.0,582.5,-680.5
1619,26.97826725904244,310,562,571,633,440.5,597.5,-665.5
1620,26.99493079657119,316,592,570,663,443.0,627.5,-635.5
1621,27.011594334099936,318,623,568,698,443.0,660.5,-602.5
1622,27.028257871628682,323,663,568,738,445.5,700.5,-562.5
1623,27.044921409157432,330,704,570,784,450.0,744.0,-519.0
1624,27.061584946686178,331,753,570,832,450.5,792.5,-470.5
1625,27.078248484214928,327,808,568,885,447.5,846.5,-416.5
1626,27.094912021743674,334,863,569,939,451.5,901.0,-362.0
1627,27.11157555927242,334,916,569,990,451.5,953.0,-310.0
1628,27.12823909680117,334,966,573,1044,453.5,1005.0,-258.0
1629,27.144902634329917,327,1023,574,1091,450.5,1057.0,-206.0
1630,27.161566171858663,326,1064,578,1127,452.0,1095.5,-167.5
1631,27.178229709387413,323,1093,579,1154,451.0,1123.5,-139.5
1632,27.19489324691616,320,1110,582,1170,451.0,1140.0,-123.0
1633,27.21155678444491,320,1114,581,1176,450.5,1145.0,-118.0
1634,27.228220321973655,318,1108,579,1171,448.5,1139.5,-123.5
1635,27.2448838595024,319,1097,576,1160,447.5,1128.5,-134.5
1636,27.26154739703115,319,1073,576,1137,447.5,1105.0,-158.0
1637,27.278210934559898,320,1044,573,1108,446.5,1076.0,-187.0
1638,27.294874472088647,321,1007,570,1073,445.5,1040.0,-223.0
1639,27.311538009617394,321,961,567,1031,444.0,996.0,-267.0
1640,27.32820154714614,323,909,562,978,442.5,943.5,-319.5
1641,27.34486508467489,324,849,558,926,441.0,887.5,-375.5
1642,27.361528622203636,322,792,556,868,439.0,830.0,-433.0
1643,27.378192159732386,314,738,558,812,436.0,775.0,-488.0
1644,27.394855697261132,314,689,560,760,437.0,724.5,-538.5
1645,27.41151923478988,313,644,563,716,438.0,680.0,-583.0
1646,27.42818277231863,307,608,563,680,435.0,644.0,-619.0
1647,27.444846309847374,304,581,564,652,434.0,616.5,-646.5
1648,27.46150984737612,303,569,565,632,434.0,600.5,-662.5
1649,27.47817338490487,303,557,565,622,434.0,589.5,-673.5
1650,27.494836922433617,302,555,567,620,434.5,587.5,-675.5
1651,27.511500459962367,306,560,569,626,437.5,593.0,-670.0
1652,27.528163997491113,307,576,569,641,438.0,608.5,-654.5
1653,27.54482753501986,312,592,569,667,440.5,629.5,-633.5
1654,27.56149107254861,319,627,566,703,442.5,665.0,-598.0
1655,27.578154610077355,325,668,564,749,444.5,708.5,-554.5
1656,27.594818147606105,328,727,567,798,447.5,762.5,-500.5
1657,27.61148168513485,328,783,564,853,446.0,818.0,-445.0
1658,27.628145222663598,328,817,568,911,448.0,864.0,-399.0
1659,27.644808760192348,331,886,572,964,451.5,925.0,-338.0
1660,27.661472297721094,330,933,575,1011,452.5,972.0,-291.0
1661,27.67813583524984,331,978,576,1056,453.5,1017.0,-246.0
1662,27.69479937277859,331,1017,578,1092,454.5,1054.5,-208.5
1663,27.711462910307336,328,1059,582,1125,455.0,1092.0,-171.0
1664,27.728126447836086,323,1088,584,1150,453.5,1119.0,-144.0
1665,27.744789985364832,322,1107,583,1168,452.5,1137.5,-125.5
1666,27.76145352289358,321,1116,583,1176,452.0,1146.0,-117.0
1667,27.77811706042233,321,1113,582,1173,451.5,1143.0,-120.0
1668,27.794780597951075,320,1096,578,1158,449.0,1127.0,-136.0
1669,27.811444135479825,325,1069,575,1132,450.0,1100.5,-162.5
1670,27.82810767300857,321,1030,568,1096,444.5,1063.0,-200.0
1671,27.844771210537317,326,984,567,1053,446.5,1018.5,-244.5
1672,27.861434748066067,324,929,561,1004,442.5,966.5,-296.5
1673,27.878098285594813,321,880,558,955,439.5,917.5,-345.5
1674,27.89476182312356,321,828,561,905,441.0,866.5,-396.5
1675,27.91142536065231,320,778,559,856,439.5,817.0,-446.0
1676,27.928088898181056,314,727,556,806,435.0,766.5,-496.5
1677,27.944752435709805,313,684,555,758,434.0,721.0,-542.0
1678,27.96141597323855,310,642,560,713,435.0,677.5,-585.5
1679,27.978079510767298,307,602,559,674,433.0,638.0,-625.0
1680,27.994743048296048,304,578,562,645,433.0,611.5,-651.5
1681,28.011406585824794,300,558,565,624,432.5,591.0,-672.0
1682,28.028070123353544,300,550,564,616,432.0,583.0,-680.0
1683,28.04473366088229,301,554,565,618,433.0,586.0,-677.0
1684,28.061397198411036,303,552,567,633,435.0,592.5,-670.5
1685,28.078060735939786,307,574,564,656,435.5,615.0,-648.0
1686,28.094724273468533,312,620,566,690,439.0,655.0,-608.0
1687,28.11138781099728,317,652,565,724,441.0,688.0,-575.0
1688,28.12805134852603,324,695,564,768,444.0,731.5,-531.5
1689,28.144714886054775,328,739,566,813,447.0,776.0,-487.0
1690,28.161378423583525,329,786,570,865,449.5,825.5,-437.5
1691,28.17804196111227,332,836,568,918,450.0,877.0,-386.0
1692,28.194705498641017,334,889,568,970,451.0,929.5,-333.5
1693,28.211369036169767,333,944,574,1020,453.5,982.0,-281.0
1694,28.228032573698513,333,994,574,1070,453.5,1032.0,-231.0
1695,28.244696111227263,328,1046,582,1110,455.0,1078.0,-185.0
1696,28.26135964875601,328,1075,583,1139,455.5,1107.0,-156.0
1697,28.278023186284756,322,1097,584,1158,453.0,1127.5,-135.5
1698,28.294686723813506,322,1107,584,1167,453.0,1137.0,-126.0
1699,28.311350261342252,323,1107,584,1167,453.5,1137.0,-126.0
1700,28.328013798871,323,1094,584,1157,453.5,1125.5,-137.5
1701,28.344677336399748,324,1077,581,1140,452.5,1108.5,-154.5
1702,28.361340873928494,321,1051,578,1116,449.5,1083.5,-179.5
1703,28.378004411457244,326,1017,576,1082,451.0,1049.5,-213.5
1704,28.39466794898599,327,968,569,1044,448.0,1006.0,-257.0
1705,28.411331486514737,323,926,567,998,445.0,962.0,-301.0
1706,28.427995024043486,323,864,560,945,441.5,904.5,-358.5
1707,28.444658561572233,322,812,560,889,441.0,850.5,-412.5
1708,28.461322099100983,321,758,560,836,440.5,797.0,-466.0
1709,28.47798563662973,313,705,557,782,435.0,743.5,-519.5
1710,28.494649174158475,311,663,559,736,435.0,699.5,-563.5
1711,28.511312711687225,308,624,559,700,433.5,662.0,-601.0
1712,28.52797624921597,302,599,561,668,431.5,633.5,-629.5
1713,28.54463978674472,299,579,562,646,430.5,612.5,-650.5
1714,28.561303324273467,299,566,562,632,430.5,599.0,-664.0
1715,28.577966861802214,298,561,563,626,430.5,593.5,-669.5
1716,28.594630399330963,299,563,564,628,431.5,595.5,-667.5
1717,28.61129393685971,302,574,565,639,433.5,606.5,-656.5
1718,28.627957474388456,307,594,564,660,435.5,627.0,-636.0
1719,28.644621011917206,311,618,564,690,437.5,654.0,-609.0
1720,28.661284549445952,319,655,564,733,441.5,694.0,-569.0
1721,28.677948086974702,322,709,560,781,441.0,745.0,-518.0
1722,28.694611624503448,325,741,562,834,443.5,787.5,-475.5
1723,28.711275162032194,328,815,562,888,445.0,851.5,-411.5
1724,28.727938699560944,328,864,568,941,448.0,902.5,-360.5
1725,28.74460223708969,328,917,570,989,449.0,953.0,-310.0
1726,28.76126577461844,329,967,573,1032,451.0,999.5,-263.5
1727,28.777929312147187,326,1011,575,1073,450.5,1042.0,-221.0
1728,28.794592849675933,329,1043,581,1107,455.0,1075.0,-188.0
1729,28.811256387204683,328,1071,582,1137,455.0,1104.0,-159.0
1730,28.82791992473343,326,1095,585,1156,455.5,1125.5,-137.5
1731,28.844583462262175,326,1108,586,1169,456.0,1138.5,-124.5
1732,28.861246999790925,326,1110,586,1170,456.0,1140.0,-123.0
1733,28.87791053731967,325,1097,584,1159,454.5,1128.0,-135.0
1734,28.89457407484842,325,1073,580,1135,452.5,1104.0,-159.0
1735,28.911237612377167,327,1040,576,1103,451.5,1071.5,-191.5
1736,28.927901149905914,328,989,576,1064,452.0,1026.5,-236.5
1737,28.944564687434664,330,945,572,1020,451.0,982.5,-280.5
1738,28.96122822496341,327,895,567,973,447.0,934.0,-329.0
1739,28.97789176249216,327,848,566,924,446.5,886.0,-377.0
1740,28.994555300020906,326,800,566,876,446.0,838.0,-425.0
1741,29.011218837549652,325,751,560,826,442.5,788.5,-474.5
1742,29.027882375078402,318,703,558,778,438.0,740.5,-522.5
1743,29.04454591260715,312,661,557,732,434.5,696.5,-566.5
1744,29.061209450135898,312,624,561,692,436.5,658.0,-605.0
1745,29.077872987664644,305,592,561,660,433.0,626.0,-637.0
1746,29.09453652519339,300,570,563,637,431.5,603.5,-659.5
1747,29.11120006272214,298,560,561,624,429.5,592.0,-671.0
1748,29.127863600250887,299,558,563,623,431.0,590.5,-672.5
1749,29.144527137779633,299,566,562,632,430.5,599.0,-664.0
1750,29.161190675308383,302,585,562,653,432.0,619.0,-644.0
1751,29.17785421283713,307,596,564,682,435.5,639.0,-624.0
1752,29.19451775036588,309,626,563,715,436.0,670.5,-592.5
1753,29.211181287894625,311,661,560,753,435.5,707.0,-556.0
1754,29.22784482542337,318,721,562,796,440.0,758.5,-504.5
1755,29.24450836295212,319,768,558,844,438.5,806.0,-457.0
1756,29.261171900480868,325,817,563,894,444.0,855.5,-407.5
1757,29.277835438009618,325,871,566,948,445.5,909.5,-353.5
1758,29.294498975538364,328,921,568,1000,448.0,960.5,-302.5
1759,29.31116251306711,328,977,569,1048,448.5,1012.5,-250.5
1760,29.32782605059586,324,1024,576,1091,450.0,1057.5,-205.5
1761,29.344489588124606,326,1056,580,1123,453.0,1089.5,-173.5
1762,29.361153125653352,321,1083,584,1146,452.5,1114.5,-148.5
1763,29.377816663182102,324,1097,585,1158,454.5,1127.5,-135.5
1764,29.39448020071085,326,1099,586,1161,456.0,1130.0,-133.0
1765,29.4111437382396,325,1094,586,1155,455.5,1124.5,-138.5
1766,29.427807275768345,324,1081,584,1142,454.0,1111.5,-151.5
1767,29.44447081329709,326,1059,584,1122,455.0,1090.5,-172.5
1768,29.46113435082584,326,1030,578,1094,452.0,1062.0,-201.0
1769,29.477797888354587,329,992,576,1058,452.5,1025.0,-238.0
1770,29.494461425883337,330,940,574,1014,452.0,977.0,-286.0
1771,29.511124963412083,330,887,568,963,449.0,925.0,-338.0
1772,29.52778850094083,328,838,567,910,447.5,874.0,-389.0
1773,29.54445203846958,328,781,562,855,445.0,818.0,-445.0
1774,29.561115575998326,321,731,565,804,443.0,767.5,-495.5
1775,29.577779113527072,320,682,561,758,440.5,720.0,-543.0
1776,29.59444265105582,311,649,566,720,438.5,684.5,-578.5
1777,29.611106188584568,307,618,565,685,436.0,651.5,-611.5
1778,29.627769726113318,302,596,565,661,433.5,628.5,-634.5
1779,29.644433263642064,302,579,565,643,433.5,611.0,-652.0
1780,29.66109680117081,300,569,564,634,432.0,601.5,-661.5
1781,29.67776033869956,300,567,564,632,432.0,599.5,-663.5
1782,29.694423876228306,301,576,563,639,432.0,607.5,-655.5
1783,29.711087413757056,303,591,562,656,432.5,623.5,-639.5
1784,29.727750951285802,308,612,561,684,434.5,648.0,-615.0
1785,29.74441448881455,311,649,560,721,435.5,685.0,-578.0
1786,29.7610780263433,320,694,557,766,438.5,730.0,-533.0
1787,29.777741563872045,321,742,554,816,437.5,779.0,-484.0
1788,29.79440510140079,320,795,559,869,439.5,832.0,-431.0
1789,29.81106863892954,328,846,559,919,443.5,882.5,-380.5
1790,29.827732176458287,321,892,563,968,442.0,930.0,-333.0
1791,29.844395713987037,325,946,570,1012,447.5,979.0,-284.0
1792,29.861059251515783,325,984,576,1052,450.5,1018.0,-245.0
1793,29.87772278904453,324,1024,576,1091,450.0,1057.5,-205.5
1794,29.89438632657328,326,1056,578,1120,452.0,1088.0,-175.0
1795,29.911049864102026,322,1082,582,1144,452.0,1113.0,-150.0
1796,29.927713401630776,323,1099,583,1160,453.0,1129.5,-133.5
1797,29.944376939159522,323,1104,583,1166,453.0,1135.0,-128.0
1798,29.961040476688268,324,1098,583,1158,453.5,1128.0,-135.0
1799,29.977704014217018,325,1078,583,1139,454.0,1108.5,-154.5
1800,29.994367551745764,329,1047,582,1112,455.5,1079.5,-183.5
1801,30.011031089274514,332,1010,578,1076,455.0,1043.0,-220.0
1802,30.02769462680326,331,967,577,1036,454.0,1001.5,-261.5
1803,30.044358164332007,332,913,573,990,452.5,951.5,-311.5
1804,30.061021701860756,332,872,571,942,451.5,907.0,-356.0
1805,30.077685239389503,328,819,570,895,449.0,857.0,-406.0
1806,30.09434877691825,323,770,567,847,445.0,808.5,-454.5
1807,30.111012314447,322,727,567,799,444.5,763.0,-500.0
1808,30.127675851975745,321,681,566,753,443.5,717.0,-546.0
1809,30.144339389504495,316,639,569,712,442.5,675.5,-587.5
1810,30.16100292703324,312,603,567,674,439.5,638.5,-624.5
1811,30.177666464561987,306,584,566,648,436.0,616.0,-647.0
1812,30.194330002090737,303,570,567,634,435.0,602.0,-661.0
1813,30.210993539619484,303,566,566,629,434.5,597.5,-665.5
1814,30.227657077148233,301,571,565,636,433.0,603.5,-659.5
1815,30.24432061467698,303,587,562,652,432.5,619.5,-643.5
1816,30.260984152205726,303,608,560,675,431.5,641.5,-621.5
1817,30.277647689734476,304,637,560,706,432.0,671.5,-591.5
1818,30.294311227263222,309,667,561,742,435.0,704.5,-558.5
1819,30.31097476479197,314,705,558,784,436.0,744.5,-518.5
1820,30.327638302320718,316,749,560,827,438.0,788.0,-475.0
1821,30.344301839849464,320,796,561,875,440.5,835.5,-427.5
1822,30.360965377378214,322,850,560,927,441.0,888.5,-374.5
1823,30.37762891490696,327,903,558,981,442.5,942.0,-321.0
1824,30.394292452435707,323,954,567,1029,445.0,991.5,-271.5
1825,30.410955989964457,321,997,568,1070,444.5,1033.5,-229.5
1826,30.427619527493203,319,1040,576,1106,447.5,1073.0,-190.0
1827,30.444283065021953,319,1069,577,1132,448.0,1100.5,-162.5
1828,30.4609466025507,320,1086,580,1148,450.0,1117.0,-146.0
1829,30.477610140079445,321,1093,582,1154,451.5,1123.5,-139.5
1830,30.494273677608195,321,1092,582,1152,451.5,1122.0,-141.0
1831,30.51093721513694,323,1082,582,1144,452.5,1113.0,-150.0
1832,30.527600752665688,322,1064,582,1126,452.0,1095.0,-168.0
1833,30.544264290194437,323,1037,580,1102,451.5,1069.5,-193.5
1834,30.560927827723184,330,1005,578,1069,454.0,1037.0,-226.0
1835,30.577591365251934,332,951,576,1028,454.0,989.5,-273.5
1836,30.59425490278068,334,906,571,982,452.5,944.0,-319.0
1837,30.610918440309426,334,852,569,929,451.5,890.5,-372.5
1838,30.627581977838176,330,798,570,878,450.0,838.0,-425.0
1839,30.644245515366922,326,751,566,825,446.0,788.0,-475.0
1840,30.660909052895672,325,703,568,778,446.5,740.5,-522.5
1841,30.67757259042442,320,664,571,736,445.5,700.0,-563.0
1842,30.694236127953165,313,634,570,702,441.5,668.0,-595.0
1843,30.710899665481914,311,612,568,676,439.5,644.0,-619.0
1844,30.72756320301066,307,592,570,655,438.5,623.5,-639.5
1845,30.74422674053941,305,578,569,641,437.0,609.5,-653.5
1846,30.760890278068157,305,572,569,636,437.0,604.0,-659.0
1847,30.777553815596903,303,576,565,640,434.0,608.0,-655.0
1848,30.794217353125653,304,589,565,653,434.5,621.0,-642.0
1849,30.8108808906544,305,609,561,677,433.0,643.0,-620.0
1850,30.827544428183145,307,639,560,711,433.5,675.0,-588.0
1851,30.844207965711895,312,673,559,752,435.5,712.5,-550.5
1852,30.86087150324064,319,728,560,799,439.5,763.5,-499.5
1853,30.87753504076939,319,778,557,850,438.0,814.0,-449.0
1854,30.894198578298138,323,820,564,899,443.5,859.5,-403.5
1855,30.910862115826884,321,875,564,946,442.5,910.5,-352.5
1856,30.927525653355634,319,920,567,992,443.0,956.0,-307.0
1857,30.94418919088438,320,959,568,1034,444.0,996.5,-266.5
1858,30.96085272841313,319,1007,570,1070,444.5,1038.5,-224.5
1859,30.977516265941876,318,1041,572,1104,445.0,1072.5,-190.5
1860,30.994179803470622,315,1070,576,1133,445.5,1101.5,-161.5
1861,31.010843340999372,314,1090,577,1150,445.5,1120.0,-143.0
1862,31.02750687852812,317,1098,579,1159,448.0,1128.5,-134.5
1863,31.044170416056865,317,1094,579,1157,448.0,1125.5,-137.5
1864,31.060833953585615,319,1077,579,1141,449.0,1109.0,-154.0
1865,31.07749749111436,322,1054,578,1118,450.0,1086.0,-177.0
1866,31.09416102864311,322,1019,574,1084,448.0,1051.5,-211.5
1867,31.110824566171857,330,976,575,1047,452.5,1011.5,-251.5
1868,31.127488103700603,329,937,572,1004,450.5,970.5,-292.5
1869,31.144151641229353,329,894,573,962,451.0,928.0,-335.0
1870,31.1608151787581,328,846,570,914,449.0,880.0,-383.0
1871,31.17747871628685,324,793,570,868,447.0,830.5,-432.5
1872,31.194142253815595,325,746,570,818,447.5,782.0,-481.0
1873,31.21080579134434,322,706,568,773,445.0,739.5,-523.5
1874,31.22746932887309,320,657,568,731,444.0,694.0,-569.0
1875,31.244132866401838,317,624,568,694,442.5,659.0,-604.0
1876,31.260796403930584,312,596,572,663,442.0,629.5,-633.5
1877,31.277459941459334,308,580,571,645,439.5,612.5,-650.5
1878,31.29412347898808,306,573,572,638,439.0,605.5,-657.5
1879,31.31078701651683,305,572,569,640,437.0,606.0,-657.0
1880,31.327450554045576,305,585,569,652,437.0,618.5,-644.5
1881,31.344114091574323,308,606,568,671,438.0,638.5,-624.5
1882,31.360777629103072,308,630,567,697,437.5,663.5,-599.5
1883,31.37744116663182,312,662,563,730,437.5,696.0,-567.0
1884,31.39410470416057,314,697,562,768,438.0,732.5,-530.5
1885,31.410768241689315,316,737,559,810,437.5,773.5,-489.5
1886,31.42743177921806,320,787,557,862,438.5,824.5,-438.5
1887,31.44409531674681,321,831,561,908,441.0,869.5,-393.5
1888,31.460758854275557,322,883,561,960,441.5,921.5,-341.5
1889,31.477422391804307,320,941,561,1008,440.5,974.5,-288.5
1890,31.494085929333053,318,980,565,1053,441.5,1016.5,-246.5
1891,31.5107494668618,317,1017,570,1088,443.5,1052.5,-210.5
1892,31.52741300439055,314,1051,574,1116,444.0,1083.5,-179.5
1893,31.544076541919296,314,1073,576,1135,445.0,1104.0,-159.0
1894,31.560740079448042,316,1086,575,1146,445.5,1116.0,-147.0
1895,31.57740361697679,316,1087,576,1148,446.0,1117.5,-145.5
1896,31.594067154505538,316,1080,575,1142,445.5,1111.0,-152.0
1897,31.610730692034288,317,1067,577,1128,447.0,1097.5,-165.5
1898,31.627394229563034,319,1046,577,1108,448.0,1077.0,-186.0
1899,31.64405776709178,322,1015,575,1080,448.5,1047.5,-215.5
1900,31.66072130462053,323,967,575,1043,449.0,1005.0,-258.0
1901,31.677384842149277,326,921,568,997,447.0,959.0,-304.0
1902,31.694048379678026,331,871,568,949,449.5,910.0,-353.0
1903,31.710711917206773,328,818,567,898,447.5,858.0,-405.0
1904,31.72737545473552,324,768,568,846,446.0,807.0,-456.0
1905,31.74403899226427,325,723,569,798,447.0,760.5,-502.5
1906,31.760702529793015,323,684,571,756,447.0,720.0,-543.0
1907,31.77736606732176,319,651,573,722,446.0,686.5,-576.5
1908,31.79402960485051,316,624,571,691,443.5,657.5,-605.5
1909,31.810693142379257,312,602,573,668,442.5,635.0,-628.0
1910,31.827356679908007,311,587,574,652,442.5,619.5,-643.5
1911,31.844020217436753,308,579,572,643,440.0,611.0,-652.0
1912,31.8606837549655,306,579,570,643,438.0,611.0,-652.0
1913,31.87734729249425,306,588,570,652,438.0,620.0,-643.0
1914,31.894010830022996,312,606,568,672,440.0,639.0,-624.0
1915,31.910674367551746,312,632,568,702,440.0,667.0,-596.0
1916,31.927337905080492,318,666,567,743,442.5,704.5,-558.5
1917,31.94400144260924,317,710,562,788,439.5,749.0,-514.0
1918,31.960664980137988,318,760,560,834,439.0,797.0,-466.0
1919,31.977328517666734,317,807,561,882,439.0,844.5,-418.5
1920,31.99399205519548,318,852,560,928,439.0,890.0,-373.0
1921,32.01065559272423,320,905,565,972,442.5,938.5,-324.5
1922,32.02731913025298,320,946,565,1015,442.5,980.5,-282.5
1923,32.04398266778173,320,985,568,1053,444.0,1019.0,-244.0
1924,32.060646205310476,315,1025,569,1087,442.0,1056.0,-207.0
1925,32.07730974283922,316,1055,571,1118,443.5,1086.5,-176.5
1926,32.09397328036797,312,1078,574,1140,443.0,1109.0,-154.0
1927,32.11063681789672,312,1090,573,1151,442.5,1120.5,-142.5
1928,32.12730035542546,313,1090,573,1152,443.0,1121.0,-142.0
1929,32.14396389295421,315,1080,576,1142,445.5,1111.0,-152.0
1930,32.16062743048296,316,1059,576,1121,446.0,1090.0,-173.0
1931,32.177290968011704,321,1028,575,1093,448.0,1060.5,-202.5
1932,32.193954505540454,325,994,574,1060,449.5,1027.0,-236.0
1933,32.2106180430692,326,952,573,1019,449.5,985.5,-277.5
1934,32.227281580597946,324,901,569,977,446.5,939.0,-324.0
1935,32.243945118126696,326,857,569,932,447.5,894.5,-368.5
1936,32.260608655655446,325,810,567,888,446.0,849.0,-414.0
1937,32.277272193184196,326,761,565,839,445.5,800.0,-463.0
1938,32.29393573071294,322,693,565,794,443.5,743.5,-519.5
1939,32.31059926824169,322,650,569,750,445.5,700.0,-563.0
1940,32.32726280577044,319,634,573,710,446.0,672.0,-591.0
1941,32.34392634329918,313,613,574,680,443.5,646.5,-616.5
1942,32.36058988082793,312,593,574,656,443.0,624.5,-638.5
1943,32.37725341835668,310,581,574,646,442.0,613.5,-649.5
1944,32.39391695588542,310,581,575,645,442.5,613.0,-650.0
1945,32.41058049341417,310,589,574,654,442.0,621.5,-641.5
1946,32.42724403094292,312,604,573,670,442.5,637.0,-626.0
1947,32.443907568471666,313,625,570,691,441.5,658.0,-605.0
1948,32.460571106000415,317,645,570,719,443.5,682.0,-581.0
1949,32.477234643529165,319,681,570,753,444.5,717.0,-546.0
1950,32.493898181057915,320,726,568,795,444.0,760.5,-502.5
1951,32.51056171858666,326,765,565,840,445.5,802.5,-460.5
1952,32.52722525611541,328,813,561,887,444.5,850.0,-413.0
1953,32.54388879364416,327,866,563,940,445.0,903.0,-360.0
1954,32.5605523311729,325,912,564,989,444.5,950.5,-312.5
1955,32.57721586870165,323,961,568,1033,445.5,997.0,-266.0
1956,32.5938794062304,318,1007,570,1072,444.0,1039.5,-223.5
1957,32.61054294375914,314,1037,573,1101,443.5,1069.0,-194.0
1958,32.62720648128789,314,1060,574,1122,444.0,1091.0,-172.0
1959,32.64387001881664,313,1073,574,1136,443.5,1104.5,-158.5
1960,32.660533556345385,315,1080,575,1142,445.0,1111.0,-152.0
1961,32.677197093874135,314,1078,575,1140,444.5,1109.0,-154.0
1962,32.693860631402885,313,1068,574,1130,443.5,1099.0,-164.0
1963,32.710524168931634,314,1052,573,1113,443.5,1082.5,-180.5
1964,32.72718770646038,318,1022,572,1087,445.0,1054.5,-208.5
1965,32.74385124398913,321,979,570,1054,445.5,1016.5,-246.5
1966,32.76051478151788,321,937,566,1011,443.5,974.0,-289.0
1967,32.77717831904662,326,893,567,964,446.5,928.5,-334.5
1968,32.79384185657537,328,839,564,913,446.0,876.0,-387.0
1969,32.81050539410412,323,792,568,865,445.5,828.5,-434.5
1970,32.82716893163286,322,746,567,818,444.5,782.0,-481.0
1971,32.84383246916161,322,709,567,777,444.5,743.0,-520.0
1972,32.86049600669036,317,670,572,738,444.5,704.0,-559.0
1973,32.877159544219104,314,641,571,708,442.5,674.5,-588.5
1974,32.893823081747854,313,618,573,682,443.0,650.0,-613.0
1975,32.910486619276604,312,598,574,663,443.0,630.5,-632.5
1976,32.927150156805354,310,587,575,651,442.5,619.0,-644.0
1977,32.9438136943341,311,583,575,648,443.0,615.5,-647.5
1978,32.960477231862846,311,589,573,653,442.0,621.0,-642.0
1979,32.977140769391596,313,603,574,670,443.5,636.5,-626.5
1980,32.99380430692034,317,623,572,696,444.5,659.5,-603.5
1981,33.01046784444909,321,657,572,732,446.5,694.5,-568.5
1982,33.02713138197784,326,696,566,772,446.0,734.0,-529.0
1983,33.04379491950658,325,743,564,816,444.5,779.5,-483.5
1984,33.06045845703533,322,785,568,862,445.0,823.5,-439.5
1985,33.07712199456408,328,831,568,909,448.0,870.0,-393.0
1986,33.093785532092824,328,886,567,952,447.5,919.0,-344.0
1987,33.11044906962157,324,929,568,996,446.0,962.5,-300.5
1988,33.12711260715032,321,967,572,1034,446.5,1000.5,-262.5
1989,33.14377614467907,322,1007,573,1071,447.5,1039.0,-224.0
1990,33.160439682207816,318,1037,574,1102,446.0,1069.5,-193.5
1991,33.177103219736566,315,1064,576,1128,445.5,1096.0,-167.0
1992,33.193766757265315,313,1081,575,1142,444.0,1111.5,-151.5
1993,33.21043029479406,313,1086,575,1146,444.0,1116.0,-147.0
1994,33.22709383232281,313,1078,575,1140,444.0,1109.0,-154.0
1995,33.24375736985156,316,1060,573,1123,444.5,1091.5,-171.5
1996,33.2604209073803,318,1035,568,1100,443.0,1067.5,-195.5
1997,33.27708444490905,318,1002,571,1067,444.5,1034.5,-228.5
1998,33.2937479824378,320,966,568,1032,444.0,999.0,-264.0
1999,33.31041151996654,320,925,564,990,442.0,957.5,-305.5
2000,33.32707505749529,322,881,566,949,444.0,915.0,-348.0
2001,33.34373859502404,322,835,565,906,443.5,870.5,-392.5
2002,33.36040213255279,321,786,564,861,442.5,823.5,-439.5
2003,33.377065670081535,321,743,560,813,440.5,778.0,-485.0
2004,33.393729207610285,319,695,565,769,442.0,732.0,-531.0
2005,33.410392745139035,316,658,566,729,441.0,693.5,-569.5
2006,33.42705628266778,312,626,569,695,440.5,660.5,-602.5
2007,33.44371982019653,310,606,571,670,440.5,638.0,-625.0
2008,33.46038335772528,309,591,572,656,440.5,623.5,-639.5
2009,33.47704689525402,310,588,573,652,441.5,620.0,-643.0
2010,33.49371043278277,310,592,573,655,441.5,623.5,-639.5
2011,33.51037397031152,311,604,574,669,442.5,636.5,-626.5
2012,33.52703750784027,313,621,574,686,443.5,653.5,-609.5
2013,33.54370104536901,315,643,571,712,443.0,677.5,-585.5
2014,33.56036458289776,322,668,574,743,448.0,705.5,-557.5
2015,33.57702812042651,327,711,573,780,450.0,745.5,-517.5
2016,33.593691657955254,328,755,570,823,449.0,789.0,-474.0
2017,33.610355195484004,329,801,568,870,448.5,835.5,-427.5
2018,33.627018733012754,330,850,572,919,451.0,884.5,-378.5
2019,33.6436822705415,328,894,568,968,448.0,931.0,-332.0
2020,33.66034580807025,328,950,573,1014,450.5,982.0,-281.0
2021,33.677009345599,324,987,576,1052,450.0,1019.5,-243.5
2022,33.69367288312774,319,1022,576,1084,447.5,1053.0,-210.0
2023,33.71033642065649,317,1044,576,1109,446.5,1076.5,-186.5
2024,33.72699995818524,317,1063,576,1124,446.5,1093.5,-169.5
2025,33.74366349571399,315,1072,576,1133,445.5,1102.5,-160.5
2026,33.76032703324273,316,1073,576,1134,446.0,1103.5,-159.5
2027,33.77699057077148,314,1067,575,1128,444.5,1097.5,-165.5
2028,33.79365410830023,313,1052,575,1115,444.0,1083.5,-179.5
2029,33.810317645828974,314,1030,571,1093,442.5,1061.5,-201.5
2030,33.826981183357724,318,1002,569,1063,443.5,1032.5,-230.5
2031,33.84364472088647,320,958,568,1024,444.0,991.0,-272.0
2032,33.860308258415216,320,904,558,981,439.0,942.5,-320.5
2033,33.876971795943966,318,855,557,932,437.5,893.5,-369.5
2034,33.893635333472716,322,807,560,886,441.0,846.5,-416.5
2035,33.91029887100146,319,760,562,836,440.5,798.0,-465.0
2036,33.92696240853021,316,728,566,796,441.0,762.0,-501.0
2037,33.94362594605896,311,689,564,757,437.5,723.0,-540.0
2038,33.96028948358771,312,658,567,724,439.5,691.0,-572.0
2039,33.97695302111645,309,632,568,697,438.5,664.5,-598.5
2040,33.9936165586452,306,610,570,675,438.0,642.5,-620.5
2041,34.01028009617395,306,596,570,660,438.0,628.0,-635.0
2042,34.02694363370269,307,589,570,653,438.5,621.0,-642.0
2043,34.04360717123144,307,590,571,654,439.0,622.0,-641.0
2044,34.06027070876019,312,602,572,668,442.0,635.0,-628.0
2045,34.076934246288936,316,623,574,690,445.0,656.5,-606.5
2046,34.093597783817685,320,655,572,722,446.0,688.5,-574.5
2047,34.110261321346435,322,686,569,760,445.5,723.0,-540.0
2048,34.12692485887518,326,728,571,802,448.5,765.0,-498.0
2049,34.14358839640393,325,770,573,846,449.0,808.0,-455.0
2050,34.16025193393268,328,815,573,890,450.5,852.5,-410.5
2051,34.17691547146143,328,857,574,934,451.0,895.5,-367.5
2052,34.19357900899017,325,913,572,975,448.5,944.0,-319.0
2053,34.21024254651892,323,952,576,1016,449.5,984.0,-279.0
2054,34.22690608404767,328,989,578,1054,453.0,1021.5,-241.5
2055,34.24356962157641,322,1024,580,1088,451.0,1056.0,-207.0
2056,34.26023315910516,321,1051,579,1114,450.0,1082.5,-180.5
2057,34.27689669663391,319,1069,579,1132,449.0,1100.5,-162.5
2058,34.293560234162655,319,1079,578,1139,448.5,1109.0,-154.0
2059,34.310223771691405,317,1073,578,1136,447.5,1104.5,-158.5
2060,34.326887309220155,316,1061,576,1124,446.0,1092.5,-170.5
2061,34.3435508467489,318,1041,576,1103,447.0,1072.0,-191.0
2062,34.36021438427765,317,1010,570,1075,443.5,1042.5,-220.5
2063,34.3768779218064,317,977,569,1042,443.0,1009.5,-253.5
2064,34.39354145933515,315,935,568,1005,441.5,970.0,-293.0
2065,34.41020499686389,318,898,566,965,442.0,931.5,-331.5
2066,34.42686853439264,316,852,562,924,439.0,888.0,-375.0
2067,34.44353207192139,316,802,560,877,438.0,839.5,-423.5
2068,34.46019560945013,317,758,558,830,437.5,794.0,-469.0
2069,34.47685914697888,316,712,558,788,437.0,750.0,-513.0
2070,34.49352268450763,312,671,558,746,435.0,708.5,-554.5
2071,34.510186222036374,307,637,566,711,436.5,674.0,-589.0
2072,34.526849759565124,306,617,566,684,436.0,650.5,-612.5
2073,34.543513297093874,304,602,566,666,435.0,634.0,-629.0
2074,34.56017683462262,303,595,568,660,435.5,627.5,-635.5
2075,34.576840372151366,303,597,568,660,435.5,628.5,-634.5
2076,34.593503909680116,305,606,569,669,437.0,637.5,-625.5
2077,34.610167447208866,308,621,571,684,439.5,652.5,-610.5
2078,34.62683098473761,312,642,571,706,441.5,674.0,-589.0
2079,34.64349452226636,316,666,573,734,444.5,700.0,-563.0
2080,34.66015805979511,320,702,574,768,447.0,735.0,-528.0
2081,34.67682159732385,328,737,571,808,449.5,772.5,-490.5
2082,34.6934851348526,329,780,570,854,449.5,817.0,-446.0
2083,34.71014867238135,328,834,572,901,450.0,867.5,-395.5
2084,34.72681220991009,329,874,572,950,450.5,912.0,-351.0
2085,34.74347574743884,328,920,572,994,450.0,957.0,-306.0
2086,34.76013928496759,326,971,578,1036,452.0,1003.5,-259.5
2087,34.776802822496336,321,1006,580,1068,450.5,1037.0,-226.0
2088,34.793466360025086,321,1033,579,1094,450.0,1063.5,-199.5
2089,34.810129897553836,322,1050,581,1112,451.5,1081.0,-182.0
2090,34.826793435082585,320,1062,581,1124,450.5,1093.0,-170.0
2091,34.84345697261133,319,1067,581,1128,450.0,1097.5,-165.5
2092,34.86012051014008,319,1065,581,1126,450.0,1095.5,-167.5
2093,34.87678404766883,318,1054,577,1118,447.5,1086.0,-177.0
2094,34.89344758519757,319,1035,576,1097,447.5,1066.0,-197.0
2095,34.91011112272632,318,1008,575,1070,446.5,1039.0,-224.0
2096,34.92677466025507,322,956,570,1036,446.0,996.0,-267.0
2097,34.94343819778381,322,920,564,994,443.0,957.0,-306.0
2098,34.96010173531256,320,872,560,947,440.0,909.5,-353.5
2099,34.97676527284131,320,828,561,901,440.5,864.5,-398.5
2100,34.993428810370055,320,782,560,854,440.0,818.0,-445.0
2101,35.010092347898805,311,739,560,813,435.5,776.0,-487.0
2102,35.026755885427555,310,697,560,775,435.0,736.0,-527.0
2103,35.043419422956305,308,671,564,742,436.0,706.5,-556.5
2104,35.06008296048505,304,646,564,712,434.0,679.0,-584.0
2105,35.0767464980138,303,622,566,688,434.5,655.0,-608.0
2106,35.09341003554255,303,606,566,670,434.5,638.0,-625.0
2107,35.11007357307129,304,596,567,660,435.5,628.0,-635.0
2108,35.12673711060004,305,595,568,659,436.5,627.0,-636.0
2109,35.14340064812879,305,604,568,668,436.5,636.0,-627.0
2110,35.16006418565753,308,614,570,688,439.0,651.0,-612.0
2111,35.17672772318628,314,642,569,715,441.5,678.5,-584.5
2112,35.19339126071503,319,678,564,749,441.5,713.5,-549.5
2113,35.21005479824378,321,717,568,790,444.5,753.5,-509.5
2114,35.226718335772524,323,759,568,832,445.5,795.5,-467.5
2115,35.243381873301274,324,798,568,874,446.0,836.0,-427.0
2116,35.260045410830024,328,844,573,916,450.5,880.0,-383.0
2117,35.27670894835877,328,882,573,957,450.5,919.5,-343.5
2118,35.29337248588752,326,924,574,1000,450.0,962.0,-301.0
2119,35.31003602341627,327,972,577,1037,452.0,1004.5,-258.5
2120,35.32669956094501,328,1006,579,1070,453.5,1038.0,-225.0
2121,35.34336309847376,328,1034,582,1100,455.0,1067.0,-196.0
2122,35.36002663600251,323,1059,584,1119,453.5,1089.0,-174.0
2123,35.37669017353125,321,1070,584,1132,452.5,1101.0,-162.0
2124,35.39335371106,321,1070,584,1132,452.5,1101.0,-162.0
2125,35.41001724858875,321,1060,582,1122,451.5,1091.0,-172.0
2126,35.4266807861175,321,1041,579,1104,450.0,1072.5,-190.5
2127,35.443344323646244,322,1015,578,1080,450.0,1047.5,-215.5
2128,35.460007861174994,322,986,576,1050,449.0,1018.0,-245.0
2129,35.47667139870374,319,950,572,1016,445.5,983.0,-280.0
2130,35.493334936232486,322,912,568,978,445.0,945.0,-318.0
2131,35.509998473761236,319,872,564,937,441.5,904.5,-358.5
2132,35.526662011289986,318,825,561,894,439.5,859.5,-403.5
2133,35.54332554881873,319,783,558,849,438.5,816.0,-447.0
2134,35.55998908634748,314,736,558,804,436.0,770.0,-493.0
2135,35.57665262387623,311,695,561,763,436.0,729.0,-534.0
2136,35.59331616140497,310,659,562,726,436.0,692.5,-570.5
2137,35.60997969893372,304,633,563,698,433.5,665.5,-597.5
2138,35.62664323646247,300,614,564,679,432.0,646.5,-616.5
2139,35.64330677399122,300,605,564,668,432.0,636.5,-626.5
2140,35.65997031151996,300,603,564,667,432.0,635.0,-628.0
2141,35.67663384904871,301,608,565,671,433.0,639.5,-623.5
2142,35.69329738657746,302,620,566,684,434.0,652.0,-611.0
2143,35.709960924106205,306,635,566,701,436.0,668.0,-595.0
2144,35.726624461634955,309,661,569,727,439.0,694.0,-569.0
2145,35.743287999163705,313,686,568,757,440.5,721.5,-541.5
2146,35.75995153669245,320,724,567,795,443.5,759.5,-503.5
2147,35.7766150742212,322,765,564,839,443.0,802.0,-461.0
2148,35.79327861174995,325,810,569,886,447.0,848.0,-415.0
2149,35.80994214927869,327,858,568,931,447.5,894.5,-368.5
2150,35.82660568680744,328,903,572,978,450.0,940.5,-322.5
2151,35.84326922433619,326,950,578,1016,452.0,983.0,-280.0
2152,35.85993276186494,325,986,579,1052,452.0,1019.0,-244.0
2153,35.87659629939368,325,1016,580,1080,452.5,1048.0,-215.0
2154,35.89325983692243,322,1037,583,1100,452.5,1068.5,-194.5
2155,35.90992337445118,323,1052,584,1114,453.5,1083.0,-180.0
2156,35.926586911979925,323,1060,585,1122,454.0,1091.0,-172.0
2157,35.943250449508675,323,1061,585,1123,454.0,1092.0,-171.0
2158,35.959913987037424,322,1054,582,1116,452.0,1085.0,-178.0
2159,35.97657752456617,321,1036,581,1101,451.0,1068.5,-194.5
2160,35.99324106209492,322,1011,578,1076,450.0,1043.5,-219.5
2161,36.00990459962367,321,968,576,1044,448.5,1006.0,-257.0
2162,36.02656813715241,324,937,568,1005,446.0,971.0,-292.0
2163,36.04323167468116,324,888,569,962,446.5,925.0,-338.0
2164,36.05989521220991,322,844,566,918,444.0,881.0,-382.0
2165,36.07655874973866,319,794,568,872,443.5,833.0,-430.0
2166,36.0932222872674,318,756,564,831,441.0,793.5,-469.5
2167,36.10988582479615,310,717,562,792,436.0,754.5,-508.5
2168,36.1265493623249,307,690,564,758,435.5,724.0,-539.0
2169,36.143212899853644,306,663,563,727,434.5,695.0,-568.0
2170,36.159876437382394,303,634,564,700,433.5,667.0,-596.0
2171,36.176539974911144,302,615,564,680,433.0,647.5,-615.5
2172,36.19320351243989,301,604,564,668,432.5,636.0,-627.0
2173,36.209867049968636,302,600,564,664,433.0,632.0,-631.0
2174,36.226530587497386,301,604,565,670,433.0,637.0,-626.0
2175,36.24319412502613,302,620,565,685,433.5,652.5,-610.5
2176,36.25985766255488,305,644,562,710,433.5,677.0,-586.0
2177,36.27652120008363,312,674,560,742,436.0,708.0,-555.0
2178,36.29318473761238,312,710,560,778,436.0,744.0,-519.0
2179,36.30984827514112,316,749,568,817,442.0,783.0,-480.0
2180,36.32651181266987,320,782,568,857,444.0,819.5,-443.5
2181,36.34317535019862,321,825,568,899,444.5,862.0,-401.0
2182,36.35983888772736,322,866,568,940,445.0,903.0,-360.0
2183,36.37650242525611,326,907,571,980,448.5,943.5,-319.5
2184,36.39316596278486,325,951,574,1020,449.5,985.5,-277.5
2185,36.409829500313606,323,994,578,1056,450.5,1025.0,-238.0
2186,36.426493037842356,325,1022,582,1086,453.5,1054.0,-209.0
2187,36.443156575371106,323,1046,583,1109,453.0,1077.5,-185.5
2188,36.45982011289985,323,1061,584,1123,453.5,1092.0,-171.0
2189,36.4764836504286,322,1065,582,1127,452.0,1096.0,-167.0
2190,36.49314718795735,322,1058,583,1120,452.5,1089.0,-174.0
2191,36.5098107254861,323,1043,583,1105,453.0,1074.0,-189.0
2192,36.52647426301484,323,1021,582,1085,452.5,1053.0,-210.0
2193,36.54313780054359,324,993,580,1058,452.0,1025.5,-237.5
2194,36.55980133807234,328,962,578,1027,453.0,994.5,-268.5
2195,36.57646487560108,326,928,574,990,450.0,959.0,-304.0
2196,36.59312841312983,325,876,573,952,449.0,914.0,-349.0
2197,36.60979195065858,326,841,568,910,447.0,875.5,-387.5
2198,36.626455488187325,320,796,567,867,443.5,831.5,-431.5
2199,36.643119025716075,322,750,567,822,444.5,786.0,-477.0
2200,36.659782563244825,317,710,568,780,442.5,745.0,-518.0
2201,36.67644610077357,313,675,567,744,440.0,709.5,-553.5
2202,36.69310963830232,306,649,566,712,436.0,680.5,-582.5
2203,36.70977317583107,303,627,566,691,434.5,659.0,-604.0
2204,36.72643671335982,301,614,566,678,433.5,646.0,-617.0
2205,36.74310025088856,300,609,564,674,432.0,641.5,-621.5
2206,36.75976378841731,300,610,565,674,432.5,642.0,-621.0
2207,36.77642732594606,301,620,566,684,433.5,652.0,-611.0
2208,36.7930908634748,302,635,564,698,433.0,666.5,-596.5
2209,36.80975440100355,305,654,566,720,435.5,687.0,-576.0
2210,36.8264179385323,310,675,560,747,435.0,711.0,-552.0
2211,36.843081476061045,312,707,562,785,437.0,746.0,-517.0
2212,36.859745013589794,320,752,566,825,443.0,788.5,-474.5
2213,36.876408551118544,320,800,563,869,441.5,834.5,-428.5
2214,36.893072088647294,322,845,563,916,442.5,880.5,-382.5
2215,36.90973562617604,322,887,572,959,447.0,923.0,-340.0
2216,36.92639916370479,322,936,570,1002,446.0,969.0,-294.0
2217,36.943062701233536,324,971,575,1035,449.5,1003.0,-260.0
2218,36.95972623876228,320,1000,578,1064,449.0,1032.0,-231.0
2219,36.97638977629103,320,1026,581,1088,450.5,1057.0,-206.0
2220,36.99305331381978,320,1042,579,1103,449.5,1072.5,-190.5
2221,37.00971685134852,323,1053,583,1114,453.0,1083.5,-179.5
2222,37.02638038887727,324,1056,583,1118,453.5,1087.0,-176.0
2223,37.04304392640602,323,1053,584,1115,453.5,1084.0,-179.0
2224,37.059707463934764,321,1041,583,1103,452.0,1072.0,-191.0
2225,37.076371001463514,322,1016,582,1082,452.0,1049.0,-214.0
2226,37.09303453899226,323,987,580,1053,451.5,1020.0,-243.0
2227,37.10969807652101,330,939,577,1016,453.5,977.5,-285.5
2228,37.126361614049756,324,898,571,975,447.5,936.5,-326.5
2229,37.143025151578506,328,856,570,933,449.0,894.5,-368.5
2230,37.159688689107256,327,817,568,890,447.5,853.5,-409.5
2231,37.176352226636,324,771,568,848,446.0,809.5,-453.5
2232,37.19301576416475,320,738,569,810,444.5,774.0,-489.0
2233,37.2096793016935,315,704,569,773,442.0,738.5,-524.5
2234,37.22634283922224,309,677,566,744,437.5,710.5,-552.5
2235,37.24300637675099,308,647,568,715,438.0,681.0,-582.0
2236,37.25966991427974,305,626,566,691,435.5,658.5,-604.5
2237,37.27633345180848,303,612,566,677,434.5,644.5,-618.5
2238,37.29299698933723,304,606,565,669,434.5,637.5,-625.5
2239,37.30966052686598,303,607,566,671,434.5,639.0,-624.0
2240,37.32632406439473,303,620,564,686,433.5,653.0,-610.0
2241,37.342987601923475,304,641,562,706,433.0,673.5,-589.5
2242,37.359651139452225,305,667,562,733,433.5,700.0,-563.0
2243,37.376314676980975,312,700,561,767,436.5,733.5,-529.5
2244,37.39297821450972,310,736,560,806,435.0,771.0,-492.0
2245,37.40964175203847,316,778,562,844,439.0,811.0,-452.0
2246,37.42630528956722,316,816,563,884,439.5,850.0,-413.0
2247,37.44296882709596,318,855,564,923,441.0,889.0,-374.0
2248,37.45963236462471,321,896,566,964,443.5,930.0,-333.0
2249,37.47629590215346,321,937,571,1004,446.0,970.5,-292.5
2250,37.4929594396822,321,976,572,1040,446.5,1008.0,-255.0
2251,37.50962297721095,319,1009,576,1070,447.5,1039.5,-223.5
2252,37.5262865147397,318,1034,578,1098,448.0,1066.0,-197.0
2253,37.54295005226845,319,1050,581,1113,450.0,1081.5,-181.5
2254,37.559613589797195,321,1059,582,1120,451.5,1089.5,-173.5
2255,37.576277127325945,321,1057,581,1117,451.0,1087.0,-176.0
2256,37.592940664854694,321,1042,582,1104,451.5,1073.0,-190.0
2257,37.60960420238344,321,1025,582,1087,451.5,1056.0,-207.0
2258,37.62626773991219,328,1001,582,1064,455.0,1032.5,-230.5
2259,37.64293127744094,328,972,580,1037,454.0,1004.5,-258.5
2260,37.65959481496968,325,938,579,1004,452.0,971.0,-292.0
2261,37.67625835249843,326,898,576,967,451.0,932.5,-330.5
2262,37.69292189002718,327,856,573,926,450.0,891.0,-372.0
2263,37.70958542755592,324,814,569,883,446.5,848.5,-414.5
2264,37.72624896508467,321,764,568,840,444.5,802.0,-461.0
2265,37.74291250261342,322,727,570,797,446.0,762.0,-501.0
2266,37.75957604014217,319,690,569,759,444.0,724.5,-538.5
2267,37.776239577670914,313,660,568,726,440.5,693.0,-570.0
2268,37.792903115199664,309,638,571,703,440.0,670.5,-592.5
2269,37.809566652728414,305,624,569,688,437.0,656.0,-607.0
2270,37.82623019025716,306,617,568,680,437.0,648.5,-614.5
2271,37.842893727785906,305,616,568,680,436.5,648.0,-615.0
2272,37.859557265314656,304,621,567,685,435.5,653.0,-610.0
2273,37.8762208028434,303,632,565,696,434.0,664.0,-599.0
2274,37.89288434037215,305,650,564,715,434.5,682.5,-580.5
2275,37.9095478779009,307,674,561,742,434.0,708.0,-555.0
2276,37.92621141542964,312,701,562,772,437.0,736.5,-526.5
2277,37.94287495295839,312,745,559,812,435.5,778.5,-484.5
2278,37.95953849048714,316,788,565,854,440.5,821.0,-442.0
2279,37.97620202801589,318,825,558,898,438.0,861.5,-401.5
2280,37.99286556554463,318,868,562,943,440.0,905.5,-357.5
2281,38.00952910307338,321,914,568,984,444.5,949.0,-314.0
2282,38.02619264060213,316,955,569,1019,442.5,987.0,-276.0
2283,38.042856178130876,315,984,572,1048,443.5,1016.0,-247.0
2284,38.059519715659626,316,1009,575,1072,445.5,1040.5,-222.5
2285,38.076183253188375,316,1031,575,1093,445.5,1062.0,-201.0
2286,38.09284679071712,317,1043,577,1107,447.0,1075.0,-188.0
2287,38.10951032824587,318,1050,580,1112,449.0,1081.0,-182.0
2288,38.12617386577462,318,1051,580,1112,449.0,1081.5,-181.5
2289,38.14283740330336,319,1040,583,1103,451.0,1071.5,-191.5
2290,38.15950094083211,320,1023,583,1086,451.5,1054.5,-208.5
2291,38.17616447836086,324,996,578,1059,451.0,1027.5,-235.5
2292,38.19282801588961,328,960,576,1025,452.0,992.5,-270.5
2293,38.20949155341835,325,914,572,987,448.5,950.5,-312.5
2294,38.2261550909471,330,874,574,945,452.0,909.5,-353.5
2295,38.24281862847585,327,833,575,905,451.0,869.0,-394.0
2296,38.259482166004595,325,792,571,863,448.0,827.5,-435.5
2297,38.276145703533345,321,759,571,826,446.0,792.5,-470.5
2298,38.292809241062095,320,721,571,789,445.5,755.0,-508.0
2299,38.30947277859084,316,688,572,760,444.0,724.0,-539.0
2300,38.32613631611959,313,662,572,728,442.5,695.0,-568.0
2301,38.34279985364834,310,637,571,703,440.5,670.0,-593.0
2302,38.35946339117708,308,622,571,686,439.5,654.0,-609.0
2303,38.37612692870583,307,613,570,676,438.5,644.5,-618.5
2304,38.39279046623458,306,611,570,676,438.0,643.5,-619.5
2305,38.40945400376333,306,621,569,685,437.5,653.0,-610.0
2306,38.42611754129207,305,637,566,703,435.5,670.0,-593.0
2307,38.44278107882082,310,660,565,728,437.5,694.0,-569.0
2308,38.45944461634957,311,689,563,760,437.0,724.5,-538.5
2309,38.476108153878315,311,728,566,794,438.5,761.0,-502.0
2310,38.492771691407064,314,764,563,830,438.5,797.0,-466.0
2311,38.509435228935814,315,804,563,868,439.0,836.0,-427.0
2312,38.52609876646456,315,840,563,908,439.0,874.0,-389.0
2313,38.54276230399331,320,882,565,948,442.5,915.0,-348.0
2314,38.55942584152206,320,911,569,986,444.5,948.5,-314.5
2315,38.576089379050806,318,959,570,1022,444.0,990.5,-272.5
2316,38.59275291657955,318,992,570,1056,444.0,1024.0,-239.0
2317,38.6094164541083,313,1023,574,1084,443.5,1053.5,-209.5
2318,38.62607999163705,313,1040,575,1102,444.0,1071.0,-192.0
2319,38.64274352916579,316,1051,577,1112,446.5,1081.5,-181.5
2320,38.65940706669454,316,1052,577,1112,446.5,1082.0,-181.0
2321,38.67607060422329,318,1040,577,1104,447.5,1072.0,-191.0
2322,38.692734141752034,320,1026,579,1089,449.5,1057.5,-205.5
2323,38.709397679280784,320,1004,578,1067,449.0,1035.5,-227.5
2324,38.72606121680953,322,978,576,1044,449.0,1011.0,-252.0
2325,38.742724754338276,324,948,579,1015,451.5,981.5,-281.5
2326,38.759388291867026,327,915,576,980,451.5,947.5,-315.5
2327,38.776051829395776,328,877,573,940,450.5,908.5,-354.5
2328,38.792715366924526,328,832,572,898,450.0,865.0,-398.0
2329,38.80937890445327,322,788,570,856,446.0,822.0,-441.0
2330,38.82604244198202,325,743,571,813,448.0,778.0,-485.0
2331,38.84270597951077,320,704,571,775,445.5,739.5,-523.5
2332,38.85936951703951,317,677,574,742,445.5,709.5,-553.5
2333,38.87603305456826,315,652,574,719,444.5,685.5,-577.5
2334,38.89269659209701,312,634,574,698,443.0,666.0,-597.0
2335,38.90936012962575,309,624,573,690,441.0,657.0,-606.0
2336,38.9260236671545,309,622,573,686,441.0,654.0,-609.0
2337,38.94268720468325,309,624,573,687,441.0,655.5,-607.5
2338,38.959350742211996,308,632,569,696,438.5,664.0,-599.0
2339,38.976014279740745,307,648,568,712,437.5,680.0,-583.0
2340,38.992677817269495,308,670,568,733,438.0,701.5,-561.5
2341,39.009341354798245,312,697,567,764,439.5,730.5,-532.5
2342,39.02600489232699,313,724,564,799,438.5,761.5,-501.5
2343,39.04266842985574,317,770,561,841,439.0,805.5,-457.5
2344,39.05933196738449,315,816,563,884,439.0,850.0,-413.0
2345,39.07599550491323,318,859,560,927,439.0,893.0,-370.0
2346,39.09265904244198,315,897,565,968,440.0,932.5,-330.5
2347,39.10932257997073,312,937,567,1002,439.5,969.5,-293.5
2348,39.12598611749947,312,970,569,1033,440.5,1001.5,-261.5
2349,39.14264965502822,315,997,572,1060,443.5,1028.5,-234.5
2350,39.15931319255697,313,1019,574,1080,443.5,1049.5,-213.5
2351,39.175976730085715,313,1034,575,1096,444.0,1065.0,-198.0
2352,39.192640267614465,315,1045,576,1105,445.5,1075.0,-188.0
2353,39.209303805143215,313,1048,575,1109,444.0,1078.5,-184.5
2354,39.225967342671964,313,1041,576,1102,444.5,1071.5,-191.5
2355,39.24263088020071,315,1026,576,1088,445.5,1057.0,-206.0
2356,39.25929441772946,319,1001,576,1068,447.5,1034.5,-228.5
2357,39.27595795525821,322,967,575,1034,448.5,1000.5,-262.5
2358,39.29262149278695,323,928,574,998,448.5,963.0,-300.0
2359,39.3092850303157,323,889,574,958,448.5,923.5,-339.5
2360,39.32594856784445,325,848,567,920,446.0,884.0,-379.0
2361,39.34261210537319,325,808,569,881,447.0,844.5,-418.5
2362,39.35927564290194,322,773,573,843,447.5,808.0,-455.0
2363,39.37593918043069,318,737,572,806,445.0,771.5,-491.5
2364,39.392602717959434,318,706,573,773,445.5,739.5,-523.5
2365,39.409266255488184,313,678,573,743,443.0,710.5,-552.5
2366,39.425929793016934,312,652,574,715,443.0,683.5,-579.5
2367,39.442593330545684,312,632,574,696,443.0,664.0,-599.0
2368,39.45925686807443,310,619,574,684,442.0,651.5,-611.5
2369,39.475920405603176,311,617,574,681,442.5,649.0,-614.0
2370,39.492583943131926,310,621,573,686,441.5,653.5,-609.5
2371,39.50924748066067,311,638,572,701,441.5,669.5,-593.5
2372,39.52591101818942,313,656,568,723,440.5,689.5,-573.5
2373,39.54257455571817,316,676,568,750,442.0,713.0,-550.0
2374,39.55923809324691,318,717,568,782,443.0,749.5,-513.5
2375,39.57590163077566,317,751,568,817,442.5,784.0,-479.0
2376,39.59256516830441,320,786,567,854,443.5,820.0,-443.0
2377,39.609228705833154,316,824,568,892,442.0,858.0,-405.0
2378,39.6258922433619,320,858,563,930,441.5,894.0,-369.0
2379,39.64255578089065,321,903,567,970,444.0,936.5,-326.5
2380,39.6592193184194,315,942,568,1007,441.5,974.5,-288.5
2381,39.675882855948146,312,979,567,1042,439.5,1010.5,-252.5
2382,39.692546393476896,315,1007,572,1072,443.5,1039.5,-223.5
2383,39.709209931005645,313,1030,574,1092,443.5,1061.0,-202.0
2384,39.72587346853439,313,1042,575,1102,444.0,1072.0,-191.0
2385,39.74253700606314,313,1044,575,1106,444.0,1075.0,-188.0
2386,39.75920054359189,313,1040,574,1101,443.5,1070.5,-192.5
2387,39.77586408112063,314,1027,576,1089,445.0,1058.0,-205.0
2388,39.79252761864938,314,1009,575,1072,444.5,1040.5,-222.5
2389,39.80919115617813,315,988,573,1049,444.0,1018.5,-244.5
2390,39.82585469370687,319,960,572,1022,445.5,991.0,-272.0
2391,39.84251823123562,320,925,572,990,446.0,957.5,-305.5
2392,39.85918176876437,321,876,570,954,445.5,915.0,-348.0
2393,39.87584530629312,319,836,569,912,444.0,874.0,-389.0
2394,39.892508843821865,322,804,567,872,444.5,838.0,-425.0
2395,39.909172381350615,321,763,569,830,445.0,796.5,-466.5
2396,39.925835918879365,318,724,569,790,443.5,757.0,-506.0
2397,39.94249945640811,314,693,573,757,443.5,725.0,-538.0
2398,39.95916299393686,315,664,574,730,444.5,697.0,-566.0
2399,39.97582653146561,312,646,574,710,443.0,678.0,-585.0
2400,39.99249006899435,311,634,574,698,442.5,666.0,-597.0
2401,40.0091536065231,312,628,574,692,443.0,660.0,-603.0
2402,40.02581714405185,310,628,573,692,441.5,660.0,-603.0
2403,40.04248068158059,310,633,574,696,442.0,664.5,-598.5
2404,40.05914421910934,311,644,573,709,442.0,676.5,-586.5
2405,40.07580775663809,312,664,573,729,442.5,696.5,-566.5
2406,40.09247129416684,316,688,572,756,444.0,722.0,-541.0
2407,40.109134831695584,319,722,567,788,443.0,755.0,-508.0
2408,40.125798369224334,320,759,567,828,443.5,793.5,-469.5
2409,40.142461906753084,320,801,568,868,444.0,834.5,-428.5
2410,40.15912544428183,322,843,566,910,444.0,876.5,-386.5
2411,40.17578898181058,319,885,570,951,444.5,918.0,-345.0
2412,40.19245251933933,319,921,572,987,445.5,954.0,-309.0
2413,40.20911605686807,318,956,572,1018,445.0,987.0,-276.0
2414,40.22577959439682,314,981,573,1047,443.5,1014.0,-249.0
2415,40.24244313192557,315,1006,574,1068,444.5,1037.0,-226.0
2416,40.25910666945432,314,1024,574,1086,444.0,1055.0,-208.0
2417,40.27577020698306,313,1037,574,1099,443.5,1068.0,-195.0
2418,40.29243374451181,314,1043,574,1104,444.0,1073.5,-189.5
2419,40.30909728204056,312,1040,574,1102,443.0,1071.0,-192.0
2420,40.325760819569304,312,1029,573,1090,442.5,1059.5,-203.5
2421,40.342424357098054,314,1007,571,1069,442.5,1038.0,-225.0
2422,40.3590878946268,313,977,570,1042,441.5,1009.5,-253.5
2423,40.375751432155546,316,944,569,1008,442.5,976.0,-287.0
2424,40.392414969684296,320,905,568,971,444.0,938.0,-325.0
2425,40.409078507213046,318,865,565,933,441.5,899.0,-364.0
2426,40.42574204474179,318,829,568,894,443.0,861.5,-401.5
2427,40.44240558227054,317,792,568,858,442.5,825.0,-438.0
2428,40.45906911979929,316,750,568,822,442.0,786.0,-477.0
2429,40.47573265732804,312,718,569,788,440.5,753.0,-510.0
2430,40.49239619485678,316,689,569,756,442.5,722.5,-540.5
2431,40.50905973238553,312,662,571,730,441.5,696.0,-567.0
2432,40.52572326991428,311,644,573,708,442.0,676.0,-587.0
2433,40.54238680744302,310,629,574,693,442.0,661.0,-602.0
2434,40.55905034497177,311,623,572,686,441.5,654.5,-608.5
2435,40.57571388250052,311,625,572,689,441.5,657.0,-606.0
2436,40.592377420029266,312,637,575,701,443.5,669.0,-594.0
2437,40.609040957558015,312,656,574,721,443.0,688.5,-574.5
2438,40.625704495086765,314,680,574,746,444.0,713.0,-550.0
2439,40.64236803261551,320,709,574,775,447.0,742.0,-521.0
2440,40.65903157014426,319,742,572,807,445.5,774.5,-488.5
2441,40.67569510767301,320,775,574,840,447.0,807.5,-455.5
2442,40.69235864520176,320,812,570,877,445.0,844.5,-418.5
2443,40.7090221827305,322,849,571,915,446.5,882.0,-381.0
2444,40.72568572025925,323,888,572,954,447.5,921.0,-342.0
2445,40.742349257788,322,928,570,992,446.0,960.0,-303.0
2446,40.75901279531674,320,962,573,1027,446.5,994.5,-268.5
2447,40.77567633284549,317,992,574,1056,445.5,1024.0,-239.0
2448,40.79233987037424,314,1017,575,1079,444.5,1048.0,-215.0
2449,40.809003407902985,314,1031,576,1094,445.0,1062.5,-200.5
2450,40.825666945431735,314,1039,574,1100,444.0,1069.5,-193.5
2451,40.842330482960485,313,1036,573,1097,443.0,1066.5,-196.5
2452,40.85899402048923,314,1027,574,1088,444.0,1057.5,-205.5
2453,40.87565755801798,314,1013,573,1074,443.5,1043.5,-219.5
2454,40.89232109554673,314,993,571,1054,442.5,1023.5,-239.5
2455,40.90898463307548,314,966,571,1030,442.5,998.0,-265.0
2456,40.92564817060422,317,936,568,1002,442.5,969.0,-294.0
2457,40.94231170813297,318,900,564,967,441.0,933.5,-329.5
2458,40.95897524566172,319,858,564,928,441.5,893.0,-370.0
2459,40.97563878319046,318,818,566,887,442.0,852.5,-410.5
2460,40.99230232071921,315,779,568,845,441.5,812.0,-451.0
2461,41.00896585824796,313,736,566,806,439.5,771.0,-492.0
2462,41.025629395776704,312,706,567,772,439.5,739.0,-524.0
2463,41.042292933305454,311,680,569,744,440.0,712.0,-551.0
2464,41.058956470834204,309,658,570,723,439.5,690.5,-572.5
2465,41.07562000836295,307,645,570,708,438.5,676.5,-586.5
2466,41.092283545891696,308,635,571,699,439.5,667.0,-596.0
2467,41.108947083420446,308,633,570,697,439.0,665.0,-598.0
2468,41.125610620949196,310,636,573,700,441.5,668.0,-595.0
2469,41.14227415847794,311,645,573,709,442.0,677.0,-586.0
2470,41.15893769600669,312,660,574,725,443.0,692.5,-570.5
2471,41.17560123353544,316,682,574,748,445.0,715.0,-548.0
2472,41.19226477106418,319,713,572,779,445.5,746.0,-517.0
2473,41.20892830859293,323,749,569,815,446.0,782.0,-481.0
2474,41.22559184612168,322,788,572,858,447.0,823.0,-440.0
2475,41.24225538365042,325,827,571,894,448.0,860.5,-402.5
2476,41.25891892117917,323,867,573,934,448.0,900.5,-362.5
2477,41.27558245870792,326,907,574,971,450.0,939.0,-324.0
2478,41.292245996236666,322,939,575,1004,448.5,971.5,-291.5
2479,41.308909533765416,319,968,576,1032,447.5,1000.0,-263.0
2480,41.325573071294166,319,993,576,1056,447.5,1024.5,-238.5
2481,41.342236608822915,319,1013,578,1074,448.5,1043.5,-219.5
2482,41.35890014635166,315,1028,578,1089,446.5,1058.5,-204.5
2483,41.37556368388041,315,1037,577,1098,446.0,1067.5,-195.5
2484,41.39222722140916,314,1037,576,1098,445.0,1067.5,-195.5
2485,41.4088907589379,313,1028,574,1089,443.5,1058.5,-204.5
2486,41.42555429646665,313,1008,573,1072,443.0,1040.0,-223.0
2487,41.4422178339954,315,982,572,1048,443.5,1015.0,-248.0
2488,41.45888137152414,316,952,569,1019,442.5,985.5,-277.5
2489,41.47554490905289,320,918,566,982,443.0,950.0,-313.0
2490,41.49220844658164,317,880,567,945,442.0,912.5,-350.5
2491,41.508871984110385,314,842,568,908,441.0,875.0,-388.0
2492,41.525535521639135,311,802,567,874,439.0,838.0,-425.0
2493,41.542199059167885,310,772,565,839,437.5,805.5,-457.5
2494,41.558862596696635,311,737,567,803,439.0,770.0,-493.0
2495,41.57552613422538,312,705,568,772,440.0,738.5,-524.5
2496,41.59218967175413,308,677,568,742,438.0,709.5,-553.5
2497,41.60885320928288,308,654,568,719,438.0,686.5,-576.5
2498,41.62551674681162,306,638,569,702,437.5,670.0,-593.0
2499,41.64218028434037,307,629,569,694,438.0,661.5,-601.5
2500,41.65884382186912,308,629,569,694,438.5,661.5,-601.5
2501,41.67550735939786,309,637,571,702,440.0,669.5,-593.5
2502,41.69217089692661,312,653,574,718,443.0,685.5,-577.5
2503,41.70883443445536,312,671,573,740,442.5,705.5,-557.5
2504,41.72549797198411,317,696,573,766,445.0,731.0,-532.0
2505,41.742161509512854,317,732,574,796,445.5,764.0,-499.0
2506,41.758825047041604,321,763,573,829,447.0,796.0,-467.0
2507,41.775488584570354,324,797,574,863,449.0,830.0,-433.0
2508,41.7921521220991,324,833,575,902,449.5,867.5,-395.5
2509,41.80881565962785,324,873,572,938,448.0,905.5,-357.5
2510,41.8254791971566,327,912,575,977,451.0,944.5,-318.5
2511,41.84214273468534,326,947,577,1013,451.5,980.0,-283.0
2512,41.85880627221409,322,980,578,1043,450.0,1011.5,-251.5
2513,41.87546980974284,320,1004,579,1067,449.5,1035.5,-227.5
2514,41.89213334727158,319,1021,579,1083,449.0,1052.0,-211.0
2515,41.90879688480033,317,1031,578,1092,447.5,1061.5,-201.5
2516,41.92546042232908,317,1031,578,1092,447.5,1061.5,-201.5
2517,41.94212395985783,315,1025,578,1086,446.5,1055.5,-207.5
2518,41.958787497386574,314,1010,576,1074,445.0,1042.0,-221.0
2519,41.975451034915324,313,995,575,1058,444.0,1026.5,-236.5
2520,41.99211457244407,315,973,573,1037,444.0,1005.0,-258.0
2521,42.008778109972816,312,945,570,1008,441.0,976.5,-286.5
2522,42.025441647501566,316,906,569,976,442.5,941.0,-322.0
2523,42.042105185030316,317,870,564,940,440.5,905.0,-358.0
2524,42.05876872255906,318,826,565,900,441.5,863.0,-400.0
2525,42.07543226008781,315,789,568,861,441.5,825.0,-438.0
2526,42.09209579761656,312,749,562,822,437.0,785.5,-477.5
2527,42.1087593351453,308,723,563,786,435.5,754.5,-508.5
2528,42.12542287267405,309,692,565,759,437.0,725.5,-537.5
2529,42.1420864102028,306,672,568,735,437.0,703.5,-559.5
2530,42.15874994773155,304,655,568,718,436.0,686.5,-576.5
2531,42.17541348526029,304,644,568,707,436.0,675.5,-587.5
2532,42.19207702278904,307,638,568,702,437.5,670.0,-593.0
2533,42.20874056031779,306,637,568,702,437.0,669.5,-593.5
2534,42.225404097846535,307,645,570,708,438.5,676.5,-586.5
2535,42.242067635375285,309,657,570,722,439.5,689.5,-573.5
2536,42.258731172904035,312,676,571,743,441.5,709.5,-553.5
2537,42.27539471043278,316,703,572,771,444.0,737.0,-526.0
2538,42.29205824796153,320,736,572,805,446.0,770.5,-492.5
2539,42.30872178549028,322,776,572,844,447.0,810.0,-453.0
2540,42.32538532301902,322,814,573,882,447.5,848.0,-415.0
2541,42.34204886054777,326,852,574,920,450.0,886.0,-377.0
2542,42.35871239807652,323,890,577,955,450.0,922.5,-340.5
2543,42.37537593560527,321,924,576,988,448.5,956.0,-307.0
2544,42.39203947313401,324,956,578,1018,451.0,987.0,-276.0
2545,42.40870301066276,322,980,581,1043,451.5,1011.5,-251.5
2546,42.42536654819151,320,1001,580,1064,450.0,1032.5,-230.5
2547,42.442030085720255,321,1017,581,1080,451.0,1048.5,-214.5
2548,42.458693623249005,320,1030,580,1091,450.0,1060.5,-202.5
2549,42.475357160777754,319,1032,580,1094,449.5,1063.0,-200.0
2550,42.4920206983065,317,1027,578,1088,447.5,1057.5,-205.5
2551,42.50868423583525,318,1010,577,1074,447.5,1042.0,-221.0
2552,42.525347773364,318,987,574,1050,446.0,1018.5,-244.5
2553,42.54201131089274,320,961,576,1023,448.0,992.0,-271.0
2554,42.55867484842149,317,927,574,991,445.5,959.0,-304.0
2555,42.57533838595024,317,886,572,958,444.5,922.0,-341.0
2556,42.59200192347899,318,854,564,923,441.0,888.5,-374.5
2557,42.60866546100773,312,820,568,889,440.0,854.5,-408.5
2558,42.62532899853648,313,785,564,853,438.5,819.0,-444.0
2559,42.64199253606523,306,750,564,819,435.0,784.5,-478.5
2560,42.658656073593974,308,719,565,786,436.5,752.5,-510.5
2561,42.675319611122724,307,689,565,756,436.0,722.5,-540.5
2562,42.691983148651474,304,664,567,730,435.5,697.0,-566.0
2563,42.70864668618022,303,647,567,712,435.0,679.5,-583.5
2564,42.725310223708966,304,638,567,701,435.5,669.5,-593.5
2565,42.741973761237716,303,635,567,698,435.0,666.5,-596.5
2566,42.75863729876646,305,640,568,704,436.5,672.0,-591.0
2567,42.77530083629521,306,652,568,717,437.0,684.5,-578.5
2568,42.79196437382396,306,672,569,736,437.5,704.0,-559.0
2569,42.80862791135271,309,695,570,761,439.5,728.0,-535.0
2570,42.82529144888145,312,722,569,787,440.5,754.5,-508.5
2571,42.8419549864102,318,754,569,818,443.5,786.0,-477.0
2572,42.85861852393895,320,786,573,851,446.5,818.5,-444.5
2573,42.87528206146769,322,821,573,887,447.5,854.0,-409.0
2574,42.89194559899644,322,858,574,924,448.0,891.0,-372.0
2575,42.90860913652519,328,895,573,962,450.5,928.5,-334.5
2576,42.925272674053936,324,933,577,998,450.5,965.5,-297.5
2577,42.941936211582686,322,964,578,1029,450.0,996.5,-266.5
2578,42.958599749111436,320,990,582,1054,451.0,1022.0,-241.0
2579,42.97526328664018,321,1011,583,1072,452.0,1041.5,-221.5
2580,42.99192682416893,320,1022,581,1083,450.5,1052.5,-210.5
2581,43.00859036169768,320,1024,582,1087,451.0,1055.5,-207.5
2582,43.02525389922643,320,1021,581,1084,450.5,1052.5,-210.5
2583,43.04191743675517,320,1012,580,1074,450.0,1043.0,-220.0
2584,43.05858097428392,319,999,579,1060,449.0,1029.5,-233.5
2585,43.07524451181267,318,978,576,1041,447.0,1009.5,-253.5
2586,43.09190804934141,318,951,576,1017,447.0,984.0,-279.0
2587,43.10857158687016,320,923,570,987,445.0,955.0,-308.0
2588,43.12523512439891,320,880,571,952,445.5,916.0,-347.0
2589,43.141898661927655,320,838,568,914,444.0,876.0,-387.0
2590,43.158562199456405,318,806,564,875,441.0,840.5,-422.5
2591,43.175225736985155,316,770,566,836,441.0,803.0,-460.0
2592,43.1918892745139,311,736,568,801,439.5,768.5,-494.5
2593,43.20855281204265,312,705,567,772,439.5,738.5,-524.5
2594,43.2252163495714,305,684,566,748,435.5,716.0,-547.0
2595,43.24187988710015,303,666,566,729,434.5,697.5,-565.5
2596,43.25854342462889,303,653,567,716,435.0,684.5,-578.5
2597,43.27520696215764,302,644,566,708,434.0,676.0,-587.0
2598,43.29187049968639,301,642,565,706,433.0,674.0,-589.0
2599,43.30853403721513,302,647,566,710,434.0,678.5,-584.5
2600,43.32519757474388,304,658,568,722,436.0,690.0,-573.0
2601,43.34186111227263,308,674,568,738,438.0,706.0,-557.0
2602,43.358524649801375,308,700,568,765,438.0,732.5,-530.5
2603,43.375188187330124,314,730,567,796,440.5,763.0,-500.0
2604,43.391851724858874,320,761,564,831,442.0,796.0,-467.0
2605,43.408515262387624,317,803,569,868,443.0,835.5,-427.5
2606,43.42517879991637,323,841,572,907,447.5,874.0,-389.0
2607,43.44184233744512,318,866,574,942,446.0,904.0,-359.0
2608,43.458505874973866,320,909,577,972,448.5,940.5,-322.5
2609,43.47516941250261,320,931,576,1004,448.0,967.5,-295.5
2610,43.49183295003136,322,956,578,1029,450.0,992.5,-270.5
2611,43.50849648756011,320,988,581,1051,450.5,1019.5,-243.5
2612,43.52516002508885,320,1008,583,1070,451.5,1039.0,-224.0
2613,43.5418235626176,321,1019,583,1083,452.0,1051.0,-212.0
2614,43.55848710014635,320,1026,583,1088,451.5,1057.0,-206.0
2615,43.575150637675094,320,1025,583,1086,451.5,1055.5,-207.5
2616,43.591814175203844,320,1012,582,1074,451.0,1043.0,-220.0
2617,43.60847771273259,322,993,580,1054,451.0,1023.5,-239.5
2618,43.62514125026134,321,966,578,1031,449.5,998.5,-264.5
2619,43.641804787790086,323,936,575,1000,449.0,968.0,-295.0
2620,43.658468325318836,322,901,574,970,448.0,935.5,-327.5
2621,43.675131862847586,319,868,570,935,444.5,901.5,-361.5
2622,43.69179540037633,318,834,569,901,443.5,867.5,-395.5
2623,43.70845893790508,316,801,569,866,442.5,833.5,-429.5
2624,43.72512247543383,318,768,568,832,443.0,800.0,-463.0
2625,43.74178601296257,312,733,567,798,439.5,765.5,-497.5
2626,43.75844955049132,311,701,567,769,439.0,735.0,-528.0
2627,43.77511308802007,305,678,567,742,436.0,710.0,-553.0
2628,43.79177662554881,303,658,566,721,434.5,689.5,-573.5
2629,43.80844016307756,303,646,566,709,434.5,677.5,-585.5
2630,43.82510370060631,302,641,566,704,434.0,672.5,-590.5
2631,43.84176723813506,303,644,566,708,434.5,676.0,-587.0
2632,43.858430775663805,303,654,566,720,434.5,687.0,-576.0
2633,43.875094313192555,305,671,567,735,436.0,703.0,-560.0
2634,43.891757850721305,306,690,566,756,436.0,723.0,-540.0
2635,43.90842138825005,308,715,568,781,438.0,748.0,-515.0
2636,43.9250849257788,313,744,566,808,439.5,776.0,-487.0
2637,43.94174846330755,314,776,565,841,439.5,808.5,-454.5
2638,43.95841200083629,317,806,569,874,443.0,840.0,-423.0
2639,43.97507553836504,321,842,571,911,446.0,876.5,-386.5
2640,43.99173907589379,321,883,575,948,448.0,915.5,-347.5
2641,44.00840261342253,322,919,575,984,448.5,951.5,-311.5
2642,44.02506615095128,320,950,576,1015,448.0,982.5,-280.5
2643,44.04172968848003,320,978,578,1042,449.0,1010.0,-253.0
2644,44.05839322600878,320,998,580,1062,450.0,1030.0,-233.0
2645,44.075056763537525,322,1013,583,1074,452.5,1043.5,-219.5
2646,44.091720301066275,322,1019,583,1080,452.5,1049.5,-213.5
2647,44.108383838595024,322,1018,583,1080,452.5,1049.0,-214.0
2648,44.12504737612377,323,1012,583,1073,453.0,1042.5,-220.5
2649,44.14171091365252,321,1001,582,1062,451.5,1031.5,-231.5
2650,44.15837445118127,320,984,581,1046,450.5,1015.0,-248.0
2651,44.17503798871001,321,959,578,1024,449.5,991.5,-271.5
2652,44.19170152623876,322,933,576,997,449.0,965.0,-298.0
2653,44.20836506376751,323,897,574,964,448.5,930.5,-332.5
2654,44.22502860129625,323,859,570,926,446.5,892.5,-370.5
2655,44.241692138825,322,819,572,887,447.0,853.0,-410.0
2656,44.25835567635375,318,787,568,850,443.0,818.5,-444.5
2657,44.2750192138825,318,750,568,815,443.0,782.5,-480.5
2658,44.291682751411244,312,720,569,785,440.5,752.5,-510.5
2659,44.308346288939994,308,694,568,761,438.0,727.5,-535.5
2660,44.325009826468744,306,676,567,741,436.5,708.5,-554.5
2661,44.34167336399749,304,662,567,726,435.5,694.0,-569.0
2662,44.358336901526236,304,652,567,716,435.5,684.0,-579.0
2663,44.375000439054986,303,648,568,712,435.5,680.0,-583.0
2664,44.39166397658373,302,649,567,713,434.5,681.0,-582.0
2665,44.40832751411248,302,657,566,720,434.0,688.5,-574.5
2666,44.42499105164123,303,672,566,736,434.5,704.0,-559.0
2667,44.44165458916997,306,696,568,759,437.0,727.5,-535.5
2668,44.45831812669872,311,722,565,788,438.0,755.0,-508.0
2669,44.47498166422747,312,752,566,822,439.0,787.0,-476.0
2670,44.49164520175622,314,788,565,858,439.5,823.0,-440.0
2671,44.50830873928496,313,824,567,892,440.0,858.0,-405.0
2672,44.52497227681371,316,858,568,927,442.0,892.5,-370.5
2673,44.54163581434246,317,894,572,960,444.5,927.0,-336.0
2674,44.558299351871206,318,926,574,989,446.0,957.5,-305.5
2675,44.574962889399956,321,952,576,1016,448.5,984.0,-279.0
2676,44.591626426928705,318,976,578,1040,448.0,1008.0,-255.0
2677,44.60828996445745,320,996,578,1060,449.0,1028.0,-235.0
2678,44.6249535019862,319,1012,580,1074,449.5,1043.0,-220.0
2679,44.64161703951495,320,1021,580,1082,450.0,1051.5,-211.5
2680,44.65828057704369,320,1020,581,1082,450.5,1051.0,-212.0
2681,44.67494411457244,321,1012,583,1073,452.0,1042.5,-220.5
2682,44.69160765210119,321,994,582,1056,451.5,1025.0,-238.0
2683,44.70827118962994,324,970,580,1035,452.0,1002.5,-260.5
2684,44.72493472715868,323,944,579,1008,451.0,976.0,-287.0
2685,44.74159826468743,324,913,578,977,451.0,945.0,-318.0
2686,44.75826180221618,325,880,578,947,451.5,913.5,-349.5
2687,44.774925339744925,318,848,575,914,446.5,881.0,-382.0
2688,44.791588877273675,320,816,573,879,446.5,847.5,-415.5
2689,44.808252414802425,318,781,572,846,445.0,813.5,-449.5
2690,44.82491595233117,315,748,570,814,442.5,781.0,-482.0
2691,44.84157948985992,313,710,569,781,441.0,745.5,-517.5
2692,44.85824302738867,310,691,569,754,439.5,722.5,-540.5
2693,44.87490656491741,307,669,570,733,438.5,701.0,-562.0
2694,44.89157010244616,307,655,569,718,438.0,686.5,-576.5
2695,44.90823363997491,305,647,568,712,436.5,679.5,-583.5
2696,44.92489717750366,305,647,568,712,436.5,679.5,-583.5
2697,44.9415607150324,304,655,567,720,435.5,687.5,-575.5
2698,44.95822425256115,304,669,568,733,436.0,701.0,-562.0
2699,44.9748877900899,310,688,568,752,439.0,720.0,-543.0
2700,44.991551327618645,305,706,567,775,436.0,740.5,-522.5
2701,45.008214865147394,310,735,567,800,438.5,767.5,-495.5
2702,45.024878402676144,312,765,567,830,439.5,797.5,-465.5
2703,45.04154194020489,312,796,567,862,439.5,829.0,-434.0
2704,45.05820547773364,313,832,568,897,440.5,864.5,-398.5
2705,45.07486901526239,316,869,568,935,442.0,902.0,-361.0
2706,45.091532552791136,321,904,570,971,445.5,937.5,-325.5
2707,45.10819609031988,314,938,573,1002,443.5,970.0,-293.0
2708,45.12485962784863,317,966,574,1029,445.5,997.5,-265.5
2709,45.14152316537738,316,988,578,1049,447.0,1018.5,-244.5
2710,45.15818670290612,318,1003,578,1064,448.0,1033.5,-229.5
2711,45.17485024043487,319,1011,579,1074,449.0,1042.5,-220.5
2712,45.19151377796362,319,1011,580,1074,449.5,1042.5,-220.5
2713,45.208177315492364,319,1010,580,1071,449.5,1040.5,-222.5
2714,45.224840853021114,319,1001,580,1062,449.5,1031.5,-231.5
2715,45.24150439054986,320,985,581,1048,450.5,1016.5,-246.5
2716,45.258167928078606,320,965,580,1030,450.0,997.5,-265.5
2717,45.274831465607356,320,938,577,1005,448.5,971.5,-291.5
2718,45.291495003136106,324,906,575,974,449.5,940.0,-323.0
2719,45.308158540664856,327,873,576,937,451.5,905.0,-358.0
2720,45.3248220781936,324,833,575,901,449.5,867.0,-396.0
2721,45.34148561572235,322,795,573,864,447.5,829.5,-433.5
2722,45.3581491532511,320,766,574,831,447.0,798.5,-464.5
2723,45.37481269077984,318,735,572,800,445.0,767.5,-495.5
2724,45.39147622830859,312,709,572,774,442.0,741.5,-521.5
2725,45.40813976583734,310,689,572,752,441.0,720.5,-542.5
2726,45.42480330336608,309,672,571,735,440.0,703.5,-559.5
2727,45.44146684089483,307,660,570,724,438.5,692.0,-571.0
2728,45.45813037842358,306,655,571,718,438.5,686.5,-576.5
2729,45.474793915952326,306,653,571,716,438.5,684.5,-578.5
2730,45.491457453481075,306,657,570,721,438.0,689.0,-574.0
2731,45.508120991009825,305,671,568,734,436.5,702.5,-560.5
2732,45.524784528538575,306,688,568,754,437.0,721.0,-542.0
2733,45.54144806606732,309,714,568,782,438.5,748.0,-515.0
2734,45.55811160359607,311,744,566,812,438.5,778.0,-485.0
2735,45.57477514112482,312,778,566,847,439.0,812.5,-450.5
2736,45.59143867865356,312,815,567,880,439.5,847.5,-415.5
2737,45.60810221618231,317,849,567,914,442.0,881.5,-381.5
2738,45.62476575371106,312,881,568,947,440.0,914.0,-349.0
2739,45.6414292912398,313,910,568,976,440.5,943.0,-320.0
2740,45.65809282876855,316,937,574,1004,445.0,970.5,-292.5
2741,45.6747563662973,316,963,574,1028,445.0,995.5,-267.5
2742,45.691419903826045,315,986,576,1050,445.5,1018.0,-245.0
2743,45.708083441354795,316,1004,577,1065,446.5,1034.5,-228.5
2744,45.724746978883545,315,1015,577,1076,446.0,1045.5,-217.5
2745,45.741410516412294,315,1014,576,1077,445.5,1045.5,-217.5
2746,45.75807405394104,317,1010,578,1072,447.5,1041.0,-222.0
2747,45.77473759146979,318,997,580,1059,449.0,1028.0,-235.0
2748,45.79140112899854,318,975,578,1038,448.0,1006.5,-256.5
2749,45.80806466652728,322,950,577,1014,449.5,982.0,-281.0
2750,45.82472820405603,324,921,575,985,449.5,953.0,-310.0
2751,45.84139174158478,323,889,576,954,449.5,921.5,-341.5
2752,45.85805527911352,322,859,575,924,448.5,891.5,-371.5
2753,45.87471881664227,321,826,575,893,448.0,859.5,-403.5
2754,45.89138235417102,320,793,576,859,448.0,826.0,-437.0
2755,45.908045891699764,319,760,574,826,446.5,793.0,-470.0
2756,45.924709429228514,314,729,574,796,444.0,762.5,-500.5
2757,45.941372966757264,314,700,574,767,444.0,733.5,-529.5
2758,45.958036504286014,311,678,573,744,442.0,711.0,-552.0
2759,45.974700041814756,309,664,573,728,441.0,696.0,-567.0
2760,45.991363579343506,309,655,572,718,440.5,686.5,-576.5
2761,46.008027116872256,309,654,572,717,440.5,685.5,-577.5
2762,46.024690654401,306,659,570,723,438.0,691.0,-572.0
2763,46.04135419192975,307,670,569,734,438.0,702.0,-561.0
2764,46.0580177294585,309,685,568,749,438.5,717.0,-546.0
2765,46.07468126698724,309,703,568,769,438.5,736.0,-527.0
2766,46.09134480451599,310,728,568,793,439.0,760.5,-502.5
2767,46.10800834204474,314,755,567,820,440.5,787.5,-475.5
2768,46.124671879573484,312,786,567,852,439.5,819.0,-444.0
2769,46.14133541710223,314,820,568,886,441.0,853.0,-410.0
2770,46.15799895463098,317,855,569,922,443.0,888.5,-374.5
2771,46.17466249215973,317,888,568,956,442.5,922.0,-341.0
2772,46.191326029688476,313,921,569,988,441.0,954.5,-308.5
2773,46.207989567217226,313,951,573,1019,443.0,985.0,-278.0
2774,46.224653104745975,314,977,574,1039,444.0,1008.0,-255.0
2775,46.24131664227472,313,993,575,1054,444.0,1023.5,-239.5
2776,46.25798017980347,314,1003,576,1065,445.0,1034.0,-229.0
2777,46.27464371733222,316,1008,576,1069,446.0,1038.5,-224.5
2778,46.29130725486096,315,1008,576,1068,445.5,1038.0,-225.0
2779,46.30797079238971,315,999,577,1062,446.0,1030.5,-232.5
2780,46.32463432991846,315,988,576,1050,445.5,1019.0,-244.0
2781,46.3412978674472,315,970,577,1032,446.0,1001.0,-262.0
2782,46.35796140497595,318,945,578,1009,448.0,977.0,-286.0
2783,46.3746249425047,325,918,574,981,449.5,949.5,-313.5
2784,46.39128848003345,320,882,574,949,447.0,915.5,-347.5
2785,46.407952017562195,321,847,575,913,448.0,880.0,-383.0
2786,46.424615555090945,322,810,575,876,448.5,843.0,-420.0
2787,46.441279092619695,320,778,575,843,447.5,810.5,-452.5
2788,46.45794263014844,317,749,573,812,445.0,780.5,-482.5
2789,46.47460616767719,314,722,575,786,444.5,754.0,-509.0
2790,46.49126970520594,312,698,574,764,443.0,731.0,-532.0
2791,46.50793324273468,312,680,574,745,443.0,712.5,-550.5
2792,46.52459678026343,311,669,574,732,442.5,700.5,-562.5
2793,46.54126031779218,309,659,573,724,441.0,691.5,-571.5
2794,46.55792385532092,310,657,572,721,441.0,689.0,-574.0
2795,46.57458739284967,309,660,571,724,440.0,692.0,-571.0
2796,46.59125093037842,309,669,573,734,441.0,701.5,-561.5
2797,46.60791446790717,311,686,572,750,441.5,718.0,-545.0
2798,46.624578005435914,312,710,571,776,441.5,743.0,-520.0
2799,46.641241542964664,311,737,568,805,439.5,771.0,-492.0
2800,46.657905080493414,313,765,569,836,441.0,800.5,-462.5
2801,46.67456861802216,315,794,568,869,441.5,831.5,-431.5
2802,46.69123215555091,317,829,569,902,443.0,865.5,-397.5
2803,46.70789569307966,313,868,569,934,441.0,901.0,-362.0
2804,46.7245592306084,313,897,570,964,441.5,930.5,-332.5
2805,46.74122276813715,316,926,569,992,442.5,959.0,-304.0
2806,46.7578863056659,314,952,572,1017,443.0,984.5,-278.5
2807,46.77454984319465,313,973,571,1039,442.0,1006.0,-257.0
2808,46.79121338072339,313,994,574,1056,443.5,1025.0,-238.0
2809,46.80787691825214,314,1007,574,1069,444.0,1038.0,-225.0
2810,46.82454045578089,314,1011,574,1073,444.0,1042.0,-221.0
2811,46.841203993309634,313,1009,575,1069,444.0,1039.0,-224.0
2812,46.857867530838384,314,997,576,1058,445.0,1027.5,-235.5
2813,46.87453106836713,314,978,574,1040,444.0,1009.0,-254.0
2814,46.891194605895876,318,955,576,1019,447.0,987.0,-276.0
2815,46.907858143424626,320,929,574,991,447.0,960.0,-303.0
2816,46.924521680953376,318,900,574,964,446.0,932.0,-331.0
2817,46.94118521848212,320,871,573,935,446.5,903.0,-360.0
2818,46.95784875601087,320,840,574,904,447.0,872.0,-391.0
2819,46.97451229353962,322,808,572,873,447.0,840.5,-422.5
2820,46.99117583106837,318,775,573,840,445.5,807.5,-455.5
2821,47.00783936859711,316,733,570,808,443.0,770.5,-492.5
2822,47.02450290612586,313,715,574,779,443.5,747.0,-516.0
2823,47.04116644365461,313,689,574,756,443.5,722.5,-540.5
2824,47.05782998118335,312,672,574,737,443.0,704.5,-558.5
2825,47.0744935187121,311,662,575,726,443.0,694.0,-569.0
2826,47.09115705624085,309,658,574,723,441.5,690.5,-572.5
2827,47.107820593769596,310,661,574,725,442.0,693.0,-570.0
2828,47.124484131298345,310,671,573,734,441.5,702.5,-560.5
2829,47.141147668827095,309,683,573,749,441.0,716.0,-547.0
2830,47.15781120635584,310,701,573,766,441.5,733.5,-529.5
2831,47.17447474388459,313,722,573,787,443.0,754.5,-508.5
2832,47.19113828141334,316,746,572,812,444.0,779.0,-484.0
2833,47.20780181894209,316,775,570,842,443.0,808.5,-454.5
2834,47.22446535647083,317,805,567,875,442.0,840.0,-423.0
2835,47.24112889399958,320,834,569,908,444.5,871.0,-392.0
2836,47.25779243152833,320,879,570,942,445.0,910.5,-352.5
2837,47.27445596905707,317,911,571,974,444.0,942.5,-320.5
2838,47.29111950658582,314,940,572,1004,443.0,972.0,-291.0
2839,47.30778304411457,314,964,574,1027,444.0,995.5,-267.5
2840,47.324446581643315,313,983,574,1045,443.5,1014.0,-249.0
2841,47.341110119172065,313,994,574,1056,443.5,1025.0,-238.0
2842,47.357773656700815,313,1001,575,1063,444.0,1032.0,-231.0
2843,47.37443719422956,314,1002,574,1064,444.0,1033.0,-230.0
2844,47.39110073175831,312,999,574,1061,443.0,1030.0,-233.0
2845,47.40776426928706,312,989,575,1051,443.5,1020.0,-243.0
2846,47.42442780681581,313,975,574,1036,443.5,1005.5,-257.5
2847,47.44109134434455,313,953,575,1016,444.0,984.5,-278.5
2848,47.4577548818733,317,925,573,990,445.0,957.5,-305.5
2849,47.47441841940205,320,894,570,958,445.0,926.0,-337.0
2850,47.49108195693079,318,858,571,924,444.5,891.0,-372.0
2851,47.50774549445954,319,824,572,890,445.5,857.0,-406.0
2852,47.52440903198829,316,789,571,856,443.5,822.5,-440.5
2853,47.541072569517034,312,760,573,826,442.5,793.0,-470.0
2854,47.557736107045784,312,734,570,799,441.0,766.5,-496.5
2855,47.574399644574534,315,711,573,776,444.0,743.5,-519.5
2856,47.59106318210328,312,693,575,758,443.5,725.5,-537.5
2857,47.607726719632026,311,678,573,741,442.0,709.5,-553.5
2858,47.624390257160776,311,667,574,730,442.5,698.5,-564.5
2859,47.641053794689526,311,662,574,726,442.5,694.0,-569.0
2860,47.65771733221827,312,662,575,726,443.5,694.0,-569.0
2861,47.67438086974702,312,669,574,734,443.0,701.5,-561.5
2862,47.69104440727577,313,685,574,749,443.5,717.0,-546.0
2863,47.70770794480451,313,705,574,770,443.5,737.5,-525.5
2864,47.72437148233326,318,733,574,798,446.0,765.5,-497.5
2865,47.74103501986201,317,762,572,828,444.5,795.0,-468.0
2866,47.75769855739075,318,793,571,859,444.5,826.0,-437.0
2867,47.7743620949195,314,824,574,890,444.0,857.0,-406.0
2868,47.79102563244825,318,853,574,920,446.0,886.5,-376.5
2869,47.807689169976996,318,884,574,950,446.0,917.0,-346.0
2870,47.824352707505746,318,913,574,978,446.0,945.5,-317.5
2871,47.841016245034496,317,940,574,1004,445.5,972.0,-291.0
2872,47.857679782563245,317,965,574,1028,445.5,996.5,-266.5
2873,47.87434332009199,314,985,576,1048,445.0,1016.5,-246.5
2874,47.89100685762074,313,999,576,1061,444.5,1030.0,-233.0
2875,47.90767039514949,314,1007,576,1068,445.0,1037.5,-225.5
2876,47.92433393267823,313,1004,575,1066,444.0,1035.0,-228.0
2877,47.94099747020698,313,997,574,1058,443.5,1027.5,-235.5
2878,47.95766100773573,313,979,574,1042,443.5,1010.5,-252.5
2879,47.97432454526447,314,960,574,1023,444.0,991.5,-271.5
2880,47.99098808279322,313,937,570,1000,441.5,968.5,-294.5
2881,48.00765162032197,314,910,572,974,443.0,942.0,-321.0
2882,48.024315157850715,313,882,572,944,442.5,913.0,-350.0
2883,48.040978695379465,316,850,567,915,441.5,882.5,-380.5
2884,48.057642232908215,317,818,566,884,441.5,851.0,-412.0
2885,48.074305770436965,316,788,568,853,442.0,820.5,-442.5
2886,48.09096930796571,313,756,568,821,440.5,788.5,-474.5
2887,48.10763284549446,313,726,572,791,442.5,758.5,-504.5
2888,48.12429638302321,311,702,571,766,441.0,734.0,-529.0
2889,48.14095992055195,311,684,572,747,441.5,715.5,-547.5
2890,48.1576234580807,309,671,573,734,441.0,702.5,-560.5
2891,48.17428699560945,310,664,573,728,441.5,696.0,-567.0
2892,48.19095053313819,309,665,573,728,441.0,696.5,-566.5
2893,48.20761407066694,309,670,573,734,441.0,702.0,-561.0
2894,48.22427760819569,310,682,573,746,441.5,714.0,-549.0
2895,48.24094114572444,310,697,574,760,442.0,728.5,-534.5
2896,48.257604683253184,312,716,575,780,443.5,748.0,-515.0
2897,48.274268220781934,316,738,575,803,445.5,770.5,-492.5
2898,48.290931758310684,319,765,574,830,446.5,797.5,-465.5
2899,48.30759529583943,318,798,574,862,446.0,830.0,-433.0
2900,48.32425883336818,321,831,574,895,447.5,863.0,-400.0
2901,48.34092237089693,321,866,574,930,447.5,898.0,-365.0
2902,48.35758590842567,319,898,574,962,446.5,930.0,-333.0
2903,48.37424944595442,318,928,573,992,445.5,960.0,-303.0
2904,48.39091298348317,317,954,577,1016,447.0,985.0,-278.0
2905,48.40757652101191,314,973,576,1034,445.0,1003.5,-259.5
2906,48.42424005854066,315,986,577,1048,446.0,1017.0,-246.0
2907,48.44090359606941,315,994,574,1055,444.5,1024.5,-238.5
2908,48.45756713359816,315,996,574,1058,444.5,1027.0,-236.0
2909,48.474230671126904,315,995,575,1057,445.0,1026.0,-237.0
2910,48.490894208655654,314,988,575,1050,444.5,1019.0,-244.0
2911,48.5075577461844,314,976,574,1038,444.0,1007.0,-256.0
2912,48.524221283713146,314,957,575,1019,444.5,988.0,-275.0
2913,48.540884821241896,314,931,568,995,441.0,963.0,-300.0
2914,48.557548358770646,312,901,568,966,440.0,933.5,-329.5
2915,48.57421189629939,313,868,568,934,440.5,901.0,-362.0
2916,48.59087543382814,316,835,568,900,442.0,867.5,-395.5
2917,48.60753897135689,314,802,567,867,440.5,834.5,-428.5
2918,48.62420250888563,311,772,566,840,438.5,806.0,-457.0
2919,48.64086604641438,312,746,568,810,440.0,778.0,-485.0
2920,48.65752958394313,310,723,569,788,439.5,755.5,-507.5
2921,48.67419312147188,309,703,569,767,439.0,735.0,-528.0
2922,48.69085665900062,310,687,570,750,440.0,718.5,-544.5
2923,48.70752019652937,309,675,570,738,439.5,706.5,-556.5
2924,48.72418373405812,309,667,573,730,441.0,698.5,-564.5
2925,48.740847271586865,310,665,573,730,441.5,697.5,-565.5
2926,48.757510809115615,310,671,574,734,442.0,702.5,-560.5
2927,48.774174346644365,312,683,573,748,442.5,715.5,-547.5
2928,48.79083788417311,313,702,573,766,443.0,734.0,-529.0
2929,48.80750142170186,314,724,572,791,443.0,757.5,-505.5
2930,48.82416495923061,318,754,572,818,445.0,786.0,-477.0
2931,48.84082849675935,318,784,573,849,445.5,816.5,-446.5
2932,48.8574920342881,315,814,575,878,445.0,846.0,-417.0
2933,48.87415557181685,316,843,576,908,446.0,875.5,-387.5
2934,48.8908191093456,321,873,577,938,449.0,905.5,-357.5
2935,48.90748264687434,318,900,577,967,447.5,933.5,-329.5
2936,48.92414618440309,319,925,576,992,447.5,958.5,-304.5
2937,48.94080972193184,318,953,576,1016,447.0,984.5,-278.5
2938,48.957473259460585,317,975,576,1038,446.5,1006.5,-256.5
2939,48.974136796989335,316,991,576,1053,446.0,1022.0,-241.0
2940,48.990800334518084,314,1000,576,1062,445.0,1031.0,-232.0
2941,49.00746387204683,314,1001,576,1062,445.0,1031.5,-231.5
2942,49.02412740957558,314,995,575,1056,444.5,1025.5,-237.5
2943,49.04079094710433,313,981,576,1043,444.5,1012.0,-251.0
2944,49.05745448463307,312,963,573,1027,442.5,995.0,-268.0
2945,49.07411802216182,312,944,572,1005,442.0,974.5,-288.5
2946,49.09078155969057,312,916,571,980,441.5,948.0,-315.0
2947,49.10744509721932,314,890,572,954,443.0,922.0,-341.0
2948,49.12410863474806,316,861,568,926,442.0,893.5,-369.5
2949,49.14077217227681,312,831,568,896,440.0,863.5,-399.5
2950,49.15743570980556,312,801,568,864,440.0,832.5,-430.5
2951,49.174099247334304,312,768,568,834,440.0,801.0,-462.0
2952,49.190762784863054,308,738,567,805,437.5,771.5,-491.5
2953,49.207426322391804,308,712,567,778,437.5,745.0,-518.0
2954,49.22408985992055,306,694,568,757,437.0,725.5,-537.5
2955,49.240753397449296,307,680,569,744,438.0,712.0,-551.0
2956,49.257416934978046,307,673,569,736,438.0,704.5,-558.5
2957,49.27408047250679,305,671,568,734,436.5,702.5,-560.5
2958,49.29074401003554,307,674,571,738,439.0,706.0,-557.0
2959,49.30740754756429,308,683,571,746,439.5,714.5,-548.5
2960,49.32407108509304,311,696,572,759,441.5,727.5,-535.5
2961,49.34073462262178,310,712,572,776,441.0,744.0,-519.0
2962,49.35739816015053,313,733,574,798,443.5,765.5,-497.5
2963,49.37406169767928,318,759,574,823,446.0,791.0,-472.0
2964,49.39072523520802,318,783,574,854,446.0,818.5,-444.5
2965,49.40738877273677,322,819,575,884,448.5,851.5,-411.5
2966,49.42405231026552,322,851,574,919,448.0,885.0,-378.0
2967,49.440715847794266,323,885,577,950,450.0,917.5,-345.5
2968,49.457379385323016,320,915,576,978,448.0,946.5,-316.5
2969,49.474042922851766,318,940,578,1004,448.0,972.0,-291.0
2970,49.49070646038051,319,960,579,1024,449.0,992.0,-271.0
2971,49.50736999790926,318,976,580,1038,449.0,1007.0,-256.0
2972,49.52403353543801,317,987,578,1048,447.5,1017.5,-245.5
2973,49.54069707296676,318,992,578,1054,448.0,1023.0,-240.0
2974,49.5573606104955,318,992,578,1054,448.0,1023.0,-240.0
2975,49.57402414802425,317,989,577,1050,447.0,1019.5,-243.5
2976,49.590687685553,315,977,577,1039,446.0,1008.0,-255.0
2977,49.60735122308174,315,961,575,1024,445.0,992.5,-270.5
2978,49.62401476061049,314,937,571,1001,442.5,969.0,-294.0
2979,49.64067829813924,316,910,571,974,443.5,942.0,-321.0
2980,49.657341835667985,316,878,570,944,443.0,911.0,-352.0
2981,49.674005373196735,315,847,568,912,441.5,879.5,-383.5
2982,49.690668910725485,315,817,568,881,441.5,849.0,-414.0
2983,49.70733244825423,312,787,568,851,440.0,819.0,-444.0
2984,49.72399598578298,310,755,568,824,439.0,789.5,-473.5
2985,49.74065952331173,307,734,568,798,437.5,766.0,-497.0
2986,49.75732306084048,307,713,568,778,437.5,745.5,-517.5
2987,49.77398659836922,305,697,568,760,436.5,728.5,-534.5
2988,49.79065013589797,305,683,568,746,436.5,714.5,-548.5
2989,49.80731367342672,305,673,568,736,436.5,704.5,-558.5
2990,49.82397721095546,305,670,569,734,437.0,702.0,-561.0
2991,49.84064074848421,305,673,569,736,437.0,704.5,-558.5
2992,49.85730428601296,308,683,571,746,439.5,714.5,-548.5
2993,49.873967823541705,310,699,571,763,440.5,731.0,-532.0
2994,49.890631361070454,312,720,570,786,441.0,753.0,-510.0
2995,49.907294898599204,314,748,572,812,443.0,780.0,-483.0
2996,49.923958436127954,314,776,572,841,443.0,808.5,-454.5
2997,49.9406219736567,319,804,575,868,447.0,836.0,-427.0
2998,49.95728551118545,319,833,576,896,447.5,864.5,-398.5
2999,49.973949048714196,317,861,576,926,446.5,893.5,-369.5
3000,49.99061258624294,321,890,577,954,449.0,922.0,-341.0
3001,50.00727612377169,322,917,578,982,450.0,949.5,-313.5
3002,50.02393966130044,319,943,578,1005,448.5,974.0,-289.0
3003,50.04060319882918,319,965,580,1028,449.5,996.5,-266.5
3004,50.05726673635793,318,982,580,1043,449.0,1012.5,-250.5
3005,50.07393027388668,319,993,579,1054,449.0,1023.5,-239.5
3006,50.090593811415424,318,996,579,1058,448.5,1027.0,-236.0
3007,50.107257348944174,318,993,579,1054,448.5,1023.5,-239.5
3008,50.12392088647292,318,980,579,1043,448.5,1011.5,-251.5
3009,50.14058442400167,317,963,578,1028,447.5,995.5,-267.5
3010,50.157247961530416,318,947,577,1010,447.5,978.5,-284.5
3011,50.173911499059166,316,923,576,987,446.0,955.0,-308.0
3012,50.190575036587916,315,898,574,962,444.5,930.0,-333.0
3013,50.20723857411666,316,873,572,936,444.0,904.5,-358.5
3014,50.22390211164541,315,842,569,908,442.0,875.0,-388.0
3015,50.24056564917416,312,811,568,878,440.0,844.5,-418.5
3016,50.2572291867029,312,780,570,846,441.0,813.0,-450.0
3017,50.27389272423165,314,752,568,818,441.0,785.0,-478.0
3018,50.2905562617604,309,726,568,790,438.5,758.0,-505.0
3019,50.30721979928914,307,704,568,768,437.5,736.0,-527.0
3020,50.32388333681789,306,688,568,753,437.0,720.5,-542.5
3021,50.34054687434664,306,679,568,744,437.0,711.5,-551.5
3022,50.35721041187539,305,677,569,740,437.0,708.5,-554.5
3023,50.373873949404135,305,677,568,740,436.5,708.5,-554.5
3024,50.390537486932885,305,684,569,748,437.0,716.0,-547.0
3025,50.407201024461635,307,695,570,759,438.5,727.0,-536.0
3026,50.42386456199038,309,708,570,773,439.5,740.5,-522.5
3027,50.44052809951913,310,728,570,791,440.0,759.5,-503.5
3028,50.45719163704788,313,750,570,815,441.5,782.5,-480.5
3029,50.47385517457662,316,779,571,844,443.5,811.5,-451.5
3030,50.49051871210537,314,809,574,876,444.0,842.5,-420.5
3031,50.50718224963412,318,841,573,906,445.5,873.5,-389.5
3032,50.52384578716286,318,873,575,938,446.5,905.5,-357.5
3033,50.54050932469161,319,904,576,968,447.5,936.0,-327.0
3034,50.55717286222036,320,928,579,992,449.5,960.0,-303.0
3035,50.57383639974911,319,949,579,1014,449.0,981.5,-281.5
3036,50.590499937277855,320,965,580,1030,450.0,997.5,-265.5
3037,50.607163474806605,320,978,580,1041,450.0,1009.5,-253.5
3038,50.623827012335354,320,986,581,1048,450.5,1017.0,-246.0
3039,50.6404905498641,319,988,580,1050,449.5,1019.0,-244.0
3040,50.65715408739285,319,986,581,1049,450.0,1017.5,-245.5
3041,50.6738176249216,317,978,580,1040,448.5,1009.0,-254.0
3042,50.69048116245034,317,964,578,1026,447.5,995.0,-268.0
3043,50.70714469997909,317,944,577,1007,447.0,975.5,-287.5
3044,50.72380823750784,316,918,576,982,446.0,950.0,-313.0
3045,50.74047177503658,316,889,574,953,445.0,921.0,-342.0
3046,50.75713531256533,316,857,570,924,443.0,890.5,-372.5
3047,50.77379885009408,315,826,571,891,443.0,858.5,-404.5
3048,50.79046238762283,312,798,571,863,441.5,830.5,-432.5
3049,50.807125925151574,311,772,570,835,440.5,803.5,-459.5
3050,50.823789462680324,310,747,570,812,440.0,779.5,-483.5
3051,50.840453000209074,308,727,568,790,438.0,758.5,-504.5
3052,50.85711653773782,305,707,567,770,436.0,738.5,-524.5
3053,50.873780075266566,305,692,566,754,435.5,723.0,-540.0
3054,50.890443612795316,303,680,566,744,434.5,712.0,-551.0
3055,50.90710715032406,304,675,568,739,436.0,707.0,-556.0
3056,50.92377068785281,303,676,567,739,435.0,707.5,-555.5
3057,50.94043422538156,305,685,567,748,436.0,716.5,-546.5
3058,50.9570977629103,304,699,568,763,436.0,731.0,-532.0
3059,50.97376130043905,308,717,568,782,438.0,749.5,-513.5
3060,50.9904248379678,309,741,568,806,438.5,773.5,-489.5
3061,51.00708837549655,312,769,568,830,440.0,799.5,-463.5
3062,51.02375191302529,312,796,572,858,442.0,827.0,-436.0
3063,51.04041545055404,316,824,574,887,445.0,855.5,-407.5
3064,51.05707898808279,314,848,575,914,444.5,881.0,-382.0
3065,51.073742525611536,317,877,574,943,445.5,910.0,-353.0
3066,51.090406063140286,320,904,575,970,447.5,937.0,-326.0
3067,51.107069600669035,318,930,576,995,447.0,962.5,-300.5
3068,51.12373313819778,320,955,578,1017,449.0,986.0,-277.0
3069,51.14039667572653,318,974,579,1036,448.5,1005.0,-258.0
3070,51.15706021325528,318,986,580,1048,449.0,1017.0,-246.0
3071,51.17372375078402,320,992,581,1052,450.5,1022.0,-241.0
3072,51.19038728831277,319,990,581,1050,450.0,1020.0,-243.0
3073,51.20705082584152,319,982,581,1043,450.0,1012.5,-250.5
3074,51.22371436337027,320,966,580,1030,450.0,998.0,-265.0
3075,51.24037790089901,319,950,579,1014,449.0,982.0,-281.0
3076,51.25704143842776,319,929,578,993,448.5,961.0,-302.0
3077,51.27370497595651,319,906,576,970,447.5,938.0,-325.0
3078,51.290368513485255,317,883,575,944,446.0,913.5,-349.5
3079,51.307032051014005,318,854,573,916,445.5,885.0,-378.0
3080,51.323695588542755,318,824,571,888,444.5,856.0,-407.0
3081,51.3403591260715,315,792,570,857,442.5,824.5,-438.5
3082,51.35702266360025,315,763,569,828,442.0,795.5,-467.5
3083,51.373686201129,312,737,569,801,440.5,769.0,-494.0
3084,51.39034973865774,307,714,569,778,438.0,746.0,-517.0
3085,51.40701327618649,305,698,568,761,436.5,729.5,-533.5
3086,51.42367681371524,305,686,568,751,436.5,718.5,-544.5
3087,51.44034035124399,305,681,568,746,436.5,713.5,-549.5
3088,51.45700388877273,305,682,568,746,436.5,714.0,-549.0
3089,51.47366742630148,305,686,568,750,436.5,718.0,-545.0
3090,51.49033096383023,303,694,567,759,435.0,726.5,-536.5
3091,51.506994501358975,306,707,565,771,435.5,739.0,-524.0
3092,51.523658038887724,308,724,567,790,437.5,757.0,-506.0
3093,51.540321576416474,306,747,568,809,437.0,778.0,-485.0
3094,51.55698511394522,313,770,568,834,440.5,802.0,-461.0
3095,51.57364865147397,315,801,569,865,442.0,833.0,-430.0
3096,51.59031218900272,312,832,568,895,440.0,863.5,-399.5
3097,51.606975726531466,315,864,570,926,442.5,895.0,-368.0
3098,51.62363926406021,313,892,574,956,443.5,924.0,-339.0
3099,51.64030280158896,313,919,576,981,444.5,950.0,-313.0
3100,51.65696633911771,316,939,576,1002,446.0,970.5,-292.5
3101,51.67362987664645,318,954,577,1019,447.5,986.5,-276.5
3102,51.6902934141752,318,968,579,1032,448.5,1000.0,-263.0
3103,51.70695695170395,318,978,580,1042,449.0,1010.0,-253.0
3104,51.723620489232694,319,984,579,1046,449.0,1015.0,-248.0
3105,51.740284026761444,319,984,579,1046,449.0,1015.0,-248.0
3106,51.75694756429019,319,978,580,1040,449.5,1009.0,-254.0
3107,51.773611101818936,317,966,579,1029,448.0,997.5,-265.5
3108,51.790274639347686,318,947,579,1010,448.5,978.5,-284.5
3109,51.806938176876436,320,923,577,988,448.5,955.5,-307.5
3110,51.823601714405186,319,896,577,959,448.0,927.5,-335.5
3111,51.84026525193393,323,867,575,932,449.0,899.5,-363.5
3112,51.85692878946268,320,837,575,902,447.5,869.5,-393.5
3113,51.87359232699143,319,809,574,873,446.5,841.0,-422.0
3114,51.89025586452017,313,782,574,846,443.5,814.0,-449.0
3115,51.90691940204892,313,758,571,824,442.0,791.0,-472.0
3116,51.92358293957767,311,736,570,799,440.5,767.5,-495.5
3117,51.94024647710641,308,717,569,780,438.5,748.5,-514.5
3118,51.95691001463516,307,700,570,764,438.5,732.0,-531.0
3119,51.97357355216391,305,688,569,750,437.0,719.0,-544.0
3120,51.990237089692656,305,680,568,744,436.5,712.0,-551.0
3121,52.006900627221405,306,680,568,744,437.0,712.0,-551.0
3122,52.023564164750155,305,684,568,749,436.5,716.5,-546.5
3123,52.040227702278905,305,698,568,761,436.5,729.5,-533.5
3124,52.05689123980765,306,713,569,780,437.5,746.5,-516.5
3125,52.0735547773364,309,736,569,800,439.0,768.0,-495.0
3126,52.09021831486515,309,759,569,824,439.0,791.5,-471.5
3127,52.10688185239389,309,787,568,851,438.5,819.0,-444.0
3128,52.12354538992264,310,814,568,877,439.0,845.5,-417.5
3129,52.14020892745139,314,839,569,904,441.5,871.5,-391.5
3130,52.15687246498013,313,866,568,931,440.5,898.5,-364.5
3131,52.17353600250888,314,893,574,958,444.0,925.5,-337.5
3132,52.19019954003763,317,920,573,984,445.0,952.0,-311.0
3133,52.206863077566375,315,943,576,1007,445.5,975.0,-288.0
3134,52.223526615095125,317,962,576,1024,446.5,993.0,-270.0
3135,52.240190152623875,315,975,578,1038,446.5,1006.5,-256.5
3136,52.256853690152624,317,984,578,1046,447.5,1015.0,-248.0
3137,52.27351722768137,317,984,578,1046,447.5,1015.0,-248.0
3138,52.29018076521012,318,978,578,1040,448.0,1009.0,-254.0
3139,52.30684430273887,320,968,579,1030,449.5,999.0,-264.0
3140,52.32350784026761,319,951,579,1016,449.0,983.5,-279.5
3141,52.34017137779636,319,933,579,997,449.0,965.0,-298.0
3142,52.35683491532511,319,911,578,976,448.5,943.5,-319.5
3143,52.37349845285385,318,889,578,953,448.0,921.0,-342.0
3144,52.3901619903826,318,861,577,926,447.5,893.5,-369.5
3145,52.40682552791135,318,834,575,898,446.5,866.0,-397.0
3146,52.423489065440094,318,805,574,870,446.0,837.5,-425.5
3147,52.440152602968844,314,774,573,838,443.5,806.0,-457.0
3148,52.456816140497594,314,748,573,813,443.5,780.5,-482.5
3149,52.473479678026344,313,725,573,789,443.0,757.0,-506.0
3150,52.490143215555086,309,708,571,770,440.0,739.0,-524.0
3151,52.506806753083836,309,695,571,758,440.0,726.5,-536.5
3152,52.523470290612586,308,688,571,752,439.5,720.0,-543.0
3153,52.54013382814133,308,687,571,751,439.5,719.0,-544.0
3154,52.55679736567008,308,688,571,752,439.5,720.0,-543.0
3155,52.57346090319883,306,695,570,759,438.0,727.0,-536.0
3156,52.59012444072757,306,706,569,769,437.5,737.5,-525.5
3157,52.60678797825632,306,720,568,784,437.0,752.0,-511.0
3158,52.62345151578507,308,739,569,804,438.5,771.5,-491.5
3159,52.640115053313814,310,764,569,828,439.5,796.0,-467.0
3160,52.65677859084256,312,791,568,856,440.0,823.5,-439.5
3161,52.67344212837131,313,820,568,886,440.5,853.0,-410.0
3162,52.69010566590006,312,851,569,916,440.5,883.5,-379.5
3163,52.706769203428806,316,879,571,945,443.5,912.0,-351.0
3164,52.723432740957556,314,907,572,970,443.0,938.5,-324.5
3165,52.740096278486305,314,929,575,992,444.5,960.5,-302.5
3166,52.75675981601505,314,948,575,1010,444.5,979.0,-284.0
3167,52.7734233535438,316,962,576,1024,446.0,993.0,-270.0
3168,52.79008689107255,316,972,576,1034,446.0,1003.0,-260.0
3169,52.80675042860129,315,978,577,1040,446.0,1009.0,-254.0
3170,52.82341396613004,315,980,578,1042,446.5,1011.0,-252.0
3171,52.84007750365879,315,975,577,1038,446.0,1006.5,-256.5
3172,52.85674104118753,317,967,579,1029,448.0,998.0,-265.0
3173,52.87340457871628,317,951,578,1014,447.5,982.5,-280.5
3174,52.89006811624503,319,929,576,993,447.5,961.0,-302.0
3175,52.90673165377378,320,901,576,969,448.0,935.0,-328.0
3176,52.923395191302525,319,875,577,940,448.0,907.5,-355.5
3177,52.940058728831275,318,846,577,911,447.5,878.5,-384.5
3178,52.956722266360025,318,818,575,884,446.5,851.0,-412.0
3179,52.97338580388877,316,794,574,856,445.0,825.0,-438.0
3180,52.99004934141752,315,769,575,833,445.0,801.0,-462.0
3181,53.00671287894627,312,747,574,811,443.0,779.0,-484.0
3182,53.02337641647501,313,726,574,790,443.5,758.0,-505.0
3183,53.04003995400376,310,710,573,773,441.5,741.5,-521.5
3184,53.05670349153251,310,696,572,759,441.0,727.5,-535.5
3185,53.07336702906125,308,687,571,750,439.5,718.5,-544.5
3186,53.09003056659,309,685,571,748,440.0,716.5,-546.5
3187,53.10669410411875,308,687,571,750,439.5,718.5,-544.5
3188,53.1233576416475,308,698,571,760,439.5,729.0,-534.0
3189,53.140021179176244,308,714,571,777,439.5,745.5,-517.5
3190,53.156684716704994,308,732,569,796,438.5,764.0,-499.0
3191,53.173348254233744,308,756,568,819,438.0,787.5,-475.5
3192,53.19001179176249,310,778,568,844,439.0,811.0,-452.0
3193,53.20667532929124,311,804,569,868,440.0,836.0,-427.0
3194,53.22333886681999,312,830,568,894,440.0,862.0,-401.0
3195,53.24000240434873,312,858,571,922,441.5,890.0,-373.0
3196,53.25666594187748,312,883,570,947,441.0,915.0,-348.0
3197,53.27332947940623,312,910,568,972,440.0,941.0,-322.0
3198,53.28999301693498,314,932,572,997,443.0,964.5,-298.5
3199,53.30665655446372,313,954,574,1016,443.5,985.0,-278.0
3200,53.32332009199247,313,969,575,1031,444.0,1000.0,-263.0
3201,53.33998362952122,314,978,575,1039,444.5,1008.5,-254.5
3202,53.356647167049964,312,980,576,1041,444.0,1010.5,-252.5
3203,53.373310704578714,313,976,576,1037,444.5,1006.5,-256.5
3204,53.38997424210746,315,968,577,1028,446.0,998.0,-265.0
3205,53.406637779636206,316,955,578,1016,447.0,985.5,-277.5
3206,53.423301317164956,317,937,577,1000,447.0,968.5,-294.5
3207,53.439964854693706,317,918,577,980,447.0,949.0,-314.0
3208,53.45662839222245,318,896,576,960,447.0,928.0,-335.0
3209,53.4732919297512,315,870,576,935,445.5,902.5,-360.5
3210,53.48995546727995,317,843,575,908,446.0,875.5,-387.5
3211,53.5066190048087,317,816,575,878,446.0,847.0,-416.0
3212,53.52328254233744,318,786,574,848,446.0,817.0,-446.0
3213,53.53994607986619,314,759,575,823,444.5,791.0,-472.0
3214,53.55660961739494,314,735,574,800,444.0,767.5,-495.5
3215,53.57327315492368,313,716,575,780,444.0,748.0,-515.0
3216,53.58993669245243,311,704,574,768,442.5,736.0,-527.0
3217,53.60660022998118,309,695,573,760,441.0,727.5,-535.5
3218,53.623263767509926,310,693,574,756,442.0,724.5,-538.5
3219,53.639927305038675,309,693,574,756,441.5,724.5,-538.5
3220,53.656590842567425,309,696,573,760,441.0,728.0,-535.0
3221,53.67325438009617,310,706,571,770,440.5,738.0,-525.0
3222,53.68991791762492,309,718,570,783,439.5,750.5,-512.5
3223,53.70658145515367,311,736,571,800,441.0,768.0,-495.0
3224,53.72324499268242,311,757,571,823,441.0,790.0,-473.0
3225,53.73990853021116,312,783,568,849,440.0,816.0,-447.0
3226,53.75657206773991,313,810,569,877,441.0,843.5,-419.5
3227,53.77323560526866,313,840,571,906,442.0,873.0,-390.0
3228,53.7898991427974,314,869,571,934,442.5,901.5,-361.5
3229,53.80656268032615,312,897,572,959,442.0,928.0,-335.0
3230,53.8232262178549,313,918,572,981,442.5,949.5,-313.5
3231,53.839889755383645,312,937,573,1000,442.5,968.5,-294.5
3232,53.856553292912395,313,952,575,1015,444.0,983.5,-279.5
3233,53.873216830441145,313,964,575,1026,444.0,995.0,-268.0
3234,53.88988036796989,314,973,575,1034,444.5,1003.5,-259.5
3235,53.90654390549864,314,977,575,1038,444.5,1007.5,-255.5
3236,53.92320744302739,313,975,575,1036,444.0,1005.5,-257.5
3237,53.93987098055614,314,967,576,1029,445.0,998.0,-265.0
3238,53.95653451808488,314,952,576,1016,445.0,984.0,-279.0
3239,53.97319805561363,316,932,575,996,445.5,964.0,-299.0
3240,53.98986159314238,317,910,574,973,445.5,941.5,-321.5
3241,54.00652513067112,316,885,574,947,445.0,916.0,-347.0
3242,54.02318866819987,316,856,573,920,444.5,888.0,-375.0
3243,54.03985220572862,316,830,574,892,445.0,861.0,-402.0
3244,54.056515743257364,316,804,574,868,445.0,836.0,-427.0
3245,54.073179280786114,316,781,575,845,445.5,813.0,-450.0
3246,54.089842818314864,314,757,575,823,444.5,790.0,-473.0
3247,54.10650635584361,314,737,575,801,444.5,769.0,-494.0
3248,54.123169893372356,313,718,576,782,444.5,750.0,-513.0
3249,54.139833430901106,312,703,574,766,443.0,734.5,-528.5
3250,54.156496968429856,311,692,576,756,443.5,724.0,-539.0
3251,54.1731605059586,311,689,575,752,443.0,720.5,-542.5
3252,54.18982404348735,310,689,573,753,441.5,721.0,-542.0
3253,54.2064875810161,310,697,572,762,441.0,729.5,-533.5
3254,54.22315111854484,310,711,573,775,441.5,743.0,-520.0
3255,54.23981465607359,311,726,573,792,442.0,759.0,-504.0
3256,54.25647819360234,310,747,572,813,441.0,780.0,-483.0
3257,54.27314173113108,312,770,571,835,441.5,802.5,-460.5
3258,54.28980526865983,313,795,572,858,442.5,826.5,-436.5
3259,54.30646880618858,314,820,572,884,443.0,852.0,-411.0
3260,54.323132343717326,313,847,570,910,441.5,878.5,-384.5
3261,54.339795881246076,313,871,574,936,443.5,903.5,-359.5
3262,54.356459418774826,316,896,573,962,444.5,929.0,-334.0
3263,54.373122956303575,314,922,574,986,444.0,954.0,-309.0
3264,54.38978649383232,313,944,574,1006,443.5,975.0,-288.0
3265,54.40645003136107,312,961,575,1022,443.5,991.5,-271.5
3266,54.42311356888982,312,969,574,1033,443.0,1001.0,-262.0
3267,54.43977710641856,311,974,574,1036,442.5,1005.0,-258.0
3268,54.45644064394731,314,973,575,1034,444.5,1003.5,-259.5
3269,54.47310418147606,313,964,575,1027,444.0,995.5,-267.5
3270,54.4897677190048,313,954,576,1016,444.5,985.0,-278.0
3271,54.50643125653355,313,940,573,1002,443.0,971.0,-292.0
3272,54.5230947940623,313,922,574,984,443.5,953.0,-310.0
3273,54.539758331591045,313,903,573,966,443.0,934.5,-328.5
3274,54.556421869119795,314,878,572,942,443.0,910.0,-353.0
3275,54.573085406648545,315,853,574,917,444.5,885.0,-378.0
3276,54.589748944177295,315,824,572,889,443.5,856.5,-406.5
3277,54.60641248170604,316,795,573,860,444.5,827.5,-435.5
3278,54.62307601923479,314,770,573,833,443.5,801.5,-461.5
3279,54.63973955676354,314,745,572,810,443.0,777.5,-485.5
3280,54.65640309429228,311,727,574,791,442.5,759.0,-504.0
3281,54.67306663182103,311,712,574,776,442.5,744.0,-519.0
3282,54.68973016934978,310,704,574,766,442.0,735.0,-528.0
3283,54.70639370687852,310,698,573,761,441.5,729.5,-533.5
3284,54.72305724440727,310,697,573,760,441.5,728.5,-534.5
3285,54.73972078193602,311,698,575,762,443.0,730.0,-533.0
3286,54.75638431946477,312,705,574,770,443.0,737.5,-525.5
3287,54.773047856993514,313,716,576,780,444.5,748.0,-515.0
3288,54.789711394522264,313,731,574,796,443.5,763.5,-499.5
3289,54.806374932051014,315,750,574,816,444.5,783.0,-480.0
3290,54.82303846957976,315,777,570,842,442.5,809.5,-453.5
3291,54.83970200710851,319,806,572,867,445.5,836.5,-426.5
3292,54.85636554463726,318,832,573,896,445.5,864.0,-399.0
3293,54.873029082166,314,861,574,924,444.0,892.5,-370.5
3294,54.88969261969475,316,885,573,949,444.5,917.0,-346.0
3295,54.9063561572235,315,908,574,970,444.5,939.0,-324.0
3296,54.92301969475224,313,927,575,990,444.0,958.5,-304.5
3297,54.93968323228099,314,944,575,1005,444.5,974.5,-288.5
3298,54.95634676980974,313,956,575,1018,444.0,987.0,-276.0
3299,54.97301030733849,313,966,575,1028,444.0,997.0,-266.0
3300,54.989673844867234,313,971,574,1032,443.5,1001.5,-261.5
3301,55.006337382395984,313,971,575,1032,444.0,1001.5,-261.5
3302,55.02300091992473,313,965,575,1028,444.0,996.5,-266.5
3303,55.039664457453476,313,954,575,1015,444.0,984.5,-278.5
3304,55.056327994982226,312,937,574,998,443.0,967.5,-295.5
3305,55.072991532510976,312,915,572,978,442.0,946.5,-316.5
3306,55.08965507003972,313,888,572,954,442.5,921.0,-342.0
3307,55.10631860756847,312,863,570,927,441.0,895.0,-368.0
3308,55.12298214509722,312,838,571,904,441.5,871.0,-392.0
3309,55.13964568262596,312,813,573,877,442.5,845.0,-418.0
3310,55.15630922015471,312,790,571,854,441.5,822.0,-441.0
3311,55.17297275768346,311,768,571,831,441.0,799.5,-463.5
3312,55.18963629521221,310,745,572,810,441.0,777.5,-485.5
3313,55.20629983274095,311,727,572,791,441.5,759.0,-504.0
3314,55.2229633702697,310,710,573,774,441.5,742.0,-521.0
3315,55.23962690779845,310,699,574,764,442.0,731.5,-531.5
3316,55.256290445327195,311,695,574,758,442.5,726.5,-536.5
3317,55.272953982855945,311,695,574,757,442.5,726.0,-537.0
3318,55.289617520384695,311,700,574,764,442.5,732.0,-531.0
3319,55.30628105791344,311,710,574,775,442.5,742.5,-520.5
3320,55.32294459544219,311,727,574,791,442.5,759.0,-504.0
3321,55.33960813297094,312,746,574,810,443.0,778.0,-485.0
3322,55.35627167049968,313,765,574,830,443.5,797.5,-465.5
3323,55.37293520802843,314,788,574,851,444.0,819.5,-443.5
3324,55.38959874555718,315,812,576,875,445.5,843.5,-419.5
3325,55.40626228308593,316,837,575,900,445.5,868.5,-394.5
3326,55.42292582061467,317,863,574,926,445.5,894.5,-368.5
3327,55.43958935814342,318,889,576,952,447.0,920.5,-342.5
3328,55.45625289567217,318,912,576,975,447.0,943.5,-319.5
3329,55.472916433200915,314,932,576,998,445.0,965.0,-298.0
3330,55.489579970729665,314,950,577,1012,445.5,981.0,-282.0
3331,55.506243508258414,313,962,575,1024,444.0,993.0,-270.0
3332,55.52290704578716,314,968,575,1030,444.5,999.0,-264.0
3333,55.53957058331591,313,969,575,1030,444.0,999.5,-263.5
3334,55.55623412084466,313,963,575,1025,444.0,994.0,-269.0
3335,55.5728976583734,312,955,574,1016,443.0,985.5,-277.5
3336,55.58956119590215,313,942,574,1004,443.5,973.0,-290.0
3337,55.6062247334309,313,927,574,989,443.5,958.0,-305.0
3338,55.62288827095965,311,907,573,970,442.0,938.5,-324.5
3339,55.63955180848839,310,886,572,949,441.0,917.5,-345.5
3340,55.65621534601714,312,860,572,925,442.0,892.5,-370.5
3341,55.67287888354589,312,833,570,898,441.0,865.5,-397.5
3342,55.689542421074634,312,807,570,871,441.0,839.0,-424.0
3343,55.706205958603384,313,780,570,844,441.5,812.0,-451.0
3344,55.722869496132134,310,757,569,821,439.5,789.0,-474.0
3345,55.73953303366088,309,737,570,800,439.5,768.5,-494.5
3346,55.756196571189626,309,722,572,784,440.5,753.0,-510.0
3347,55.772860108718376,307,712,571,774,439.0,743.0,-520.0
3348,55.78952364624712,307,704,571,767,439.0,735.5,-527.5
3349,55.80618718377587,306,701,572,764,439.0,732.5,-530.5
3350,55.82285072130462,306,701,573,765,439.5,733.0,-530.0
3351,55.83951425883337,309,705,573,770,441.0,737.5,-525.5
3352,55.85617779636211,309,715,574,779,441.5,747.0,-516.0
3353,55.87284133389086,312,728,574,793,443.0,760.5,-502.5
3354,55.88950487141961,313,747,574,812,443.5,779.5,-483.5
3355,55.90616840894835,313,769,573,834,443.0,801.5,-461.5
3356,55.9228319464771,316,797,574,859,445.0,828.0,-435.0
3357,55.93949548400585,316,823,576,886,446.0,854.5,-408.5
3358,55.956159021534596,318,851,574,913,446.0,882.0,-381.0
3359,55.972822559063346,317,874,576,937,446.5,905.5,-357.5
3360,55.989486096592096,316,898,576,960,446.0,929.0,-334.0
3361,56.00614963412084,316,916,578,979,447.0,947.5,-315.5
3362,56.02281317164959,315,934,577,996,446.0,965.0,-298.0
3363,56.03947670917834,315,949,577,1010,446.0,979.5,-283.5
3364,56.05614024670709,316,959,577,1020,446.5,989.5,-273.5
3365,56.07280378423583,314,966,576,1028,445.0,997.0,-266.0
3366,56.08946732176458,314,968,577,1029,445.5,998.5,-264.5
3367,56.10613085929333,312,964,576,1025,444.0,994.5,-268.5
3368,56.12279439682207,312,954,575,1016,443.5,985.0,-278.0
3369,56.13945793435082,313,938,573,1000,443.0,969.0,-294.0
3370,56.15612147187957,312,918,572,982,442.0,950.0,-313.0
3371,56.172785009408315,312,896,572,959,442.0,927.5,-335.5
3372,56.189448546937065,312,872,571,936,441.5,904.0,-359.0
3373,56.206112084465815,311,849,570,910,440.5,879.5,-383.5
3374,56.22277562199456,312,825,569,888,440.5,856.5,-406.5
3375,56.23943915952331,310,800,569,863,439.5,831.5,-431.5
3376,56.25610269705206,308,778,568,842,438.0,810.0,-453.0
3377,56.27276623458081,310,758,569,820,439.5,789.0,-474.0
3378,56.28942977210955,310,737,569,801,439.5,769.0,-494.0
3379,56.3060933096383,307,719,568,783,437.5,751.0,-512.0
3380,56.32275684716705,306,707,568,771,437.0,739.0,-524.0
3381,56.33942038469579,308,700,570,764,439.0,732.0,-531.0
3382,56.35608392222454,307,699,568,762,437.5,730.5,-532.5
3383,56.37274745975329,308,702,570,766,439.0,734.0,-529.0
3384,56.389410997282035,309,710,572,776,440.5,743.0,-520.0
3385,56.406074534810784,310,724,571,789,440.5,756.5,-506.5
3386,56.422738072339534,310,740,572,806,441.0,773.0,-490.0
3387,56.439401609868284,312,759,574,824,443.0,791.5,-471.5
3388,56.45606514739703,315,782,575,846,445.0,814.0,-449.0
3389,56.47272868492578,316,805,575,867,445.5,836.0,-427.0
3390,56.489392222454526,316,829,575,890,445.5,859.5,-403.5
3391,56.50605575998327,317,853,575,916,446.0,884.5,-378.5
3392,56.52271929751202,319,876,577,941,448.0,908.5,-354.5
3393,56.53938283504077,317,903,576,966,446.5,934.5,-328.5
3394,56.55604637256951,318,924,578,986,448.0,955.0,-308.0
3395,56.57270991009826,317,942,578,1004,447.5,973.0,-290.0
3396,56.58937344762701,316,954,577,1016,446.5,985.0,-278.0
3397,56.606036985155754,317,962,579,1023,448.0,992.5,-270.5
3398,56.622700522684504,317,965,578,1026,447.5,995.5,-267.5
3399,56.63936406021325,317,962,577,1022,447.0,992.0,-271.0
3400,56.656027597742,315,953,577,1016,446.0,984.5,-278.5
3401,56.672691135270746,315,944,576,1006,445.5,975.0,-288.0
3402,56.689354672799496,313,930,575,992,444.0,961.0,-302.0
3403,56.706018210328246,313,913,573,976,443.0,944.5,-318.5
3404,56.72268174785699,313,892,572,955,442.5,923.5,-339.5
3405,56.73934528538574,313,867,572,932,442.5,899.5,-363.5
3406,56.75600882291449,312,843,570,906,441.0,874.5,-388.5
3407,56.77267236044323,311,816,568,880,439.5,848.0,-415.0
3408,56.78933589797198,311,790,568,856,439.5,823.0,-440.0
3409,56.80599943550073,307,766,568,829,437.5,797.5,-465.5
3410,56.82266297302947,307,746,569,810,438.0,778.0,-485.0
3411,56.83932651055822,307,730,569,794,438.0,762.0,-501.0
3412,56.85599004808697,305,719,568,782,436.5,750.5,-512.5
3413,56.87265358561572,306,711,569,774,437.5,742.5,-520.5
3414,56.889317123144465,306,706,571,770,438.5,738.0,-525.0
3415,56.905980660673215,307,706,571,769,439.0,737.5,-525.5
3416,56.922644198201965,308,708,571,771,439.5,739.5,-523.5
3417,56.93930773573071,309,716,572,779,440.5,747.5,-515.5
3418,56.95597127325946,310,728,573,791,441.5,759.5,-503.5
3419,56.97263481078821,311,743,573,808,442.0,775.5,-487.5
3420,56.98929834831695,313,764,572,829,442.5,796.5,-466.5
3421,57.0059618858457,316,787,572,853,444.0,820.0,-443.0
3422,57.02262542337445,316,814,575,878,445.5,846.0,-417.0
3423,57.03928896090319,317,840,576,905,446.5,872.5,-390.5
3424,57.05595249843194,316,866,576,928,446.0,897.0,-366.0
3425,57.07261603596069,317,889,578,952,447.5,920.5,-342.5
3426,57.08927957348944,318,908,577,970,447.5,939.0,-324.0
3427,57.105943111018185,318,924,579,989,448.5,956.5,-306.5
3428,57.122606648546935,319,940,579,1002,449.0,971.0,-292.0
3429,57.139270186075684,317,950,578,1014,447.5,982.0,-281.0
3430,57.15593372360443,316,960,578,1022,447.0,991.0,-272.0
3431,57.17259726113318,316,963,578,1026,447.0,994.5,-268.5
3432,57.18926079866193,316,962,578,1024,447.0,993.0,-270.0
3433,57.20592433619067,315,954,578,1016,446.5,985.0,-278.0
3434,57.22258787371942,315,942,576,1002,445.5,972.0,-291.0
3435,57.23925141124817,315,923,576,984,445.5,953.5,-309.5
3436,57.25591494877691,316,900,575,964,445.5,932.0,-331.0
3437,57.27257848630566,314,878,574,942,444.0,910.0,-353.0
3438,57.28924202383441,312,855,571,919,441.5,887.0,-376.0
3439,57.30590556136316,312,832,572,896,442.0,864.0,-399.0
3440,57.322569098891904,310,810,571,874,440.5,842.0,-421.0
3441,57.339232636420654,312,787,569,851,440.5,819.0,-444.0
3442,57.355896173949404,309,766,569,830,439.0,798.0,-465.0
3443,57.37255971147815,307,747,569,810,438.0,778.5,-484.5
3444,57.389223249006896,307,728,568,792,437.5,760.0,-503.0
3445,57.405886786535646,306,714,569,778,437.5,746.0,-517.0
3446,57.42255032406439,305,705,569,769,437.0,737.0,-526.0
3447,57.43921386159314,306,703,570,766,438.0,734.5,-528.5
3448,57.45587739912189,305,705,569,768,437.0,736.5,-526.5
3449,57.47254093665063,306,712,568,776,437.0,744.0,-519.0
3450,57.48920447417938,307,724,569,788,438.0,756.0,-507.0
3451,57.50586801170813,308,739,569,803,438.5,771.0,-492.0
3452,57.52253154923688,310,756,572,820,441.0,788.0,-475.0
3453,57.53919508676562,311,775,572,840,441.5,807.5,-455.5
3454,57.55585862429437,312,794,573,862,442.5,828.0,-435.0
3455,57.57252216182312,314,819,574,883,444.0,851.0,-412.0
3456,57.589185699351866,314,843,574,907,444.0,875.0,-388.0
3457,57.605849236880616,315,866,574,932,444.5,899.0,-364.0
3458,57.622512774409365,317,892,576,956,446.5,924.0,-339.0
3459,57.63917631193811,316,914,577,978,446.5,946.0,-317.0
3460,57.65583984946686,317,933,579,997,448.0,965.0,-298.0
3461,57.67250338699561,318,948,579,1009,448.5,978.5,-284.5
3462,57.68916692452435,318,956,579,1018,448.5,987.0,-276.0
3463,57.7058304620531,318,959,580,1021,449.0,990.0,-273.0
3464,57.72249399958185,318,958,579,1020,448.5,989.0,-274.0
3465,57.7391575371106,318,952,580,1016,449.0,984.0,-279.0
3466,57.75582107463934,317,943,578,1008,447.5,975.5,-287.5
3467,57.77248461216809,317,931,578,994,447.5,962.5,-300.5
3468,57.78914814969684,316,917,576,979,446.0,948.0,-315.0
3469,57.805811687225585,316,898,576,962,446.0,930.0,-333.0
3470,57.822475224754335,314,875,574,939,444.0,907.0,-356.0
3471,57.839138762283085,312,849,574,914,443.0,881.5,-381.5
3472,57.85580229981183,313,822,571,889,442.0,855.5,-407.5
3473,57.87246583734058,312,798,570,863,441.0,830.5,-432.5
3474,57.88912937486933,311,775,571,840,441.0,807.5,-455.5
3475,57.90579291239807,309,757,570,821,439.5,789.0,-474.0
3476,57.92245644992682,307,740,568,803,437.5,771.5,-491.5
3477,57.93911998745557,305,726,569,790,437.0,758.0,-505.0
3478,57.95578352498432,305,716,569,781,437.0,748.5,-514.5
3479,57.97244706251306,304,712,568,775,436.0,743.5,-519.5
3480,57.98911060004181,306,709,568,773,437.0,741.0,-522.0
3481,58.00577413757056,306,710,568,773,437.0,741.5,-521.5
3482,58.022437675099304,306,715,569,780,437.5,747.5,-515.5
3483,58.039101212628054,307,724,569,790,438.0,757.0,-506.0
3484,58.055764750156804,306,740,571,805,438.5,772.5,-490.5
3485,58.07242828768555,310,760,570,824,440.0,792.0,-471.0
3486,58.0890918252143,310,783,570,846,440.0,814.5,-448.5
3487,58.10575536274305,312,808,572,872,442.0,840.0,-423.0
3488,58.122418900271796,314,832,574,896,444.0,864.0,-399.0
3489,58.13908243780054,315,857,574,920,444.5,888.5,-374.5
3490,58.15574597532929,315,877,576,941,445.5,909.0,-354.0
3491,58.17240951285804,317,897,577,962,447.0,929.5,-333.5
3492,58.18907305038678,316,916,578,978,447.0,947.0,-316.0
3493,58.20573658791553,318,931,579,994,448.5,962.5,-300.5
3494,58.22240012544428,319,945,580,1006,449.5,975.5,-287.5
3495,58.239063662973024,319,955,581,1016,450.0,985.5,-277.5
3496,58.255727200501774,318,960,580,1022,449.0,991.0,-272.0
3497,58.27239073803052,318,960,580,1021,449.0,990.5,-272.5
3498,58.289054275559266,318,954,580,1014,449.0,984.0,-279.0
3499,58.305717813088016,319,942,580,1005,449.5,973.5,-289.5
3500,58.322381350616766,320,925,578,988,449.0,956.5,-306.5
3501,58.339044888145516,317,905,578,969,447.5,937.0,-326.0
3502,58.35570842567426,317,884,578,948,447.5,916.0,-347.0
3503,58.37237196320301,316,862,575,926,445.5,894.0,-369.0
3504,58.38903550073176,315,841,576,904,445.5,872.5,-390.5
3505,58.4056990382605,315,818,574,881,444.5,849.5,-413.5
3506,58.42236257578925,313,796,572,860,442.5,828.0,-435.0
3507,58.439026113318,312,775,571,839,441.5,807.0,-456.0
3508,58.45568965084674,310,755,571,819,440.5,787.0,-476.0
3509,58.47235318837549,309,737,571,800,440.0,768.5,-494.5
3510,58.48901672590424,308,722,570,786,439.0,754.0,-509.0
3511,58.505680263432986,307,712,570,776,438.5,744.0,-519.0
3512,58.522343800961735,306,707,569,770,437.5,738.5,-524.5
3513,58.539007338490485,306,707,569,770,437.5,738.5,-524.5
3514,58.555670876019235,305,714,568,778,436.5,746.0,-517.0
3515,58.57233441354798,307,724,568,788,437.5,756.0,-507.0
3516,58.58899795107673,306,738,569,802,437.5,770.0,-493.0
3517,58.60566148860548,308,753,569,817,438.5,785.0,-478.0
3518,58.62232502613422,308,770,569,834,438.5,802.0,-461.0
3519,58.63898856366297,309,792,569,854,439.0,823.0,-440.0
3520,58.65565210119172,311,813,571,875,441.0,844.0,-419.0
3521,58.67231563872046,312,836,572,898,442.0,867.0,-396.0
3522,58.68897917624921,313,860,573,924,443.0,892.0,-371.0
3523,58.70564271377796,314,884,575,946,444.5,915.0,-348.0
3524,58.722306251306705,314,907,575,968,444.5,937.5,-325.5
3525,58.738969788835455,316,925,577,987,446.5,956.0,-307.0
3526,58.755633326364205,315,940,577,1002,446.0,971.0,-292.0
3527,58.772296863892954,316,949,579,1010,447.5,979.5,-283.5
3528,58.7889604014217,317,954,579,1015,448.0,984.5,-278.5
3529,58.80562393895045,317,954,578,1016,447.5,985.0,-278.0
3530,58.8222874764792,317,951,579,1012,448.0,981.5,-281.5
3531,58.83895101400794,318,944,579,1006,448.5,975.0,-288.0
3532,58.85561455153669,318,933,579,996,448.5,964.5,-298.5
3533,58.87227808906544,317,920,578,982,447.5,951.0,-312.0
3534,58.88894162659418,316,903,578,967,447.0,935.0,-328.0
3535,58.90560516412293,317,882,577,946,447.0,914.0,-349.0
3536,58.92226870165168,317,859,575,923,446.0,891.0,-372.0
3537,58.938932239180424,317,834,574,897,445.5,865.5,-397.5
3538,58.955595776709174,317,810,574,872,445.5,841.0,-422.0
3539,58.972259314237924,316,784,571,849,443.5,816.5,-446.5
3540,58.988922851766674,313,765,571,829,442.0,797.0,-466.0
3541,59.005586389295416,310,748,571,812,440.5,780.0,-483.0
3542,59.022249926824166,308,735,571,798,439.5,766.5,-496.5
3543,59.038913464352916,307,725,572,788,439.5,756.5,-506.5
3544,59.05557700188166,307,717,570,780,438.5,748.5,-514.5
3545,59.07224053941041,306,713,569,776,437.5,744.5,-518.5
3546,59.08890407693916,305,713,569,776,437.0,744.5,-518.5
3547,59.1055676144679,305,716,569,780,437.0,748.0,-515.0
3548,59.12223115199665,306,725,569,788,437.5,756.5,-506.5
3549,59.1388946895254,306,739,569,802,437.5,770.5,-492.5
3550,59.155558227054144,308,755,568,820,438.0,787.5,-475.5
3551,59.17222176458289,310,778,568,841,439.0,809.5,-453.5
3552,59.18888530211164,310,801,569,863,439.5,832.0,-431.0
3553,59.20554883964039,310,825,570,888,440.0,856.5,-406.5
3554,59.222212377169136,312,848,571,910,441.5,879.0,-384.0
3555,59.238875914697886,311,870,572,933,441.5,901.5,-361.5
3556,59.255539452226635,313,888,575,951,444.0,919.5,-343.5
3557,59.27220298975538,313,906,575,970,444.0,938.0,-325.0
3558,59.28886652728413,315,922,577,985,446.0,953.5,-309.5
3559,59.30553006481288,315,937,577,999,446.0,968.0,-295.0
3560,59.32219360234162,316,947,578,1010,447.0,978.5,-284.5
3561,59.33885713987037,316,954,579,1016,447.5,985.0,-278.0
3562,59.35552067739912,315,956,579,1018,447.0,987.0,-276.0
3563,59.37218421492786,318,950,580,1013,449.0,981.5,-281.5
3564,59.38884775245661,317,941,580,1004,448.5,972.5,-290.5
3565,59.40551128998536,318,927,579,990,448.5,958.5,-304.5
3566,59.42217482751411,318,909,578,972,448.0,940.5,-322.5
3567,59.438838365042855,319,889,578,954,448.5,921.5,-341.5
3568,59.455501902571605,318,869,577,932,447.5,900.5,-362.5
3569,59.472165440100355,318,847,577,910,447.5,878.5,-384.5
3570,59.4888289776291,316,827,577,890,446.5,858.5,-404.5
3571,59.50549251515785,314,806,576,869,445.0,837.5,-425.5
3572,59.5221560526866,314,784,575,848,444.5,816.0,-447.0
3573,59.53881959021534,312,763,574,827,443.0,795.0,-468.0
3574,59.55548312774409,311,745,573,808,442.0,776.5,-486.5
3575,59.57214666527284,311,729,573,793,442.0,761.0,-502.0
3576,59.58881020280158,309,717,571,782,440.0,749.5,-513.5
3577,59.60547374033033,310,713,571,776,440.5,744.5,-518.5
3578,59.62213727785908,308,712,571,776,439.5,744.0,-519.0
3579,59.63880081538783,308,716,570,780,439.0,748.0,-515.0
3580,59.655464352916574,307,726,571,788,439.0,757.0,-506.0
3581,59.672127890445324,306,736,569,800,437.5,768.0,-495.0
3582,59.688791427974074,307,750,569,813,438.0,781.5,-481.5
3583,59.70545496550282,308,766,570,828,439.0,797.0,-466.0
3584,59.72211850303157,309,784,569,847,439.0,815.5,-447.5
3585,59.73878204056032,311,804,569,868,440.0,836.0,-427.0
3586,59.75544557808906,310,827,570,891,440.0,859.0,-404.0
3587,59.77210911561781,310,850,570,913,440.0,881.5,-381.5
3588,59.78877265314656,312,875,572,938,442.0,906.5,-356.5
3589,59.80543619067531,312,894,572,959,442.0,926.5,-336.5
3590,59.82209972820405,313,915,572,978,442.5,946.5,-316.5
3591,59.8387632657328,313,931,575,993,444.0,962.0,-301.0
3592,59.85542680326155,313,942,576,1004,444.5,973.0,-290.0
3593,59.872090340790294,314,948,576,1010,445.0,979.0,-284.0
3594,59.888753878319044,316,950,577,1012,446.5,981.0,-282.0
3595,59.90541741584779,315,948,578,1010,446.5,979.0,-284.0
3596,59.922080953376536,316,943,578,1005,447.0,974.0,-289.0
3597,59.938744490905286,316,934,578,997,447.0,965.5,-297.5
3598,59.955408028434036,317,920,578,985,447.5,952.5,-310.5
3599,59.97207156596278,318,905,578,969,448.0,937.0,-326.0
3600,59.98873510349153,317,886,578,950,447.5,918.0,-345.0
3601,60.00539864102028,318,866,578,928,448.0,897.0,-366.0
3602,60.02206217854903,316,842,576,904,446.0,873.0,-390.0
3603,60.03872571607777,318,818,577,880,447.5,849.0,-414.0
3604,60.05538925360652,317,794,574,856,445.5,825.0,-438.0
3605,60.07205279113527,314,774,575,837,444.5,805.5,-457.5
3606,60.08871632866401,313,757,575,820,444.0,788.5,-474.5
3607,60.10537986619276,312,743,575,806,443.5,774.5,-488.5
3608,60.12204340372151,312,732,575,794,443.5,763.0,-500.0
3609,60.138706941250256,310,722,574,786,442.0,754.0,-509.0
3610,60.155370478779005,310,718,572,782,441.0,750.0,-513.0
3611,60.172034016307755,310,717,572,780,441.0,748.5,-514.5
3612,60.1886975538365,309,718,571,782,440.0,750.0,-513.0
3613,60.20536109136525,309,727,571,788,440.0,757.5,-505.5
3614,60.222024628894,309,737,571,800,440.0,768.5,-494.5
3615,60.23868816642275,309,754,569,816,439.0,785.0,-478.0
3616,60.25535170395149,309,772,569,836,439.0,804.0,-459.0
3617,60.27201524148024,309,795,570,858,439.5,826.5,-436.5
3618,60.28867877900899,310,817,569,881,439.5,849.0,-414.0
3619,60.30534231653773,310,840,570,904,440.0,872.0,-391.0
3620,60.32200585406648,311,862,571,924,441.0,893.0,-370.0
3621,60.33866939159523,311,881,571,942,441.0,911.5,-351.5
3622,60.355332929123975,312,898,573,960,442.5,929.0,-334.0
3623,60.371996466652725,312,915,573,977,442.5,946.0,-317.0
3624,60.388660004181475,313,930,574,992,443.5,961.0,-302.0
3625,60.40532354171022,313,941,573,1004,443.0,972.5,-290.5
3626,60.42198707923897,314,950,575,1012,444.5,981.0,-282.0
3627,60.43865061676772,313,953,576,1014,444.5,983.5,-279.5
3628,60.45531415429647,313,951,576,1012,444.5,981.5,-281.5
3629,60.47197769182521,314,942,576,1004,445.0,973.0,-290.0
3630,60.48864122935396,316,929,577,991,446.5,960.0,-303.0
3631,60.50530476688271,315,914,577,975,446.0,944.5,-318.5
3632,60.52196830441145,314,895,577,957,445.5,926.0,-337.0
3633,60.5386318419402,315,876,576,937,445.5,906.5,-356.5
3634,60.55529537946895,315,856,576,918,445.5,887.0,-376.0
3635,60.571958916997694,317,835,576,897,446.5,866.0,-397.0
3636,60.588622454526444,314,814,576,878,445.0,846.0,-417.0
3637,60.605285992055194,314,793,576,857,445.0,825.0,-438.0
3638,60.62194952958394,314,772,575,835,444.5,803.5,-459.5
3639,60.638613067112686,313,753,575,816,444.0,784.5,-478.5
3640,60.655276604641436,313,736,575,800,444.0,768.0,-495.0
3641,60.671940142170186,312,725,575,789,443.5,757.0,-506.0
3642,60.68860367969893,311,718,574,782,442.5,750.0,-513.0
3643,60.70526721722768,310,715,574,780,442.0,747.5,-515.5
3644,60.72193075475643,310,719,574,782,442.0,750.5,-512.5
3645,60.73859429228517,310,727,572,788,441.0,757.5,-505.5
3646,60.75525782981392,308,736,571,798,439.5,767.0,-496.0
3647,60.77192136734267,309,748,572,811,440.5,779.5,-483.5
3648,60.78858490487141,310,763,571,825,440.5,794.0,-469.0
3649,60.80524844240016,311,779,570,844,440.5,811.5,-451.5
3650,60.82191197992891,311,798,571,862,441.0,830.0,-433.0
3651,60.838575517457656,312,818,569,882,440.5,850.0,-413.0
3652,60.855239054986406,312,842,570,906,441.0,874.0,-389.0
3653,60.871902592515156,312,864,570,928,441.0,896.0,-367.0
3654,60.888566130043905,313,888,572,950,442.5,919.0,-344.0
3655,60.90522966757265,311,907,572,970,441.5,938.5,-324.5
3656,60.9218932051014,311,923,573,986,442.0,954.5,-308.5
3657,60.93855674263015,311,934,574,998,442.5,966.0,-297.0
3658,60.95522028015889,314,942,575,1004,444.5,973.0,-290.0
3659,60.97188381768764,314,944,574,1007,444.0,975.5,-287.5
3660,60.98854735521639,314,944,574,1006,444.0,975.0,-288.0
3661,61.00521089274513,313,942,573,1004,443.0,973.0,-290.0
3662,61.02187443027388,313,935,576,997,444.5,966.0,-297.0
3663,61.03853796780263,313,925,575,987,444.0,956.0,-307.0
3664,61.055201505331375,313,910,576,972,444.5,941.0,-322.0
3665,61.071865042860125,315,892,576,954,445.5,923.0,-340.0
3666,61.088528580388875,317,871,576,934,446.5,902.5,-360.5
3667,61.105192117917625,314,848,575,911,444.5,879.5,-383.5
3668,61.12185565544637,315,824,576,889,445.5,856.5,-406.5
3669,61.13851919297512,315,801,576,866,445.5,833.5,-429.5
3670,61.15518273050387,313,783,575,846,444.0,814.5,-448.5
3671,61.17184626803261,313,765,576,829,444.5,797.0,-466.0
3672,61.18850980556136,313,751,575,814,444.0,782.5,-480.5
3673,61.20517334309011,313,740,575,802,444.0,771.0,-492.0
3674,61.22183688061885,311,730,575,793,443.0,761.5,-501.5
3675,61.2385004181476,311,723,575,786,443.0,754.5,-508.5
3676,61.25516395567635,310,721,575,783,442.5,752.0,-511.0
3677,61.271827493205095,309,721,575,784,442.0,752.5,-510.5
3678,61.288491030733844,311,726,575,789,443.0,757.5,-505.5
3679,61.305154568262594,311,735,575,800,443.0,767.5,-495.5
3680,61.321818105791344,311,749,574,814,442.5,781.5,-481.5
3681,61.33848164332009,311,767,573,831,442.0,799.0,-464.0
3682,61.35514518084884,311,787,572,851,441.5,819.0,-444.0
3683,61.371808718377586,312,809,572,874,442.0,841.5,-421.5
3684,61.38847225590633,312,833,573,895,442.5,864.0,-399.0
3685,61.40513579343508,312,852,574,914,443.0,883.0,-380.0
3686,61.42179933096383,312,872,572,934,442.0,903.0,-360.0
3687,61.43846286849257,313,890,572,952,442.5,921.0,-342.0
3688,61.45512640602132,311,906,573,969,442.0,937.5,-325.5
3689,61.47178994355007,311,922,573,984,442.0,953.0,-310.0
3690,61.48845348107882,312,934,573,996,442.5,965.0,-298.0
3691,61.505117018607564,312,944,576,1005,444.0,974.5,-288.5
3692,61.521780556136314,311,947,575,1010,443.0,978.5,-284.5
3693,61.53844409366506,311,947,575,1010,443.0,978.5,-284.5
3694,61.555107631193806,311,941,574,1002,442.5,971.5,-291.5
3695,61.571771168722556,312,929,574,992,443.0,960.5,-302.5
3696,61.588434706251306,313,915,574,978,443.5,946.5,-316.5
3697,61.60509824378005,313,899,573,961,443.0,930.0,-333.0
3698,61.6217617813088,312,881,574,944,443.0,912.5,-350.5
3699,61.63842531883755,312,861,574,926,443.0,893.5,-369.5
3700,61.65508885636629,313,842,574,906,443.5,874.0,-389.0
3701,61.67175239389504,314,822,574,885,444.0,853.5,-409.5
3702,61.68841593142379,313,802,574,865,443.5,833.5,-429.5
3703,61.70507946895254,313,780,575,846,444.0,813.0,-450.0
3704,61.72174300648128,313,762,574,826,443.5,794.0,-469.0
3705,61.73840654401003,313,744,574,808,443.5,776.0,-487.0
3706,61.75507008153878,312,733,574,796,443.0,764.5,-498.5
3707,61.771733619067525,311,725,575,788,443.0,756.5,-506.5
3708,61.788397156596275,311,722,575,784,443.0,753.0,-510.0
3709,61.805060694125025,311,722,575,786,443.0,754.0,-509.0
3710,61.82172423165377,311,728,575,790,443.0,759.0,-504.0
3711,61.83838776918252,312,736,574,799,443.0,767.5,-495.5
3712,61.85505130671127,312,746,574,808,443.0,777.0,-486.0
3713,61.87171484424001,312,758,576,822,444.0,790.0,-473.0
3714,61.88837838176876,312,774,574,837,443.0,805.5,-457.5
3715,61.90504191929751,313,790,574,855,443.5,822.5,-440.5
3716,61.92170545682626,315,813,576,876,445.5,844.5,-418.5
3717,61.938368994355,316,834,574,898,445.0,866.0,-397.0
3718,61.95503253188375,315,857,573,922,444.0,889.5,-373.5
3719,61.9716960694125,315,879,575,942,445.0,910.5,-352.5
3720,61.988359606941245,313,898,575,961,444.0,929.5,-333.5
3721,62.005023144469995,312,914,574,977,443.0,945.5,-317.5
3722,62.021686681998744,313,928,574,989,443.5,958.5,-304.5
3723,62.03835021952749,312,935,574,998,443.0,966.5,-296.5
3724,62.05501375705624,312,939,574,1002,443.0,970.5,-292.5
3725,62.07167729458499,312,940,574,1002,443.0,971.0,-292.0
3726,62.08834083211373,311,940,573,1002,442.0,971.0,-292.0
3727,62.10500436964248,312,934,574,996,443.0,965.0,-298.0
3728,62.12166790717123,311,926,573,988,442.0,957.0,-306.0
3729,62.13833144469998,312,913,572,976,442.0,944.5,-318.5
3730,62.15499498222872,311,896,573,960,442.0,928.0,-335.0
3731,62.17165851975747,313,877,572,940,442.5,908.5,-354.5
3732,62.18832205728622,313,857,573,919,443.0,888.0,-375.0
3733,62.204985594814964,312,832,572,896,442.0,864.0,-399.0
3734,62.221649132343714,312,812,573,874,442.5,843.0,-420.0
3735,62.238312669872464,313,790,572,854,442.5,822.0,-441.0
3736,62.25497620740121,313,773,573,836,443.0,804.5,-458.5
3737,62.271639744929956,310,759,573,822,441.5,790.5,-472.5
3738,62.288303282458706,310,745,573,809,441.5,777.0,-486.0
3739,62.30496681998745,311,736,574,799,442.5,767.5,-495.5
3740,62.3216303575162,310,729,573,794,441.5,761.5,-501.5
3741,62.33829389504495,311,724,575,788,443.0,756.0,-507.0
3742,62.3549574325737,311,724,575,787,443.0,755.5,-507.5
3743,62.37162097010244,312,727,576,790,444.0,758.5,-504.5
3744,62.38828450763119,313,736,576,799,444.5,767.5,-495.5
3745,62.40494804515994,313,749,575,812,444.0,780.5,-482.5
3746,62.42161158268868,314,765,574,828,444.0,796.5,-466.5
3747,62.43827512021743,314,784,574,846,444.0,815.0,-448.0
3748,62.45493865774618,316,805,574,868,445.0,836.5,-426.5
3749,62.471602195274926,315,826,576,887,445.5,856.5,-406.5
3750,62.488265732803676,314,844,576,908,445.0,876.0,-387.0
3751,62.504929270332426,314,864,575,926,444.5,895.0,-368.0
3752,62.52159280786117,314,882,576,944,445.0,913.0,-350.0
3753,62.53825634538992,314,898,575,960,444.5,929.0,-334.0
3754,62.55491988291867,313,914,575,976,444.0,945.0,-318.0
3755,62.57158342044742,313,928,576,990,444.5,959.0,-304.0
3756,62.58824695797616,313,938,575,999,444.0,968.5,-294.5
3757,62.60491049550491,313,942,575,1005,444.0,973.5,-289.5
3758,62.62157403303366,313,943,575,1005,444.0,974.0,-289.0
3759,62.6382375705624,312,937,573,1000,442.5,968.5,-294.5
3760,62.65490110809115,311,929,573,992,442.0,960.5,-302.5
3761,62.6715646456199,312,915,572,979,442.0,947.0,-316.0
3762,62.688228183148645,312,901,572,964,442.0,932.5,-330.5
3763,62.704891720677395,311,884,572,948,441.5,916.0,-347.0
3764,62.721555258206145,312,867,572,931,442.0,899.0,-364.0
3765,62.73821879573489,311,849,572,912,441.5,880.5,-382.5
3766,62.75488233326364,312,831,571,894,441.5,862.5,-400.5
3767,62.77154587079239,310,811,571,874,440.5,842.5,-420.5
3768,62.78820940832114,311,791,571,853,441.0,822.0,-441.0
3769,62.80487294584988,311,771,571,834,441.0,802.5,-460.5
3770,62.82153648337863,309,753,571,816,440.0,784.5,-478.5
3771,62.83820002090738,310,738,574,803,442.0,770.5,-492.5
3772,62.85486355843612,310,730,573,794,441.5,762.0,-501.0
3773,62.87152709596487,309,726,573,790,441.0,758.0,-505.0
3774,62.88819063349362,310,726,573,789,441.5,757.5,-505.5
3775,62.904854171022365,310,730,572,793,441.0,761.5,-501.5
3776,62.921517708551114,311,735,575,799,443.0,767.0,-496.0
3777,62.938181246079864,312,745,575,808,443.5,776.5,-486.5
3778,62.954844783608614,312,757,576,820,444.0,788.5,-474.5
3779,62.97150832113736,314,772,575,834,444.5,803.0,-460.0
3780,62.98817185866611,315,788,576,852,445.5,820.0,-443.0
3781,63.004835396194856,316,806,576,869,446.0,837.5,-425.5
3782,63.0214989337236,315,828,575,891,445.0,859.5,-403.5
3783,63.03816247125235,316,849,576,913,446.0,881.0,-382.0
3784,63.0548260087811,315,871,577,935,446.0,903.0,-360.0
3785,63.07148954630984,314,891,577,953,445.5,922.0,-341.0
3786,63.08815308383859,315,906,576,969,445.5,937.5,-325.5
3787,63.10481662136734,314,919,576,982,445.0,950.5,-312.5
3788,63.121480158896084,315,929,576,991,445.5,960.0,-303.0
3789,63.138143696424834,314,935,576,997,445.0,966.0,-297.0
3790,63.15480723395358,314,936,576,998,445.0,967.0,-296.0
3791,63.17147077148233,313,937,576,998,444.5,967.5,-295.5
3792,63.188134309011076,312,934,574,995,443.0,964.5,-298.5
3793,63.204797846539826,310,926,574,988,442.0,957.0,-306.0
3794,63.221461384068576,311,915,573,977,442.0,946.0,-317.0
3795,63.23812492159732,310,899,572,962,441.0,930.5,-332.5
3796,63.25478845912607,311,882,573,945,442.0,913.5,-349.5
3797,63.27145199665482,311,861,572,924,441.5,892.5,-370.5
3798,63.28811553418356,309,842,570,902,439.5,872.0,-391.0
3799,63.30477907171231,309,819,570,881,439.5,850.0,-413.0
3800,63.32144260924106,308,800,571,862,439.5,831.0,-432.0
3801,63.3381061467698,308,781,570,844,439.0,812.5,-450.5
3802,63.35476968429855,307,766,570,830,438.5,798.0,-465.0
3803,63.3714332218273,309,753,571,817,440.0,785.0,-478.0
3804,63.38809675935605,309,743,571,806,440.0,774.5,-488.5
3805,63.404760296884795,309,734,571,798,440.0,766.0,-497.0
3806,63.421423834413545,310,729,572,792,441.0,760.5,-502.5
3807,63.438087371942295,310,728,572,790,441.0,759.0,-504.0
3808,63.45475090947104,310,729,572,792,441.0,760.5,-502.5
3809,63.47141444699979,310,735,574,800,442.0,767.5,-495.5
3810,63.48807798452854,311,746,575,810,443.0,778.0,-485.0
3811,63.50474152205728,313,762,575,826,444.0,794.0,-469.0
3812,63.52140505958603,313,781,576,844,444.5,812.5,-450.5
3813,63.53806859711478,314,800,576,863,445.0,831.5,-431.5
3814,63.55473213464352,315,820,577,881,446.0,850.5,-412.5
3815,63.57139567217227,316,837,578,900,447.0,868.5,-394.5
3816,63.58805920970102,316,855,577,918,446.5,886.5,-376.5
3817,63.60472274722977,318,872,578,936,448.0,904.0,-359.0
3818,63.621386284758515,317,890,577,952,447.0,921.0,-342.0
3819,63.638049822287265,317,906,577,969,447.0,937.5,-325.5
3820,63.654713359816014,317,919,579,983,448.0,951.0,-312.0
3821,63.67137689734476,317,930,579,992,448.0,961.0,-302.0
3822,63.68804043487351,316,938,576,1000,446.0,969.0,-294.0
3823,63.70470397240226,314,939,574,1001,444.0,970.0,-293.0
3824,63.721367509931,313,938,575,1000,444.0,969.0,-294.0
3825,63.73803104745975,314,929,575,990,444.5,959.5,-303.5
3826,63.7546945849885,312,918,576,980,444.0,949.0,-314.0
3827,63.77135812251724,312,904,573,967,442.5,935.5,-327.5
3828,63.78802166004599,313,888,573,951,443.0,919.5,-343.5
3829,63.80468519757474,311,872,572,935,441.5,903.5,-359.5
3830,63.82134873510349,310,855,571,919,440.5,887.0,-376.0
3831,63.838012272632234,312,836,571,900,441.5,868.0,-395.0
3832,63.854675810160984,308,818,570,880,439.0,849.0,-414.0
3833,63.871339347689734,309,797,570,860,439.5,828.5,-434.5
3834,63.88800288521848,309,778,570,842,439.5,810.0,-453.0
3835,63.904666422747226,308,761,570,824,439.0,792.5,-470.5
3836,63.921329960275976,308,747,570,810,439.0,778.5,-484.5
3837,63.93799349780472,308,738,569,801,438.5,769.5,-493.5
3838,63.95465703533347,308,731,570,794,439.0,762.5,-500.5
3839,63.97132057286222,308,731,570,794,439.0,762.5,-500.5
3840,63.98798411039096,307,733,570,796,438.5,764.5,-498.5
3841,64.00464764791971,310,738,572,801,441.0,769.5,-493.5
3842,64.02131118544845,309,744,572,809,440.5,776.5,-486.5
3843,64.03797472297721,310,755,575,818,442.5,786.5,-476.5
3844,64.05463826050595,311,767,575,831,443.0,799.0,-464.0
3845,64.0713017980347,313,784,575,847,444.0,815.5,-447.5
3846,64.08796533556345,313,802,575,864,444.0,833.0,-430.0
3847,64.1046288730922,316,822,576,884,446.0,853.0,-410.0
3848,64.12129241062095,316,841,577,905,446.5,873.0,-390.0
3849,64.1379559481497,316,863,577,926,446.5,894.5,-368.5
3850,64.15461948567844,317,883,577,944,447.0,913.5,-349.5
3851,64.1712830232072,315,899,578,962,446.5,930.5,-332.5
3852,64.18794656073594,316,912,579,974,447.5,943.0,-320.0
3853,64.20461009826468,317,923,579,984,448.0,953.5,-309.5
3854,64.22127363579344,316,929,578,991,447.0,960.0,-303.0
3855,64.23793717332218,316,930,578,994,447.0,962.0,-301.0
3856,64.25460071085092,316,932,578,995,447.0,963.5,-299.5
3857,64.27126424837968,315,931,578,993,446.5,962.0,-301.0
3858,64.28792778590842,314,928,576,988,445.0,958.0,-305.0
3859,64.30459132343717,313,917,575,978,444.0,947.5,-315.5
3860,64.32125486096592,314,904,576,966,445.0,935.0,-328.0
3861,64.33791839849466,313,886,573,950,443.0,918.0,-345.0
3862,64.35458193602341,312,866,572,930,442.0,898.0,-365.0
3863,64.37124547355216,311,845,572,909,441.5,877.0,-386.0
3864,64.38790901108091,310,827,569,888,439.5,857.5,-405.5
3865,64.40457254860965,308,806,569,870,438.5,838.0,-425.0
3866,64.4212360861384,309,791,569,853,439.0,822.0,-441.0
3867,64.43789962366715,307,775,568,838,437.5,806.5,-456.5
3868,64.45456316119589,307,761,568,824,437.5,792.5,-470.5
3869,64.47122669872465,305,751,568,814,436.5,782.5,-480.5
3870,64.48789023625339,305,740,570,804,437.5,772.0,-491.0
3871,64.50455377378213,306,735,570,797,438.0,766.0,-497.0
3872,64.52121731131089,308,731,569,794,438.5,762.5,-500.5
3873,64.53788084883963,308,732,570,795,439.0,763.5,-499.5
3874,64.55454438636839,308,738,572,800,440.0,769.0,-494.0
3875,64.57120792389713,309,748,571,810,440.0,779.0,-484.0
3876,64.58787146142588,308,761,572,825,440.0,793.0,-470.0
3877,64.60453499895463,312,777,572,841,442.0,809.0,-454.0
3878,64.62119853648338,312,794,574,858,443.0,826.0,-437.0
3879,64.63786207401212,312,812,575,876,443.5,844.0,-419.0
3880,64.65452561154088,313,830,575,893,444.0,861.5,-401.5
3881,64.67118914906962,314,849,576,911,445.0,880.0,-383.0
3882,64.68785268659836,315,866,576,929,445.5,897.5,-365.5
3883,64.70451622412712,317,883,577,945,447.0,914.0,-349.0
3884,64.72117976165586,317,899,577,961,447.0,930.0,-333.0
3885,64.7378432991846,317,913,578,975,447.5,944.0,-319.0
3886,64.75450683671336,317,924,579,986,448.0,955.0,-308.0
3887,64.7711703742421,317,933,578,994,447.5,963.5,-299.5
3888,64.78783391177085,316,935,578,997,447.0,966.0,-297.0
3889,64.8044974492996,316,935,577,997,446.5,966.0,-297.0
3890,64.82116098682835,316,929,578,990,447.0,959.5,-303.5
3891,64.83782452435709,315,918,577,981,446.0,949.5,-313.5
3892,64.85448806188585,315,906,577,968,446.0,937.0,-326.0
3893,64.87115159941459,314,892,576,955,445.0,923.5,-339.5
3894,64.88781513694333,314,878,575,940,444.5,909.0,-354.0
3895,64.90447867447209,313,862,573,924,443.0,893.0,-370.0
3896,64.92114221200083,311,843,572,906,441.5,874.5,-388.5
3897,64.93780574952957,310,824,571,887,440.5,855.5,-407.5
3898,64.95446928705833,308,805,571,868,439.5,836.5,-426.5
3899,64.97113282458707,308,786,569,848,438.5,817.0,-446.0
3900,64.98779636211583,307,768,568,831,437.5,799.5,-463.5
3901,65.00445989964457,305,753,568,817,436.5,785.0,-478.0
3902,65.02112343717332,306,744,568,807,437.0,775.5,-487.5
3903,65.03778697470207,306,737,568,800,437.0,768.5,-494.5
3904,65.05445051223082,306,735,569,798,437.5,766.5,-496.5
3905,65.07111404975956,306,736,569,798,437.5,767.0,-496.0
3906,65.08777758728831,305,739,569,802,437.0,770.5,-492.5
3907,65.10444112481706,307,747,571,808,439.0,777.5,-485.5
3908,65.1211046623458,308,754,568,817,438.0,785.5,-477.5
3909,65.13776819987456,307,766,570,828,438.5,797.0,-466.0
3910,65.1544317374033,310,780,572,843,441.0,811.5,-451.5
3911,65.17109527493204,311,796,571,860,441.0,828.0,-435.0
3912,65.1877588124608,312,815,573,878,442.5,846.5,-416.5
3913,65.20442234998954,314,834,575,898,444.5,866.0,-397.0
3914,65.22108588751829,314,855,575,919,444.5,887.0,-376.0
3915,65.23774942504704,316,875,576,938,446.0,906.5,-356.5
3916,65.25441296257578,315,892,578,954,446.5,923.0,-340.0
3917,65.27107650010453,317,904,578,967,447.5,935.5,-327.5
3918,65.28774003763328,317,916,579,978,448.0,947.0,-316.0
3919,65.30440357516203,318,923,579,985,448.5,954.0,-309.0
3920,65.32106711269077,318,929,579,990,448.5,959.5,-303.5
3921,65.33773065021953,317,929,579,991,448.0,960.0,-303.0
3922,65.35439418774827,317,930,579,991,448.0,960.5,-302.5
3923,65.37105772527701,317,925,579,988,448.0,956.5,-306.5
3924,65.38772126280577,317,918,578,979,447.5,948.5,-314.5
3925,65.40438480033451,317,904,578,968,447.5,936.0,-327.0
3926,65.42104833786327,315,889,577,953,446.0,921.0,-342.0
3927,65.43771187539201,316,871,576,934,446.0,902.5,-360.5
3928,65.45437541292075,314,851,575,914,444.5,882.5,-380.5
3929,65.47103895044951,313,832,574,895,443.5,863.5,-399.5
3930,65.48770248797825,311,814,573,878,442.0,846.0,-417.0
3931,65.504366025507,310,798,573,861,441.5,829.5,-433.5
3932,65.52102956303575,310,782,571,846,440.5,814.0,-449.0
3933,65.5376931005645,308,768,571,832,439.5,800.0,-463.0
3934,65.55435663809324,307,757,570,819,438.5,788.0,-475.0
3935,65.571020175622,307,747,570,809,438.5,778.0,-485.0
3936,65.58768371315074,305,740,569,803,437.0,771.5,-491.5
3937,65.60434725067948,306,735,569,798,437.5,766.5,-496.5
3938,65.62101078820824,305,734,568,797,436.5,765.5,-497.5
3939,65.63767432573698,304,739,569,801,436.5,770.0,-493.0
3940,65.65433786326572,305,746,569,810,437.0,778.0,-485.0
3941,65.67100140079448,307,760,569,822,438.0,791.0,-472.0
3942,65.68766493832322,308,774,571,836,439.5,805.0,-458.0
3943,65.70432847585197,308,791,570,852,439.0,821.5,-441.5
3944,65.72099201338072,309,806,571,870,440.0,838.0,-425.0
3945,65.73765555090947,310,824,573,887,441.5,855.5,-407.5
3946,65.75431908843821,312,840,575,905,443.5,872.5,-390.5
3947,65.77098262596697,313,859,575,922,444.0,890.5,-372.5
3948,65.78764616349571,315,874,576,937,445.5,905.5,-357.5
3949,65.80430970102447,315,891,577,954,446.0,922.5,-340.5
3950,65.82097323855321,314,905,577,968,445.5,936.5,-326.5
3951,65.83763677608195,315,919,578,980,446.5,949.5,-313.5
3952,65.85430031361071,316,927,578,989,447.0,958.0,-305.0
3953,65.87096385113945,316,930,579,993,447.5,961.5,-301.5
3954,65.8876273886682,316,930,579,992,447.5,961.0,-302.0
3955,65.90429092619695,316,926,579,988,447.5,957.0,-306.0
3956,65.92095446372569,317,918,580,980,448.5,949.0,-314.0
3957,65.93761800125444,317,908,579,970,448.0,939.0,-324.0
3958,65.95428153878319,317,894,578,957,447.5,925.5,-337.5
3959,65.97094507631193,315,875,577,942,446.0,908.5,-354.5
3960,65.98760861384068,315,865,576,927,445.5,896.0,-367.0
3961,66.00427215136943,316,849,575,910,445.5,879.5,-383.5
3962,66.02093568889818,312,832,575,894,443.5,863.0,-400.0
3963,66.03759922642692,312,813,572,874,442.0,843.5,-419.5
3964,66.05426276395568,312,793,572,856,442.0,824.5,-438.5
3965,66.07092630148442,310,776,571,838,440.5,807.0,-456.0
3966,66.08758983901316,309,763,570,824,439.5,793.5,-469.5
3967,66.10425337654192,308,751,570,812,439.0,781.5,-481.5
3968,66.12091691407066,307,743,572,806,439.5,774.5,-488.5
3969,66.1375804515994,307,738,570,802,438.5,770.0,-493.0
3970,66.15424398912816,305,739,570,802,437.5,770.5,-492.5
3971,66.1709075266569,306,741,570,805,438.0,773.0,-490.0
3972,66.18757106418565,305,745,569,809,437.0,777.0,-486.0
3973,66.2042346017144,306,754,569,817,437.5,785.5,-477.5
3974,66.22089813924315,307,764,570,827,438.5,795.5,-467.5
3975,66.2375616767719,307,776,571,839,439.0,807.5,-455.5
3976,66.25422521430065,309,791,570,854,439.5,822.5,-440.5
3977,66.27088875182939,310,810,571,873,440.5,841.5,-421.5
3978,66.28755228935815,311,830,571,893,441.0,861.5,-401.5
3979,66.30421582688689,312,848,573,911,442.5,879.5,-383.5
3980,66.32087936441563,312,866,573,930,442.5,898.0,-365.0
3981,66.33754290194439,313,885,574,947,443.5,916.0,-347.0
3982,66.35420643947313,313,899,575,961,444.0,930.0,-333.0
3983,66.37086997700187,315,910,576,971,445.5,940.5,-322.5
3984,66.38753351453063,315,918,578,980,446.5,949.0,-314.0
3985,66.40419705205937,315,923,577,984,446.0,953.5,-309.5
3986,66.42086058958812,317,927,577,988,447.0,957.5,-305.5
3987,66.43752412711687,316,927,577,989,446.5,958.0,-305.0
3988,66.45418766464562,318,924,578,986,448.0,955.0,-308.0
3989,66.47085120217436,318,916,578,979,448.0,947.5,-315.5
3990,66.48751473970312,317,906,578,968,447.5,937.0,-326.0
3991,66.50417827723186,318,892,578,954,448.0,923.0,-340.0
3992,66.5208418147606,317,875,579,938,448.0,906.5,-356.5
3993,66.53750535228936,315,857,576,920,445.5,888.5,-374.5
3994,66.5541688898181,317,839,576,901,446.5,870.0,-393.0
3995,66.57083242734684,314,822,575,884,444.5,853.0,-410.0
3996,66.5874959648756,312,804,575,867,443.5,835.5,-427.5
3997,66.60415950240434,312,790,575,852,443.5,821.0,-442.0
3998,66.62082303993309,311,776,573,838,442.0,807.0,-456.0
3999,66.63748657746184,309,762,572,826,440.5,794.0,-469.0
4000,66.65415011499059,308,752,572,816,440.0,784.0,-479.0
4001,66.67081365251934,307,744,571,807,439.0,775.5,-487.5
4002,66.68747719004809,307,739,570,802,438.5,770.5,-492.5
4003,66.70414072757683,307,738,571,801,439.0,769.5,-493.5
4004,66.72080426510558,306,740,571,804,438.5,772.0,-491.0
4005,66.73746780263433,306,747,569,810,437.5,778.5,-484.5
4006,66.75413134016307,306,758,569,821,437.5,789.5,-473.5
4007,66.77079487769183,307,771,570,834,438.5,802.5,-460.5
4008,66.78745841522057,308,787,569,849,438.5,818.0,-445.0
4009,66.80412195274931,308,803,570,866,439.0,834.5,-428.5
4010,66.82078549027807,307,819,570,882,438.5,850.5,-412.5
4011,66.83744902780681,311,836,571,898,441.0,867.0,-396.0
4012,66.85411256533556,309,852,573,914,441.0,883.0,-380.0
4013,66.87077610286431,312,867,573,930,442.5,898.5,-364.5
4014,66.88743964039305,313,884,574,947,443.5,915.5,-347.5
4015,66.9041031779218,313,899,575,962,444.0,930.5,-332.5
4016,66.92076671545055,313,911,575,974,444.0,942.5,-320.5
4017,66.9374302529793,314,923,577,984,445.5,953.5,-309.5
4018,66.95409379050804,313,928,576,990,444.5,959.0,-304.0
4019,66.9707573280368,314,928,576,990,445.0,959.0,-304.0
4020,66.98742086556554,315,925,576,986,445.5,955.5,-307.5
4021,67.00408440309428,317,917,578,979,447.5,948.0,-315.0
4022,67.02074794062304,316,908,578,970,447.0,939.0,-324.0
4023,67.03741147815178,317,897,578,959,447.5,928.0,-335.0
4024,67.05407501568054,316,884,577,946,446.5,915.0,-348.0
4025,67.07073855320928,317,869,578,932,447.5,900.5,-362.5
4026,67.08740209073802,315,852,576,916,445.5,884.0,-379.0
4027,67.10406562826678,315,835,577,900,446.0,867.5,-395.5
4028,67.12072916579552,314,818,576,881,445.0,849.5,-413.5
4029,67.13739270332427,315,801,575,862,445.0,831.5,-431.5
4030,67.15405624085302,313,782,576,846,444.5,814.0,-449.0
4031,67.17071977838177,313,768,575,831,444.0,799.5,-463.5
4032,67.18738331591051,311,754,574,818,442.5,786.0,-477.0
4033,67.20404685343927,310,748,574,812,442.0,780.0,-483.0
4034,67.22071039096801,310,743,571,807,440.5,775.0,-488.0
4035,67.23737392849675,310,743,572,806,441.0,774.5,-488.5
4036,67.25403746602551,310,743,572,807,441.0,775.0,-488.0
4037,67.27070100355425,308,747,571,810,439.5,778.5,-484.5
4038,67.287364541083,307,753,570,816,438.5,784.5,-478.5
4039,67.30402807861175,308,760,570,824,439.0,792.0,-471.0
4040,67.3206916161405,309,773,571,836,440.0,804.5,-458.5
4041,67.33735515366924,309,788,569,850,439.0,819.0,-444.0
4042,67.354018691198,309,805,570,868,439.5,836.5,-426.5
4043,67.37068222872674,309,823,570,886,439.5,854.5,-408.5
4044,67.38734576625548,310,843,571,905,440.5,874.0,-389.0
4045,67.40400930378424,310,862,572,923,441.0,892.5,-370.5
4046,67.42067284131298,311,876,572,940,441.5,908.0,-355.0
4047,67.43733637884172,311,890,573,954,442.0,922.0,-341.0
4048,67.45399991637048,311,903,574,966,442.5,934.5,-328.5
4049,67.47066345389922,312,910,574,974,443.0,942.0,-321.0
4050,67.48732699142798,313,918,575,980,444.0,949.0,-314.0
4051,67.50399052895672,313,922,575,982,444.0,952.0,-311.0
4052,67.52065406648546,313,924,575,985,444.0,954.5,-308.5
4053,67.53731760401422,314,922,576,984,445.0,953.0,-310.0
4054,67.55398114154296,315,918,577,980,446.0,949.0,-314.0
4055,67.5706446790717,314,907,577,969,445.5,938.0,-325.0
4056,67.58730821660046,316,894,577,957,446.5,925.5,-337.5
4057,67.6039717541292,316,879,578,941,447.0,910.0,-353.0
4058,67.62063529165795,317,862,576,926,446.5,894.0,-369.0
4059,67.6372988291867,315,844,577,908,446.0,876.0,-387.0
4060,67.65396236671545,316,827,577,890,446.5,858.5,-404.5
4061,67.67062590424419,315,809,577,874,446.0,841.5,-421.5
4062,67.68728944177295,315,796,577,858,446.0,827.0,-436.0
4063,67.70395297930169,314,782,576,845,445.0,813.5,-449.5
4064,67.72061651683043,313,769,575,832,444.0,800.5,-462.5
4065,67.73728005435919,312,758,576,822,444.0,790.0,-473.0
4066,67.75394359188793,311,749,575,812,443.0,780.5,-482.5
4067,67.77060712941667,311,744,574,806,442.5,775.0,-488.0
4068,67.78727066694543,310,741,573,804,441.5,772.5,-490.5
4069,67.80393420447417,310,742,573,806,441.5,774.0,-489.0
4070,67.82059774200292,309,748,572,810,440.5,779.0,-484.0
4071,67.83726127953167,309,757,570,820,439.5,788.5,-474.5
4072,67.85392481706042,310,769,572,832,441.0,800.5,-462.5
4073,67.87058835458916,308,783,571,846,439.5,814.5,-448.5
4074,67.88725189211792,308,797,571,861,439.5,829.0,-434.0
4075,67.90391542964666,309,814,571,876,440.0,845.0,-418.0
4076,67.92057896717542,309,830,571,893,440.0,861.5,-401.5
4077,67.93724250470416,309,845,572,908,440.5,876.5,-386.5
4078,67.9539060422329,308,861,571,924,439.5,892.5,-370.5
4079,67.97056957976166,311,877,572,940,441.5,908.5,-354.5
4080,67.9872331172904,311,890,573,954,442.0,922.0,-341.0
4081,68.00389665481914,311,904,572,968,441.5,936.0,-327.0
4082,68.0205601923479,311,916,575,978,443.0,947.0,-316.0
4083,68.03722372987664,312,922,575,984,443.5,953.0,-310.0
4084,68.05388726740539,311,923,575,985,443.0,954.0,-309.0
4085,68.07055080493414,311,923,575,984,443.0,953.5,-309.5
4086,68.08721434246289,313,917,576,978,444.5,947.5,-315.5
4087,68.10387787999163,313,908,575,970,444.0,939.0,-324.0
4088,68.12054141752039,313,900,577,961,445.0,930.5,-332.5
4089,68.13720495504913,314,888,577,949,445.5,918.5,-344.5
4090,68.15386849257787,315,874,577,936,446.0,905.0,-358.0
4091,68.17053203010663,315,860,576,921,445.5,890.5,-372.5
4092,68.18719556763537,314,843,576,905,445.0,874.0,-389.0
4093,68.20385910516411,316,825,576,887,446.0,856.0,-407.0
4094,68.22052264269287,314,807,576,870,445.0,838.5,-424.5
4095,68.23718618022161,315,790,575,852,445.0,821.0,-442.0
4096,68.25384971775036,315,775,575,837,445.0,806.0,-457.0
4097,68.27051325527911,314,764,575,826,444.5,795.0,-468.0
4098,68.28717679280786,312,754,576,816,444.0,785.0,-478.0
4099,68.3038403303366,311,748,575,812,443.0,780.0,-483.0
4100,68.32050386786536,311,747,575,810,443.0,778.5,-484.5
4101,68.3371674053941,311,746,575,810,443.0,778.0,-485.0
4102,68.35383094292285,310,749,575,812,442.5,780.5,-482.5
4103,68.3704944804516,310,754,574,817,442.0,785.5,-477.5
4104,68.38715801798034,310,761,574,824,442.0,792.5,-470.5
4105,68.4038215555091,311,772,573,834,442.0,803.0,-460.0
4106,68.42048509303784,311,784,573,848,442.0,816.0,-447.0
4107,68.43714863056658,310,799,572,863,441.0,831.0,-432.0
4108,68.45381216809534,311,817,572,881,441.5,849.0,-414.0
4109,68.47047570562408,313,836,573,900,443.0,868.0,-395.0
4110,68.48713924315282,310,854,572,917,441.0,885.5,-377.5
4111,68.50380278068158,310,869,571,933,440.5,901.0,-362.0
4112,68.52046631821032,310,883,572,946,441.0,914.5,-348.5
4113,68.53712985573907,310,897,573,958,441.5,927.5,-335.5
4114,68.55379339326782,310,906,573,968,441.5,937.0,-326.0
4115,68.57045693079657,311,912,573,974,442.0,943.0,-320.0
4116,68.58712046832531,312,918,574,980,443.0,949.0,-314.0
4117,68.60378400585407,311,919,574,982,442.5,950.5,-312.5
4118,68.62044754338281,311,920,574,982,442.5,951.0,-312.0
4119,68.63711108091155,311,917,574,978,442.5,947.5,-315.5
4120,68.65377461844031,312,908,575,970,443.5,939.0,-324.0
4121,68.67043815596905,313,897,576,959,444.5,928.0,-335.0
4122,68.6871016934978,312,883,575,945,443.5,914.0,-349.0
4123,68.70376523102655,314,866,575,928,444.5,897.0,-366.0
4124,68.7204287685553,314,850,575,911,444.5,880.5,-382.5
4125,68.73709230608405,315,833,575,895,445.0,864.0,-399.0
4126,68.7537558436128,314,816,576,880,445.0,848.0,-415.0
4127,68.77041938114154,313,802,576,866,444.5,834.0,-429.0
4128,68.7870829186703,314,787,576,851,445.0,819.0,-444.0
4129,68.80374645619904,313,776,575,838,444.0,807.0,-456.0
4130,68.82040999372778,312,763,576,826,444.0,794.5,-468.5
4131,68.83707353125654,312,754,575,818,443.5,786.0,-477.0
4132,68.85373706878528,312,747,575,810,443.5,778.5,-484.5
4133,68.87040060631402,311,744,575,807,443.0,775.5,-487.5
4134,68.88706414384278,311,744,576,807,443.5,775.5,-487.5
4135,68.90372768137152,312,749,575,812,443.5,780.5,-482.5
4136,68.92039121890026,312,757,575,820,443.5,788.5,-474.5
4137,68.93705475642902,312,768,575,830,443.5,799.0,-464.0
4138,68.95371829395776,312,780,575,845,443.5,812.5,-450.5
4139,68.9703818314865,312,794,573,857,442.5,825.5,-437.5
4140,68.98704536901526,312,809,574,872,443.0,840.5,-422.5
4141,69.003708906544,311,824,573,887,442.0,855.5,-407.5
4142,69.02037244407275,311,839,573,902,442.0,870.5,-392.5
4143,69.0370359816015,312,855,573,918,442.5,886.5,-376.5
4144,69.05369951913025,312,870,572,934,442.0,902.0,-361.0
4145,69.07036305665899,312,887,574,948,443.0,917.5,-345.5
4146,69.08702659418775,311,899,575,962,443.0,930.5,-332.5
4147,69.10369013171649,311,912,574,972,442.5,942.0,-321.0
4148,69.12035366924523,311,918,573,979,442.0,948.5,-314.5
4149,69.13701720677399,311,918,573,981,442.0,949.5,-313.5
4150,69.15368074430273,310,920,573,982,441.5,951.0,-312.0
4151,69.17034428183149,311,916,574,977,442.5,946.5,-316.5
4152,69.18700781936023,311,908,573,970,442.0,939.0,-324.0
4153,69.20367135688898,312,900,573,962,442.5,931.0,-332.0
4154,69.22033489441773,311,889,574,952,442.5,920.5,-342.5
4155,69.23699843194647,311,877,573,940,442.0,908.5,-354.5
4156,69.25366196947522,311,864,573,927,442.0,895.5,-367.5
4157,69.27032550700397,311,847,574,911,442.5,879.0,-384.0
4158,69.28698904453272,311,831,574,894,442.5,862.5,-400.5
4159,69.30365258206146,312,812,574,876,443.0,844.0,-419.0
4160,69.32031611959022,313,796,575,859,444.0,827.5,-435.5
4161,69.33697965711896,312,780,574,844,443.0,812.0,-451.0
4162,69.3536431946477,314,770,575,832,444.5,801.0,-462.0
4163,69.37030673217646,312,760,574,823,443.0,791.5,-471.5
4164,69.3869702697052,312,754,575,818,443.5,786.0,-477.0
4165,69.40363380723394,312,750,576,814,444.0,782.0,-481.0
4166,69.4202973447627,312,750,575,813,443.5,781.5,-481.5
4167,69.43696088229144,311,750,575,814,443.0,782.0,-481.0
4168,69.45362441982019,313,755,575,818,444.0,786.5,-476.5
4169,69.47028795734894,312,760,575,823,443.5,791.5,-471.5
4170,69.48695149487769,312,770,575,833,443.5,801.5,-461.5
4171,69.50361503240643,313,783,575,846,444.0,814.5,-448.5
4172,69.52027856993519,314,794,576,860,445.0,827.0,-436.0
4173,69.53694210746393,312,813,575,876,443.5,844.5,-418.5
4174,69.55360564499267,314,832,575,894,444.5,863.0,-400.0
4175,69.57026918252143,312,848,576,910,444.0,879.0,-384.0
4176,69.58693272005017,313,865,575,926,444.0,895.5,-367.5
4177,69.60359625757893,314,879,575,940,444.5,909.5,-353.5
4178,69.62025979510767,312,889,575,952,443.5,920.5,-342.5
4179,69.63692333263641,312,900,575,962,443.5,931.0,-332.0
4180,69.65358687016517,311,908,574,970,442.5,939.0,-324.0
4181,69.67025040769391,311,914,574,976,442.5,945.0,-318.0
4182,69.68691394522266,311,917,573,978,442.0,947.5,-315.5
4183,69.70357748275141,310,918,575,979,442.5,948.5,-314.5
4184,69.72024102028016,310,917,574,978,442.0,947.5,-315.5
4185,69.7369045578089,311,909,573,971,442.0,940.0,-323.0
4186,69.75356809533766,311,898,573,961,442.0,929.5,-333.5
4187,69.7702316328664,311,885,572,947,441.5,916.0,-347.0
4188,69.78689517039514,312,870,573,932,442.5,901.0,-362.0
4189,69.8035587079239,312,854,573,916,442.5,885.0,-378.0
4190,69.82022224545264,312,837,571,901,441.5,869.0,-394.0
4191,69.83688578298138,312,824,572,885,442.0,854.5,-408.5
4192,69.85354932051014,312,809,574,871,443.0,840.0,-423.0
4193,69.87021285803888,311,794,573,858,442.0,826.0,-437.0
4194,69.88687639556763,310,780,573,844,441.5,812.0,-451.0
4195,69.90353993309638,311,770,573,833,442.0,801.5,-461.5
4196,69.92020347062513,311,760,573,824,442.0,792.0,-471.0
4197,69.93686700815387,312,753,575,816,443.5,784.5,-478.5
4198,69.95353054568263,312,748,575,811,443.5,779.5,-483.5
4199,69.97019408321137,311,748,574,810,442.5,779.0,-484.0
4200,69.98685762074011,313,751,576,814,444.5,782.5,-480.5
4201,70.00352115826887,313,758,575,821,444.0,789.5,-473.5
4202,70.02018469579761,312,768,575,830,443.5,799.0,-464.0
4203,70.03684823332637,313,779,577,842,445.0,810.5,-452.5
4204,70.05351177085511,312,792,575,854,443.5,823.0,-440.0
4205,70.07017530838385,312,805,577,867,444.5,836.0,-427.0
4206,70.08683884591261,313,819,577,883,445.0,851.0,-412.0
4207,70.10350238344135,314,834,577,896,445.5,865.0,-398.0
4208,70.1201659209701,313,849,576,911,444.5,880.0,-383.0
4209,70.13682945849885,313,865,576,927,444.5,896.0,-367.0
4210,70.1534929960276,314,880,576,942,445.0,911.0,-352.0
4211,70.17015653355634,313,894,576,956,444.5,925.0,-338.0
4212,70.1868200710851,314,905,575,967,444.5,936.0,-327.0
4213,70.20348360861384,312,912,575,974,443.5,943.0,-320.0
4214,70.22014714614258,313,916,576,978,444.5,947.0,-316.0
4215,70.23681068367134,313,917,576,978,444.5,947.5,-315.5
4216,70.25347422120008,311,914,576,976,443.5,945.0,-318.0
4217,70.27013775872882,311,908,574,970,442.5,939.0,-324.0
4218,70.28680129625758,311,899,572,963,441.5,931.0,-332.0
4219,70.30346483378632,312,892,574,953,443.0,922.5,-340.5
4220,70.32012837131506,310,880,572,944,441.0,912.0,-351.0
4221,70.33679190884382,310,866,572,930,441.0,898.0,-365.0
4222,70.35345544637256,311,852,572,916,441.5,884.0,-379.0
4223,70.3701189839013,311,836,572,899,441.5,867.5,-395.5
4224,70.38678252143006,309,820,571,882,440.0,851.0,-412.0
4225,70.4034460589588,310,802,572,866,441.0,834.0,-429.0
4226,70.42010959648756,310,787,572,852,441.0,819.5,-443.5
4227,70.4367731340163,310,776,571,839,440.5,807.5,-455.5
4228,70.45343667154505,309,766,571,829,440.0,797.5,-465.5
4229,70.4701002090738,311,759,573,822,442.0,790.5,-472.5
4230,70.48676374660255,311,756,572,818,441.5,787.0,-476.0
4231,70.50342728413129,311,754,573,816,442.0,785.0,-478.0
4232,70.52009082166005,311,754,573,816,442.0,785.0,-478.0
4233,70.53675435918879,311,755,573,818,442.0,786.5,-476.5
4234,70.55341789671753,313,760,576,823,444.5,791.5,-471.5
4235,70.57008143424629,313,767,575,832,444.0,799.5,-463.5
4236,70.58674497177503,313,780,576,843,444.5,811.5,-451.5
4237,70.60340850930378,315,794,576,857,445.5,825.5,-437.5
4238,70.62007204683253,315,809,576,872,445.5,840.5,-422.5
4239,70.63673558436128,316,826,577,888,446.5,857.0,-406.0
4240,70.65339912189002,315,842,576,904,445.5,873.0,-390.0
4241,70.67006265941878,315,858,576,920,445.5,889.0,-374.0
4242,70.68672619694752,315,871,577,935,446.0,903.0,-360.0
4243,70.70338973447626,315,884,577,946,446.0,915.0,-348.0
4244,70.72005327200502,314,895,577,956,445.5,925.5,-337.5
4245,70.73671680953376,314,902,577,964,445.5,933.0,-330.0
4246,70.7533803470625,314,909,577,971,445.5,940.0,-323.0
4247,70.77004388459126,313,914,577,975,445.0,944.5,-318.5
4248,70.78670742212,313,915,576,976,444.5,945.5,-317.5
4249,70.80337095964875,313,913,575,976,444.0,944.5,-318.5
4250,70.8200344971775,312,909,573,971,442.5,940.0,-323.0
4251,70.83669803470625,310,899,573,962,441.5,930.5,-332.5
4252,70.853361572235,311,888,573,950,442.0,919.0,-344.0
4253,70.87002510976374,310,873,572,936,441.0,904.5,-358.5
4254,70.88668864729249,311,859,573,922,442.0,890.5,-372.5
4255,70.90335218482124,310,844,572,906,441.0,875.0,-388.0
4256,70.92001572234999,309,830,571,892,440.0,861.0,-402.0
4257,70.93667925987873,309,816,571,878,440.0,847.0,-416.0
4258,70.95334279740749,308,802,571,864,439.5,833.0,-430.0
4259,70.97000633493623,309,789,571,852,440.0,820.5,-442.5
4260,70.98666987246497,308,777,570,840,439.0,808.5,-454.5
4261,71.00333340999373,308,767,571,829,439.5,798.0,-465.0
4262,71.01999694752247,309,758,571,821,440.0,789.5,-473.5
4263,71.03666048505121,308,753,573,816,440.5,784.5,-478.5
4264,71.05332402257997,308,752,572,814,440.0,783.0,-480.0
4265,71.06998756010871,309,753,572,815,440.5,784.0,-479.0
4266,71.08665109763746,311,759,573,822,442.0,790.5,-472.5
4267,71.10331463516621,312,767,574,830,443.0,798.5,-464.5
4268,71.11997817269496,313,777,575,840,444.0,808.5,-454.5
4269,71.1366417102237,313,789,576,851,444.5,820.0,-443.0
4270,71.15330524775246,314,801,577,864,445.5,832.5,-430.5
4271,71.1699687852812,315,815,576,876,445.5,845.5,-417.5
4272,71.18663232280994,316,828,577,891,446.5,859.5,-403.5
4273,71.2032958603387,317,843,577,906,447.0,874.5,-388.5
4274,71.21995939786744,316,857,578,921,447.0,889.0,-374.0
4275,71.23662293539618,316,874,578,936,447.0,905.0,-358.0
4276,71.25328647292494,316,885,579,950,447.5,917.5,-345.5
4277,71.26995001045368,315,898,577,960,446.0,929.0,-334.0
4278,71.28661354798244,314,907,577,969,445.5,938.0,-325.0
4279,71.30327708551118,314,912,576,974,445.0,943.0,-320.0
4280,71.31994062303993,314,913,577,974,445.5,943.5,-319.5
4281,71.33660416056868,313,912,576,974,444.5,943.0,-320.0
4282,71.35326769809743,313,907,576,969,444.5,938.0,-325.0
4283,71.36993123562617,313,901,576,963,444.5,932.0,-331.0
4284,71.38659477315493,311,894,575,955,443.0,924.5,-338.5
4285,71.40325831068367,312,883,574,944,443.0,913.5,-349.5
4286,71.41992184821241,310,871,573,934,441.5,902.5,-360.5
4287,71.43658538574117,309,856,572,920,440.5,888.0,-375.0
4288,71.45324892326991,309,842,570,904,439.5,873.0,-390.0
4289,71.46991246079865,308,826,570,889,439.0,857.5,-405.5
4290,71.48657599832741,308,810,568,872,438.0,841.0,-422.0
4291,71.50323953585615,308,794,570,858,439.0,826.0,-437.0
4292,71.5199030733849,306,782,571,845,438.5,813.5,-449.5
4293,71.53656661091365,307,771,571,834,439.0,802.5,-460.5
4294,71.5532301484424,308,764,571,828,439.5,796.0,-467.0
4295,71.56989368597114,308,759,570,823,439.0,791.0,-472.0
4296,71.5865572234999,307,758,570,820,438.5,789.0,-474.0
4297,71.60322076102864,308,757,571,820,439.5,788.5,-474.5
4298,71.61988429855738,309,758,572,820,440.5,789.0,-474.0
4299,71.63654783608614,309,761,572,824,440.5,792.5,-470.5
4300,71.65321137361488,310,768,574,830,442.0,799.0,-464.0
4301,71.66987491114362,311,778,575,840,443.0,809.0,-454.0
4302,71.68653844867238,312,790,574,853,443.0,821.5,-441.5
4303,71.70320198620112,312,805,575,868,443.5,836.5,-426.5
4304,71.71986552372988,313,820,576,883,444.5,851.5,-411.5
4305,71.73652906125862,315,836,576,899,445.5,867.5,-395.5
4306,71.75319259878736,315,849,577,914,446.0,881.5,-381.5
4307,71.76985613631612,315,864,578,928,446.5,896.0,-367.0
4308,71.78651967384486,316,876,579,940,447.5,908.0,-355.0
4309,71.80318321137361,316,888,579,950,447.5,919.0,-344.0
4310,71.81984674890236,316,895,578,959,447.0,927.0,-336.0
4311,71.8365102864311,317,904,579,966,448.0,935.0,-328.0
4312,71.85317382395985,315,909,578,971,446.5,940.0,-323.0
4313,71.8698373614886,316,912,577,974,446.5,943.0,-320.0
4314,71.88650089901735,316,912,578,974,447.0,943.0,-320.0
4315,71.90316443654609,314,907,577,969,445.5,938.0,-325.0
4316,71.91982797407485,314,899,576,962,445.0,930.5,-332.5
4317,71.93649151160359,313,889,575,951,444.0,920.0,-343.0
4318,71.95315504913233,312,875,575,938,443.5,906.5,-356.5
4319,71.96981858666109,312,860,574,924,443.0,892.0,-371.0
4320,71.98648212418983,311,846,572,910,441.5,878.0,-385.0
4321,72.00314566171858,310,832,572,896,441.0,864.0,-399.0
4322,72.01980919924733,309,820,571,883,440.0,851.5,-411.5
4323,72.03647273677608,309,806,572,870,440.5,838.0,-425.0
4324,72.05313627430482,308,794,570,857,439.0,825.5,-437.5
4325,72.06979981183358,307,782,570,844,438.5,813.0,-450.0
4326,72.08646334936232,308,771,570,834,439.0,802.5,-460.5
4327,72.10312688689108,307,762,570,825,438.5,793.5,-469.5
4328,72.11979042441982,306,756,570,819,438.0,787.5,-475.5
4329,72.13645396194856,306,754,569,817,437.5,785.5,-477.5
4330,72.15311749947732,306,754,569,818,437.5,786.0,-477.0
4331,72.16978103700606,308,760,571,823,439.5,791.5,-471.5
4332,72.1864445745348,308,766,571,828,439.5,797.0,-466.0
4333,72.20310811206356,308,777,573,838,440.5,807.5,-455.5
4334,72.2197716495923,309,785,572,848,440.5,816.5,-446.5
4335,72.23643518712105,310,796,575,860,442.5,828.0,-435.0
4336,72.2530987246498,312,809,575,872,443.5,840.5,-422.5
4337,72.26976226217855,313,823,576,886,444.5,854.5,-408.5
4338,72.28642579970729,314,837,576,899,445.0,868.0,-395.0
4339,72.30308933723605,315,851,577,914,446.0,882.5,-380.5
4340,72.31975287476479,315,865,578,929,446.5,897.0,-366.0
4341,72.33641641229353,315,880,578,942,446.5,911.0,-352.0
4342,72.35307994982229,317,893,579,955,448.0,924.0,-339.0
4343,72.36974348735103,316,901,578,964,447.0,932.5,-330.5
4344,72.38640702487977,316,906,578,969,447.0,937.5,-325.5
4345,72.40307056240853,315,908,578,970,446.5,939.0,-324.0
4346,72.41973409993727,315,908,578,970,446.5,939.0,-324.0
4347,72.43639763746602,315,905,577,967,446.0,936.0,-327.0
4348,72.45306117499477,316,900,577,962,446.5,931.0,-332.0
4349,72.46972471252352,315,893,577,956,446.0,924.5,-338.5
4350,72.48638825005226,314,885,576,946,445.0,915.5,-347.5
4351,72.50305178758101,315,874,575,935,445.0,904.5,-358.5
4352,72.51971532510976,312,861,574,923,443.0,892.0,-371.0
4353,72.53637886263851,312,846,575,908,443.5,877.0,-386.0
4354,72.55304240016726,312,831,573,893,442.5,862.0,-401.0
4355,72.569705937696,311,814,571,878,441.0,846.0,-417.0
4356,72.58636947522476,309,799,572,863,440.5,831.0,-432.0
4357,72.6030330127535,308,788,570,850,439.0,819.0,-444.0
4358,72.61969655028224,308,777,570,840,439.0,808.5,-454.5
4359,72.636360087811,307,769,571,832,439.0,800.5,-462.5
4360,72.65302362533974,307,764,570,826,438.5,795.0,-468.0
4361,72.66968716286848,306,762,570,824,438.0,793.0,-470.0
4362,72.68635070039724,306,759,570,822,438.0,790.5,-472.5
4363,72.70301423792598,307,760,570,822,438.5,791.0,-472.0
4364,72.71967777545473,307,762,571,824,439.0,793.0,-470.0
4365,72.73634131298348,309,768,571,830,440.0,799.0,-464.0
4366,72.75300485051223,309,776,572,838,440.5,807.0,-456.0
4367,72.76966838804097,309,788,572,850,440.5,819.0,-444.0
4368,72.78633192556973,309,801,572,864,440.5,832.5,-430.5
4369,72.80299546309847,311,816,574,878,442.5,847.0,-416.0
4370,72.81965900062721,312,830,575,894,443.5,862.0,-401.0
4371,72.83632253815597,313,846,576,908,444.5,877.0,-386.0
4372,72.85298607568471,313,858,575,922,444.0,890.0,-373.0
4373,72.86964961321345,313,870,577,934,445.0,902.0,-361.0
4374,72.88631315074221,315,881,578,943,446.5,912.0,-351.0
4375,72.90297668827095,315,892,578,952,446.5,922.0,-341.0
4376,72.9196402257997,317,899,578,961,447.5,930.0,-333.0
4377,72.93630376332845,316,904,578,966,447.0,935.0,-328.0
4378,72.9529673008572,316,909,579,970,447.5,939.5,-323.5
4379,72.96963083838595,316,908,579,970,447.5,939.0,-324.0
4380,72.9862943759147,316,906,579,968,447.5,937.0,-326.0
4381,73.00295791344344,315,898,577,961,446.0,929.5,-333.5
4382,73.0196214509722,315,889,578,952,446.5,920.5,-342.5
4383,73.03628498850094,315,878,577,940,446.0,909.0,-354.0
4384,73.05294852602968,315,866,576,927,445.5,896.5,-366.5
4385,73.06961206355844,314,852,576,914,445.0,883.0,-380.0
4386,73.08627560108718,313,839,575,902,444.0,870.5,-392.5
4387,73.10293913861592,311,825,574,888,442.5,856.5,-406.5
4388,73.11960267614468,311,813,574,876,442.5,844.5,-418.5
4389,73.13626621367342,309,799,572,863,440.5,831.0,-432.0
4390,73.15292975120217,310,788,572,851,441.0,819.5,-443.5
4391,73.16959328873092,308,776,571,840,439.5,808.0,-455.0
4392,73.18625682625967,308,768,571,830,439.5,799.0,-464.0
4393,73.20292036378841,308,760,571,824,439.5,792.0,-471.0
4394,73.21958390131716,307,759,570,821,438.5,790.0,-473.0
4395,73.23624743884591,307,758,570,820,438.5,789.0,-474.0
4396,73.25291097637465,307,761,570,823,438.5,792.0,-471.0
4397,73.26957451390341,307,767,570,830,438.5,798.5,-464.5
4398,73.28623805143215,307,775,570,838,438.5,806.5,-456.5
4399,73.30290158896089,307,785,570,847,438.5,816.0,-447.0
4400,73.31956512648965,308,795,570,858,439.0,826.5,-436.5
4401,73.33622866401839,310,807,572,870,441.0,838.5,-424.5
4402,73.35289220154714,310,820,572,881,441.0,850.5,-412.5
4403,73.36955573907589,311,833,573,895,442.0,864.0,-399.0
4404,73.38621927660463,312,846,574,910,443.0,878.0,-385.0
4405,73.40288281413339,313,862,575,924,444.0,893.0,-370.0
4406,73.41954635166213,314,875,576,938,445.0,906.5,-356.5
4407,73.43620988919088,314,888,577,949,445.5,918.5,-344.5
4408,73.45287342671963,315,898,577,958,446.0,928.0,-335.0
4409,73.46953696424838,313,902,577,964,445.0,933.0,-330.0
4410,73.48620050177712,316,905,577,967,446.5,936.0,-327.0
4411,73.50286403930588,316,905,577,967,446.5,936.0,-327.0
4412,73.51952757683462,315,902,577,965,446.0,933.5,-329.5
4413,73.53619111436336,316,898,578,960,447.0,929.0,-334.0
4414,73.55285465189212,315,893,578,956,446.5,924.5,-338.5
4415,73.56951818942086,316,885,578,947,447.0,916.0,-347.0
4416,73.5861817269496,315,876,578,938,446.5,907.0,-356.0
4417,73.60284526447836,314,864,577,926,445.5,895.0,-368.0
4418,73.6195088020071,315,851,576,914,445.5,882.5,-380.5
4419,73.63617233953585,314,835,576,896,445.0,865.5,-397.5
4420,73.6528358770646,313,819,575,881,444.0,850.0,-413.0
4421,73.66949941459335,312,805,573,868,442.5,836.5,-426.5
4422,73.68616295212209,312,792,574,856,443.0,824.0,-439.0
4423,73.70282648965085,310,783,571,845,440.5,814.0,-449.0
4424,73.71949002717959,308,776,572,838,440.0,807.0,-456.0
4425,73.73615356470833,308,769,570,831,439.0,800.0,-463.0
4426,73.75281710223709,308,765,570,828,439.0,796.5,-466.5
4427,73.76948063976583,307,762,570,825,438.5,793.5,-469.5
4428,73.78614417729459,307,762,569,824,438.0,793.0,-470.0
4429,73.80280771482333,307,762,569,825,438.0,793.5,-469.5
4430,73.81947125235207,308,767,569,830,438.5,798.5,-464.5
4431,73.83613478988083,307,776,570,839,438.5,807.5,-455.5
4432,73.85279832740957,308,785,570,848,439.0,816.5,-446.5
4433,73.86946186493832,307,798,569,861,438.0,829.5,-433.5
4434,73.88612540246707,308,811,572,875,440.0,843.0,-420.0
4435,73.90278893999582,309,828,571,890,440.0,859.0,-404.0
4436,73.91945247752456,309,841,572,903,440.5,872.0,-391.0
4437,73.93611601505332,310,854,572,916,441.0,885.0,-378.0
4438,73.95277955258206,312,865,574,928,443.0,896.5,-366.5
4439,73.9694430901108,313,876,575,938,444.0,907.0,-356.0
4440,73.98610662763956,314,886,575,948,444.5,917.0,-346.0
4441,74.0027701651683,315,894,575,956,445.0,925.0,-338.0
4442,74.01943370269704,314,901,575,963,444.5,932.0,-331.0
4443,74.0360972402258,316,905,576,966,446.0,935.5,-327.5
4444,74.05276077775454,316,905,577,968,446.5,936.5,-326.5
4445,74.06942431528329,316,904,577,966,446.5,935.0,-328.0
4446,74.08608785281204,316,897,577,960,446.5,928.5,-334.5
4447,74.10275139034079,315,888,578,952,446.5,920.0,-343.0
4448,74.11941492786953,315,879,576,942,445.5,910.5,-352.5
4449,74.13607846539828,315,868,578,930,446.5,899.0,-364.0
4450,74.15274200292703,315,855,577,918,446.0,886.5,-376.5
4451,74.16940554045577,314,841,577,906,445.5,873.5,-389.5
4452,74.18606907798453,313,829,577,893,445.0,861.0,-402.0
4453,74.20273261551327,312,817,575,881,443.5,849.0,-414.0
4454,74.21939615304203,313,804,574,868,443.5,836.0,-427.0
4455,74.23605969057077,311,792,574,856,442.5,824.0,-439.0
4456,74.25272322809951,310,783,574,846,442.0,814.5,-448.5
4457,74.26938676562827,309,772,574,835,441.5,803.5,-459.5
4458,74.28605030315701,310,765,573,828,441.5,796.5,-466.5
4459,74.30271384068575,308,762,572,824,440.0,793.0,-470.0
4460,74.31937737821451,307,760,571,824,439.0,792.0,-471.0
4461,74.33604091574325,307,762,571,825,439.0,793.5,-469.5
4462,74.352704453272,307,767,571,831,439.0,799.0,-464.0
4463,74.36936799080075,307,776,571,838,439.0,807.0,-456.0
4464,74.3860315283295,308,782,571,846,439.5,814.0,-449.0
4465,74.40269506585824,307,793,569,856,438.0,824.5,-438.5
4466,74.419358603387,308,803,571,866,439.5,834.5,-428.5
4467,74.43602214091574,307,816,571,878,439.0,847.0,-416.0
4468,74.45268567844448,308,828,570,891,439.0,859.5,-403.5
4469,74.46934921597324,310,842,571,904,440.5,873.0,-390.0
4470,74.48601275350198,310,857,571,919,440.5,888.0,-375.0
4471,74.50267629103072,311,869,574,932,442.5,900.5,-362.5
4472,74.51933982855948,312,882,573,944,442.5,913.0,-350.0
4473,74.53600336608822,312,891,575,954,443.5,922.5,-340.5
4474,74.55266690361697,313,898,575,960,444.0,929.0,-334.0
4475,74.56933044114572,313,901,576,963,444.5,932.0,-331.0
4476,74.58599397867447,313,902,575,964,444.0,933.0,-330.0
4477,74.60265751620321,313,902,576,964,444.5,933.0,-330.0
4478,74.61932105373197,313,898,576,960,444.5,929.0,-334.0
4479,74.63598459126071,315,893,578,955,446.5,924.0,-339.0
4480,74.65264812878947,315,887,577,949,446.0,918.0,-345.0
4481,74.66931166631821,315,878,577,940,446.0,909.0,-354.0
4482,74.68597520384695,314,868,578,929,446.0,898.5,-364.5
4483,74.70263874137571,315,854,576,916,445.5,885.0,-378.0
4484,74.71930227890445,314,839,576,903,445.0,871.0,-392.0
4485,74.7359658164332,315,825,576,888,445.5,856.5,-406.5
4486,74.75262935396195,313,812,576,874,444.5,843.0,-420.0
4487,74.7692928914907,312,800,575,862,443.5,831.0,-432.0
4488,74.78595642901944,312,788,576,850,444.0,819.0,-444.0
4489,74.80261996654819,311,780,575,843,443.0,811.5,-451.5
4490,74.81928350407694,310,774,575,836,442.5,805.0,-458.0
4491,74.83594704160568,310,770,574,832,442.0,801.0,-462.0
4492,74.85261057913443,310,765,573,829,441.5,797.0,-466.0
4493,74.86927411666318,310,765,573,828,441.5,796.5,-466.5
4494,74.88593765419192,308,765,572,828,440.0,796.5,-466.5
4495,74.90260119172068,309,767,571,832,440.0,799.5,-463.5
4496,74.91926472924942,309,774,571,838,440.0,806.0,-457.0
4497,74.93592826677816,309,785,572,848,440.5,816.5,-446.5
4498,74.95259180430692,308,797,571,858,439.5,827.5,-435.5
4499,74.96925534183566,307,809,571,873,439.0,841.0,-422.0
4500,74.9859188793644,308,823,571,886,439.5,854.5,-408.5
4501,75.00258241689316,309,836,572,899,440.5,867.5,-395.5
4502,75.0192459544219,309,849,572,911,440.5,880.0,-383.0
4503,75.03590949195065,311,861,573,923,442.0,892.0,-371.0
4504,75.0525730294794,310,872,573,934,441.5,903.0,-360.0
4505,75.06923656700815,311,880,572,943,441.5,911.5,-351.5
4506,75.0859001045369,311,889,574,952,442.5,920.5,-342.5
4507,75.10256364206565,311,897,574,958,442.5,927.5,-335.5
4508,75.11922717959439,312,902,574,963,443.0,932.5,-330.5
4509,75.13589071712315,313,904,575,966,444.0,935.0,-328.0
4510,75.15255425465189,313,903,576,965,444.5,934.0,-329.0
4511,75.16921779218063,314,899,577,960,445.5,929.5,-333.5
4512,75.18588132970939,313,890,577,954,445.0,922.0,-341.0
4513,75.20254486723813,314,882,576,943,445.0,912.5,-350.5
4514,75.21920840476687,315,871,577,933,446.0,902.0,-361.0
4515,75.23587194229563,316,859,576,920,446.0,889.5,-373.5
4516,75.25253547982437,314,847,576,910,445.0,878.5,-384.5
4517,75.26919901735312,315,836,577,898,446.0,867.0,-396.0
4518,75.28586255488187,314,824,577,885,445.5,854.5,-408.5
4519,75.30252609241062,314,812,576,873,445.0,842.5,-420.5
4520,75.31918962993936,314,800,576,861,445.0,830.5,-432.5
4521,75.33585316746812,313,787,575,850,444.0,818.5,-444.5
4522,75.35251670499686,312,777,576,840,444.0,808.5,-454.5
4523,75.3691802425256,312,770,576,832,444.0,801.0,-462.0
4524,75.38584378005436,312,765,575,828,443.5,796.5,-466.5
4525,75.4025073175831,311,764,574,827,442.5,795.5,-467.5
4526,75.41917085511184,312,764,574,828,443.0,796.0,-467.0
4527,75.4358343926406,310,770,574,832,442.0,801.0,-462.0
4528,75.45249793016934,310,775,574,838,442.0,806.5,-456.5
4529,75.4691614676981,309,783,573,845,441.0,814.0,-449.0
4530,75.48582500522684,309,791,573,854,441.0,822.5,-440.5
4531,75.50248854275559,309,802,573,864,441.0,833.0,-430.0
4532,75.51915208028434,309,811,571,874,440.0,842.5,-420.5
4533,75.53581561781309,310,824,572,886,441.0,855.0,-408.0
4534,75.55247915534183,310,837,571,900,440.5,868.5,-394.5
4535,75.56914269287059,311,851,571,914,441.0,882.5,-380.5
4536,75.58580623039933,310,865,572,928,441.0,896.5,-366.5
4537,75.60246976792807,310,877,572,940,441.0,908.5,-354.5
4538,75.61913330545683,311,886,573,948,442.0,917.0,-346.0
4539,75.63579684298557,311,894,574,955,442.5,924.5,-338.5
4540,75.65246038051431,311,897,573,960,442.0,928.5,-334.5
4541,75.66912391804307,311,899,574,960,442.5,929.5,-333.5
4542,75.68578745557181,311,899,574,960,442.5,929.5,-333.5
4543,75.70245099310056,311,897,575,959,443.0,928.0,-335.0
4544,75.71911453062931,312,894,576,955,444.0,924.5,-338.5
4545,75.73577806815806,314,888,573,950,443.5,919.0,-344.0
4546,75.7524416056868,314,881,575,942,444.5,911.5,-351.5
4547,75.76910514321555,315,870,576,932,445.5,901.0,-362.0
4548,75.7857686807443,314,857,576,919,445.0,888.0,-375.0
4549,75.80243221827304,314,844,576,906,445.0,875.0,-388.0
4550,75.8190957558018,313,830,576,892,444.5,861.0,-402.0
4551,75.83575929333054,314,815,577,879,445.5,847.0,-416.0
4552,75.85242283085928,313,804,576,866,444.5,835.0,-428.0
4553,75.86908636838804,313,794,576,856,444.5,825.0,-438.0
4554,75.88574990591678,313,785,575,848,444.0,816.5,-446.5
4555,75.90241344344554,313,779,575,840,444.0,809.5,-453.5
4556,75.91907698097428,312,774,575,836,443.5,805.0,-458.0
4557,75.93574051850302,312,770,574,832,443.0,801.0,-462.0
4558,75.95240405603178,312,768,574,830,443.0,799.0,-464.0
4559,75.96906759356052,311,767,574,830,442.5,798.5,-464.5
4560,75.98573113108927,311,771,574,833,442.5,802.0,-461.0
4561,76.00239466861802,312,775,575,838,443.5,806.5,-456.5
4562,76.01905820614677,311,783,575,846,443.0,814.5,-448.5
4563,76.03572174367551,311,794,575,857,443.0,825.5,-437.5
4564,76.05238528120427,311,806,574,870,442.5,838.0,-425.0
4565,76.06904881873301,310,819,574,883,442.0,851.0,-412.0
4566,76.08571235626175,311,832,574,895,442.5,863.5,-399.5
4567,76.10237589379051,310,843,573,906,441.5,874.5,-388.5
4568,76.11903943131925,311,856,573,918,442.0,887.0,-376.0
4569,76.135702968848,311,866,573,928,442.0,897.0,-366.0
4570,76.15236650637675,311,875,573,938,442.0,906.5,-356.5
4571,76.1690300439055,311,884,572,948,441.5,916.0,-347.0
4572,76.18569358143424,312,893,573,954,442.5,923.5,-339.5
4573,76.202357118963,311,898,573,960,442.0,929.0,-334.0
4574,76.21902065649174,311,901,572,964,441.5,932.5,-330.5
4575,76.23568419402048,312,901,572,964,442.0,932.5,-330.5
4576,76.25234773154924,310,898,573,960,441.5,929.0,-334.0
4577,76.26901126907798,312,892,575,953,443.5,922.5,-340.5
4578,76.28567480660672,312,883,574,944,443.0,913.5,-349.5
4579,76.30233834413548,312,872,574,935,443.0,903.5,-359.5
4580,76.31900188166422,312,862,575,924,443.5,893.0,-370.0
4581,76.33566541919298,312,850,574,913,443.0,881.5,-381.5
4582,76.35232895672172,312,840,575,902,443.5,871.0,-392.0
4583,76.36899249425046,311,829,575,890,443.0,859.5,-403.5
4584,76.38565603177922,312,816,575,878,443.5,847.0,-416.0
4585,76.40231956930796,313,804,575,866,444.0,835.0,-428.0
4586,76.4189831068367,313,794,575,856,444.0,825.0,-438.0
4587,76.43564664436546,313,783,575,845,444.0,814.0,-449.0
4588,76.4523101818942,312,775,575,836,443.5,805.5,-457.5
4589,76.46897371942295,312,768,576,831,444.0,799.5,-463.5
4590,76.4856372569517,314,766,574,830,444.0,798.0,-465.0
4591,76.50230079448045,313,767,574,830,443.5,798.5,-464.5
4592,76.51896433200919,311,770,574,833,442.5,801.5,-461.5
4593,76.53562786953795,315,776,575,839,445.0,807.5,-455.5
4594,76.55229140706669,312,782,575,845,443.5,813.5,-449.5
4595,76.56895494459543,313,790,574,852,443.5,821.0,-442.0
4596,76.58561848212419,311,798,575,862,443.0,830.0,-433.0
4597,76.60228201965293,311,809,575,871,443.0,840.0,-423.0
4598,76.61894555718168,312,820,574,883,443.0,851.5,-411.5
4599,76.63560909471043,313,834,574,896,443.5,865.0,-398.0
4600,76.65227263223917,312,845,575,909,443.5,877.0,-386.0
4601,76.66893616976792,313,859,573,922,443.0,890.5,-372.5
4602,76.68559970729667,312,871,574,934,443.0,902.5,-360.5
4603,76.70226324482542,311,882,573,944,442.0,913.0,-350.0
4604,76.71892678235416,311,888,574,951,442.5,919.5,-343.5
4605,76.73559031988292,311,893,574,956,442.5,924.5,-338.5
4606,76.75225385741166,310,896,573,958,441.5,927.0,-336.0
4607,76.76891739494042,310,896,573,959,441.5,927.5,-335.5
4608,76.78558093246916,311,896,573,958,442.0,927.0,-336.0
4609,76.8022444699979,312,892,574,954,443.0,923.0,-340.0
4610,76.81890800752666,311,887,574,950,442.5,918.5,-344.5
4611,76.8355715450554,312,875,573,943,442.5,909.0,-354.0
4612,76.85223508258414,312,872,575,934,443.5,903.0,-360.0
4613,76.8688986201129,312,861,574,923,443.0,892.0,-371.0
4614,76.88556215764164,311,847,573,910,442.0,878.5,-384.5
4615,76.90222569517039,312,834,573,896,442.5,865.0,-398.0
4616,76.91888923269914,311,821,573,884,442.0,852.5,-410.5
4617,76.93555277022789,311,809,573,872,442.0,840.5,-422.5
4618,76.95221630775663,311,798,574,861,442.5,829.5,-433.5
4619,76.96887984528539,311,789,573,852,442.0,820.5,-442.5
4620,76.98554338281413,311,782,574,845,442.5,813.5,-449.5
4621,77.00220692034287,311,777,574,839,442.5,808.0,-455.0
4622,77.01887045787163,312,772,572,835,442.0,803.5,-459.5
4623,77.03553399540037,312,771,574,833,443.0,802.0,-461.0
4624,77.05219753292911,312,769,574,832,443.0,800.5,-462.5
4625,77.06886107045787,312,770,575,833,443.5,801.5,-461.5
4626,77.08552460798661,312,776,575,838,443.5,807.0,-456.0
4627,77.10218814551536,312,782,574,846,443.0,814.0,-449.0
4628,77.11885168304411,312,792,576,855,444.0,823.5,-439.5
4629,77.13551522057286,312,804,576,867,444.0,835.5,-427.5
4630,77.15217875810161,313,816,577,878,445.0,847.0,-416.0
4631,77.16884229563036,313,827,576,891,444.5,859.0,-404.0
4632,77.1855058331591,313,840,576,903,444.5,871.5,-391.5
4633,77.20216937068786,312,851,576,913,444.0,882.0,-381.0
4634,77.2188329082166,313,860,575,924,444.0,892.0,-371.0
4635,77.23549644574534,311,870,573,933,442.0,901.5,-361.5
4636,77.2521599832741,312,880,575,942,443.5,911.0,-352.0
4637,77.26882352080284,313,888,575,950,444.0,919.0,-344.0
4638,77.28548705833158,312,894,575,956,443.5,925.0,-338.0
4639,77.30215059586034,311,896,575,960,443.0,928.0,-335.0
4640,77.31881413338908,311,897,574,960,442.5,928.5,-334.5
4641,77.33547767091783,311,896,573,958,442.0,927.0,-336.0
4642,77.35214120844658,311,891,574,953,442.5,922.0,-341.0
4643,77.36880474597532,312,883,573,945,442.5,914.0,-349.0
4644,77.38546828350407,312,874,574,936,443.0,905.0,-358.0
4645,77.40213182103282,310,865,572,926,441.0,895.5,-367.5
4646,77.41879535856157,310,853,574,916,442.0,884.5,-378.5
4647,77.43545889609031,310,843,573,905,441.5,874.0,-389.0
4648,77.45212243361907,310,832,574,894,442.0,863.0,-400.0
4649,77.46878597114781,311,821,573,884,442.0,852.5,-410.5
4650,77.48544950867655,310,810,573,872,441.5,841.0,-422.0
4651,77.50211304620531,310,799,574,860,442.0,829.5,-433.5
4652,77.51877658373405,310,788,574,850,442.0,819.0,-444.0
4653,77.5354401212628,311,779,574,842,442.5,810.5,-452.5
4654,77.55210365879155,311,773,575,836,443.0,804.5,-458.5
4655,77.5687671963203,311,770,575,832,443.0,801.0,-462.0
4656,77.58543073384905,310,770,575,832,442.5,801.0,-462.0
4657,77.6020942713778,310,772,575,834,442.5,803.0,-460.0
4658,77.61875780890654,312,776,575,839,443.5,807.5,-455.5
4659,77.6354213464353,312,782,575,844,443.5,813.0,-450.0
4660,77.65208488396404,311,788,575,852,443.0,820.0,-443.0
4661,77.66874842149278,313,797,576,860,444.5,828.5,-434.5
4662,77.68541195902154,313,806,576,868,444.5,837.0,-426.0
4663,77.70207549655028,313,816,576,879,444.5,847.5,-415.5
4664,77.71873903407902,314,828,575,892,444.5,860.0,-403.0
4665,77.73540257160778,313,841,575,904,444.0,872.5,-390.5
4666,77.75206610913652,314,854,576,917,445.0,885.5,-377.5
4667,77.76872964666526,314,867,576,929,445.0,898.0,-365.0
4668,77.78539318419402,314,877,576,938,445.0,907.5,-355.5
4669,77.80205672172276,314,885,577,946,445.5,915.5,-347.5
4670,77.8187202592515,313,889,574,952,443.5,920.5,-342.5
4671,77.83538379678026,313,892,574,954,443.5,923.0,-340.0
4672,77.852047334309,312,894,575,956,443.5,925.0,-338.0
4673,77.86871087183775,312,893,575,954,443.5,923.5,-339.5
4674,77.8853744093665,312,891,574,954,443.0,922.5,-340.5
4675,77.90203794689525,312,887,573,950,442.5,918.5,-344.5
4676,77.91870148442399,312,882,574,944,443.0,913.0,-350.0
4677,77.93536502195275,310,873,573,936,441.5,904.5,-358.5
4678,77.95202855948149,309,864,572,926,440.5,895.0,-368.0
4679,77.96869209701023,310,851,573,914,441.5,882.5,-380.5
4680,77.98535563453899,309,838,572,900,440.5,869.0,-394.0
4681,78.00201917206773,310,826,571,888,440.5,857.0,-406.0
4682,78.01868270959649,309,814,571,876,440.0,845.0,-418.0
4683,78.03534624712523,310,802,572,866,441.0,834.0,-429.0
4684,78.05200978465398,311,795,572,858,441.5,826.5,-436.5
4685,78.06867332218273,310,788,572,850,441.0,819.0,-444.0
4686,78.08533685971148,311,782,572,844,441.5,813.0,-450.0
4687,78.10200039724022,309,776,573,840,441.0,808.0,-455.0
4688,78.11866393476897,311,773,573,836,442.0,804.5,-458.5
4689,78.13532747229772,311,771,573,835,442.0,803.0,-460.0
4690,78.15199100982646,311,771,573,835,442.0,803.0,-460.0
4691,78.16865454735522,311,775,574,838,442.5,806.5,-456.5
4692,78.18531808488396,311,783,574,845,442.5,814.0,-449.0
4693,78.2019816224127,313,790,575,854,444.0,822.0,-441.0
4694,78.21864515994146,312,802,575,864,443.5,833.0,-430.0
4695,78.2353086974702,312,812,576,875,444.0,843.5,-419.5
4696,78.25197223499895,314,825,577,887,445.5,856.0,-407.0
4697,78.2686357725277,314,836,577,898,445.5,867.0,-396.0
4698,78.28529931005644,316,847,576,909,446.0,878.0,-385.0
4699,78.30196284758519,317,857,576,920,446.5,888.5,-374.5
4700,78.31862638511394,315,867,577,929,446.0,898.0,-365.0
4701,78.33528992264269,315,875,577,938,446.0,906.5,-356.5
4702,78.35195346017143,315,884,577,945,446.0,914.5,-348.5
4703,78.36861699770019,315,890,576,952,445.5,921.0,-342.0
4704,78.38528053522893,314,896,576,957,445.0,926.5,-336.5
4705,78.40194407275767,314,896,576,958,445.0,927.0,-336.0
4706,78.41860761028643,312,896,576,957,444.0,926.5,-336.5
4707,78.43527114781517,312,890,575,952,443.5,921.0,-342.0
4708,78.45193468534393,312,884,575,946,443.5,915.0,-348.0
4709,78.46859822287267,312,874,574,938,443.0,906.0,-357.0
4710,78.48526176040141,311,866,574,928,442.5,897.0,-366.0
4711,78.50192529793017,310,858,573,919,441.5,888.5,-374.5
4712,78.51858883545891,310,848,572,909,441.0,878.5,-384.5
4713,78.53525237298766,310,838,573,898,441.5,868.0,-395.0
4714,78.55191591051641,309,826,571,888,440.0,857.0,-406.0
4715,78.56857944804516,309,814,571,876,440.0,845.0,-418.0
4716,78.5852429855739,308,802,569,864,438.5,833.0,-430.0
4717,78.60190652310266,310,792,573,854,441.5,823.0,-440.0
4718,78.6185700606314,309,783,569,846,439.0,814.5,-448.5
4719,78.63523359816014,308,778,571,840,439.5,809.0,-454.0
4720,78.6518971356889,308,774,572,837,440.0,805.5,-457.5
4721,78.66856067321764,308,773,571,836,439.5,804.5,-458.5
4722,78.68522421074638,309,775,572,838,440.5,806.5,-456.5
4723,78.70188774827514,309,777,573,840,441.0,808.5,-454.5
4724,78.71855128580388,309,781,574,845,441.5,813.0,-450.0
4725,78.73521482333263,312,789,575,850,443.5,819.5,-443.5
4726,78.75187836086138,312,795,575,858,443.5,826.5,-436.5
4727,78.76854189839013,313,805,576,866,444.5,835.5,-427.5
4728,78.78520543591887,314,814,575,876,444.5,845.0,-418.0
4729,78.80186897344763,314,826,576,888,445.0,857.0,-406.0
4730,78.81853251097637,314,838,576,900,445.0,869.0,-394.0
4731,78.83519604850513,314,851,577,913,445.5,882.0,-381.0
4732,78.85185958603387,315,861,577,924,446.0,892.5,-370.5
4733,78.86852312356261,316,872,577,934,446.5,903.0,-360.0
4734,78.88518666109137,315,881,577,942,446.0,911.5,-351.5
4735,78.90185019862011,317,886,577,948,447.0,917.0,-346.0
4736,78.91851373614885,314,889,576,952,445.0,920.5,-342.5
4737,78.93517727367761,316,892,576,953,446.0,922.5,-340.5
4738,78.95184081120635,316,892,576,954,446.0,923.0,-340.0
4739,78.9685043487351,313,890,574,952,443.5,921.0,-342.0
4740,78.98516788626385,314,886,576,950,445.0,918.0,-345.0
4741,79.0018314237926,313,882,575,944,444.0,913.0,-350.0
4742,79.01849496132134,311,874,575,937,443.0,905.5,-357.5
4743,79.0351584988501,310,864,575,927,442.5,895.5,-367.5
4744,79.05182203637884,309,854,572,916,440.5,885.0,-378.0
4745,79.06848557390758,310,841,573,904,441.5,872.5,-390.5
4746,79.08514911143634,309,829,572,892,440.5,860.5,-402.5
4747,79.10181264896508,309,818,571,880,440.0,849.0,-414.0
4748,79.11847618649382,308,808,571,871,439.5,839.5,-423.5
4749,79.13513972402258,308,800,572,862,440.0,831.0,-432.0
4750,79.15180326155132,308,792,571,854,439.5,823.0,-440.0
4751,79.16846679908006,308,786,570,848,439.0,817.0,-446.0
4752,79.18513033660882,307,780,571,843,439.0,811.5,-451.5
4753,79.20179387413756,308,777,570,838,439.0,807.5,-455.5
4754,79.21845741166631,308,773,570,838,439.0,805.5,-457.5
4755,79.23512094919506,308,774,570,836,439.0,805.0,-458.0
4756,79.2517844867238,308,775,571,838,439.5,806.5,-456.5
4757,79.26844802425256,309,783,573,844,441.0,813.5,-449.5
4758,79.2851115617813,310,789,574,852,442.0,820.5,-442.5
4759,79.30177509931005,310,799,573,862,441.5,830.5,-432.5
4760,79.3184386368388,312,810,574,874,443.0,842.0,-421.0
4761,79.33510217436755,312,820,575,884,443.5,852.0,-411.0
4762,79.35176571189629,313,832,576,894,444.5,863.0,-400.0
4763,79.36842924942505,313,842,576,904,444.5,873.0,-390.0
4764,79.38509278695379,314,852,577,914,445.5,883.0,-380.0
4765,79.40175632448253,314,862,576,924,445.0,893.0,-370.0
4766,79.41841986201129,315,871,577,933,446.0,902.0,-361.0
4767,79.43508339954003,315,880,578,942,446.5,911.0,-352.0
4768,79.45174693706878,316,886,578,948,447.0,917.0,-346.0
4769,79.46841047459753,315,892,578,953,446.5,922.5,-340.5
4770,79.48507401212628,314,894,577,955,445.5,924.5,-338.5
4771,79.50173754965502,314,893,577,954,445.5,923.5,-339.5
4772,79.51840108718378,314,890,577,951,445.5,920.5,-342.5
4773,79.53506462471252,313,882,577,945,445.0,913.5,-349.5
4774,79.55172816224126,313,876,576,938,444.5,907.0,-356.0
4775,79.56839169977002,312,867,575,930,443.5,898.5,-364.5
4776,79.58505523729876,311,859,574,921,442.5,890.0,-373.0
4777,79.6017187748275,311,849,573,910,442.0,879.5,-383.5
4778,79.61838231235626,310,839,573,902,441.5,870.5,-392.5
4779,79.635045849885,309,830,572,892,440.5,861.0,-402.0
4780,79.65170938741375,309,817,572,880,440.5,848.5,-414.5
4781,79.6683729249425,309,806,572,869,440.5,837.5,-425.5
4782,79.68503646247125,310,796,571,859,440.5,827.5,-435.5
