frame_index,time_s,x_min,y_min,x_max,y_max,x_center,y_center,dy_px
0,0.0,318,445,560,523,439.0,484.0,0.0
1,0.016663533845921907,329,496,557,574,443.0,535.0,51.0
2,0.03332706769184381,339,558,560,638,449.5,598.0,114.0
3,0.049990601537765716,342,625,557,708,449.5,666.5,182.5
4,0.06665413538368763,350,698,562,782,456.0,740.0,256.0
5,0.08331766922960952,351,770,562,855,456.5,812.5,328.5
6,0.09998120307553143,360,840,567,931,463.5,885.5,401.5
7,0.11664473692145334,361,927,568,1006,464.5,966.5,482.5
8,0.13330827076737525,366,996,570,1079,468.0,1037.5,553.5
9,0.14997180461329715,362,1065,571,1147,466.5,1106.0,622.0
10,0.16663533845921905,361,1134,578,1214,469.5,1174.0,690.0
11,0.18329887230514097,353,1204,586,1268,469.5,1236.0,752.0
12,0.19996240615106287,341,1239,590,1302,465.5,1270.5,786.5
13,0.21662593999698476,335,1259,590,1320,462.5,1289.5,805.5
14,0.23328947384290669,335,1258,590,1320,462.5,1289.0,805.0
15,0.24995300768882858,332,1242,583,1304,457.5,1273.0,789.0
16,0.2666165415347505,332,1208,572,1272,452.0,1240.0,756.0
17,0.2832800753806724,332,1162,566,1229,449.0,1195.5,711.5
18,0.2999436092265943,329,1102,561,1178,445.0,1140.0,656.0
19,0.3166071430725162,329,1041,553,1119,441.0,1080.0,596.0
20,0.3332706769184381,323,977,550,1054,436.5,1015.5,531.5
21,0.34993421076436,328,896,542,985,435.0,940.5,456.5
22,0.36659774461028194,327,817,537,904,432.0,860.5,376.5
23,0.38326127845620384,320,732,533,820,426.5,776.0,292.0
24,0.39992481230212573,318,646,533,738,425.5,692.0,208.0
25,0.41658834614804763,309,571,534,663,421.5,617.0,133.0
26,0.4332518799939695,304,514,529,597,416.5,555.5,71.5
27,0.4499154138398914,296,469,541,544,418.5,506.5,22.5
28,0.46657894768581337,288,436,547,510,417.5,473.0,-11.0
29,0.48324248153173527,286,428,550,493,418.0,460.5,-23.5
30,0.49990601537765716,288,424,550,490,419.0,457.0,-27.0
31,0.5165695492235791,293,433,553,498,423.0,465.5,-18.5
32,0.533233083069501,296,449,551,516,423.5,482.5,-1.5
33,0.5498966169154229,303,459,554,544,428.5,501.5,17.5
34,0.5665601507613448,316,504,554,585,435.0,544.5,60.5
35,0.5832236846072667,322,561,556,642,439.0,601.5,117.5
36,0.5998872184531886,338,626,557,711,447.5,668.5,184.5
37,0.6165507522991105,340,693,556,790,448.0,741.5,257.5
38,0.6332142861450324,344,782,556,874,450.0,828.0,344.0
39,0.6498778199909543,348,868,560,959,454.0,913.5,429.5
40,0.6665413538368762,347,960,560,1044,453.5,1002.0,518.0
41,0.6832048876827981,346,1025,573,1114,459.5,1069.5,585.5
42,0.69986842152872,344,1098,584,1174,464.0,1136.0,652.0
43,0.7165319553746419,344,1146,588,1219,466.0,1182.5,698.5
44,0.7331954892205639,337,1195,593,1256,465.0,1225.5,741.5
45,0.7498590230664858,335,1224,596,1286,465.5,1255.0,771.0
46,0.7665225569124077,335,1243,596,1304,465.5,1273.5,789.5
47,0.7831860907583296,334,1248,598,1308,466.0,1278.0,794.0
48,0.7998496246042515,335,1238,594,1298,464.5,1268.0,784.0
49,0.8165131584501734,331,1210,588,1271,459.5,1240.5,756.5
50,0.8331766922960953,336,1152,578,1230,457.0,1191.0,707.0
51,0.8498402261420172,338,1074,567,1173,452.5,1123.5,639.5
52,0.866503759987939,343,1023,554,1100,448.5,1061.5,577.5
53,0.883167293833861,342,936,549,1023,445.5,979.5,495.5
54,0.8998308276797828,337,858,545,940,441.0,899.0,415.0
55,0.9164943615257047,326,777,542,867,434.0,822.0,338.0
56,0.9331578953716267,323,709,535,792,429.0,750.5,266.5
57,0.9498214292175486,317,643,541,724,429.0,683.5,199.5
58,0.9664849630634705,312,580,541,662,426.5,621.0,137.0
59,0.9831484969093924,311,525,541,604,426.0,564.5,80.5
60,0.9998120307553143,306,481,543,553,424.5,517.0,33.0
61,1.0164755646012362,297,438,548,514,422.5,476.0,-8.0
62,1.0331390984471582,294,422,550,487,422.0,454.5,-29.5
63,1.04980263229308,291,412,550,478,420.5,445.0,-39.0
64,1.066466166139002,293,420,551,488,422.0,454.0,-30.0
65,1.0831296999849238,298,437,548,514,423.0,475.5,-8.5
66,1.0997932338308458,316,480,547,560,431.5,520.0,36.0
67,1.1164567676767676,318,533,545,616,431.5,574.5,90.5
68,1.1331203015226896,322,598,545,680,433.5,639.0,155.0
69,1.1497838353686114,328,664,547,749,437.5,706.5,222.5
70,1.1664473692145334,335,744,551,821,443.0,782.5,298.5
71,1.1831109030604552,344,808,554,890,449.0,849.0,365.0
72,1.1997744369063772,350,885,560,969,455.0,927.0,443.0
73,1.216437970752299,353,960,568,1043,460.5,1001.5,517.5
74,1.233101504598221,353,1031,570,1117,461.5,1074.0,590.0
75,1.249765038444143,354,1095,577,1180,465.5,1137.5,653.5
76,1.2664285722900648,348,1158,586,1237,467.0,1197.5,713.5
77,1.2830921061359868,338,1214,592,1279,465.0,1246.5,762.5
78,1.2997556399819086,337,1240,600,1303,468.5,1271.5,787.5
79,1.3164191738278306,337,1249,599,1309,468.0,1279.0,795.0
80,1.3330827076737524,337,1238,598,1299,467.5,1268.5,784.5
81,1.3497462415196744,338,1211,592,1277,465.0,1244.0,760.0
82,1.3664097753655962,337,1173,588,1240,462.5,1206.5,722.5
83,1.3830733092115182,344,1130,582,1195,463.0,1162.5,678.5
84,1.39973684305744,344,1058,576,1143,460.0,1100.5,616.5
85,1.416400376903362,341,1002,569,1085,455.0,1043.5,559.5
86,1.4330639107492837,338,930,563,1021,450.5,975.5,491.5
87,1.4497274445952057,338,857,550,943,444.0,900.0,416.0
88,1.4663909784411278,334,766,542,857,438.0,811.5,327.5
89,1.4830545122870495,328,695,540,777,434.0,736.0,252.0
90,1.4997180461329715,322,615,546,699,434.0,657.0,173.0
91,1.5163815799788933,312,547,544,632,428.0,589.5,105.5
92,1.5330451138248153,306,502,548,575,427.0,538.5,54.5
93,1.5497086476707371,290,460,546,537,418.0,498.5,14.5
94,1.5663721815166591,286,439,547,511,416.5,475.0,-9.0
95,1.583035715362581,284,436,547,502,415.5,469.0,-15.0
96,1.599699249208503,284,437,547,502,415.5,469.5,-14.5
97,1.6163627830544247,286,448,548,514,417.0,481.0,-3.0
98,1.6330263169003467,290,468,550,537,420.0,502.5,18.5
99,1.6496898507462685,302,503,547,570,424.5,536.5,52.5
100,1.6663533845921905,305,542,540,620,422.5,581.0,97.0
101,1.6830169184381125,318,587,537,681,427.5,634.0,150.0
102,1.6996804522840343,329,669,546,758,437.5,713.5,229.5
103,1.7163439861299563,326,750,546,838,436.0,794.0,310.0
104,1.733007519975878,336,835,547,921,441.5,878.0,394.0
105,1.7496710538218,339,912,551,1005,445.0,958.5,474.5
106,1.766334587667722,338,989,566,1074,452.0,1031.5,547.5
107,1.782998121513644,339,1063,572,1138,455.5,1100.5,616.5
108,1.7996616553595657,341,1122,579,1190,460.0,1156.0,672.0
109,1.8163251892054877,343,1168,583,1230,463.0,1199.0,715.0
110,1.8329887230514095,344,1201,589,1264,466.5,1232.5,748.5
111,1.8496522568973315,344,1225,594,1288,469.0,1256.5,772.5
112,1.8663157907432535,342,1239,596,1302,469.0,1270.5,786.5
113,1.8829793245891753,341,1238,596,1298,468.5,1268.0,784.0
114,1.8996428584350973,341,1216,595,1280,468.0,1248.0,764.0
115,1.916306392281019,350,1164,591,1243,470.5,1203.5,719.5
116,1.932969926126941,354,1109,582,1191,468.0,1150.0,666.0
117,1.9496334599728629,356,1045,579,1128,467.5,1086.5,602.5
118,1.9662969938187849,360,967,572,1054,466.0,1010.5,526.5
119,1.9829605276647067,356,898,562,976,459.0,937.0,453.0
120,1.9996240615106287,350,818,559,902,454.5,860.0,376.0
121,2.0162875953565504,337,746,562,828,449.5,787.0,303.0
122,2.0329511292024725,334,681,558,761,446.0,721.0,237.0
123,2.0496146630483945,326,611,554,697,440.0,654.0,170.0
124,2.0662781968943165,322,554,552,636,437.0,595.0,111.0
125,2.082941730740238,312,502,555,580,433.5,541.0,57.0
126,2.09960526458616,306,460,553,537,429.5,498.5,14.5
127,2.116268798432082,295,432,554,504,424.5,468.0,-16.0
128,2.132932332278004,289,424,553,490,421.0,457.0,-27.0
129,2.1495958661239256,289,426,551,492,420.0,459.0,-25.0
130,2.1662593999698476,292,434,549,511,420.5,472.5,-11.5
131,2.1829229338157696,296,467,545,549,420.5,508.0,24.0
132,2.1995864676616916,303,518,536,600,419.5,559.0,75.0
133,2.216250001507613,306,571,538,659,422.0,615.0,131.0
134,2.232913535353535,312,628,537,721,424.5,674.5,190.5
135,2.249577069199457,316,703,543,787,429.5,745.0,261.0
136,2.266240603045379,321,776,544,857,432.5,816.5,332.5
137,2.2829041368913012,329,842,550,930,439.5,886.0,402.0
138,2.299567670737223,328,912,556,1004,442.0,958.0,474.0
139,2.316231204583145,333,990,558,1079,445.5,1034.5,550.5
140,2.332894738429067,332,1055,560,1147,446.0,1101.0,617.0
141,2.349558272274989,333,1129,568,1206,450.5,1167.5,683.5
142,2.3662218061209104,328,1191,576,1254,452.0,1222.5,738.5
143,2.3828853399668324,324,1222,585,1286,454.5,1254.0,770.0
144,2.3995488738127544,326,1238,586,1298,456.0,1268.0,784.0
145,2.4162124076586764,330,1233,592,1294,461.0,1263.5,779.5
146,2.432875941504598,332,1216,591,1277,461.5,1246.5,762.5
147,2.44953947535052,338,1187,591,1249,464.5,1218.0,734.0
148,2.466203009196442,342,1149,590,1212,466.0,1180.5,696.5
149,2.482866543042364,344,1096,584,1165,464.0,1130.5,646.5
150,2.499530076888286,351,1032,578,1110,464.5,1071.0,587.0
151,2.5161936107342076,350,950,573,1048,461.5,999.0,515.0
152,2.5328571445801296,351,884,567,974,459.0,929.0,445.0
153,2.5495206784260516,353,813,562,896,457.5,854.5,370.5
154,2.5661842122719736,349,721,567,814,458.0,767.5,283.5
155,2.582847746117895,343,649,559,737,451.0,693.0,209.0
156,2.599511279963817,331,577,557,666,444.0,621.5,137.5
157,2.616174813809739,321,525,560,606,440.5,565.5,81.5
158,2.632838347655661,312,487,562,562,437.0,524.5,40.5
159,2.6495018815015827,302,460,562,534,432.0,497.0,13.0
160,2.6661654153475047,298,452,561,516,429.5,484.0,0.0
161,2.6828289491934267,297,445,560,510,428.5,477.5,-6.5
162,2.6994924830393487,295,451,559,516,427.0,483.5,-0.5
163,2.7161560168852708,296,463,557,534,426.5,498.5,14.5
164,2.7328195507311923,303,492,552,560,427.5,526.0,42.0
165,2.7494830845771143,304,520,546,601,425.0,560.5,76.5
166,2.7661466184230363,314,576,542,657,428.0,616.5,132.5
167,2.7828101522689583,320,645,541,730,430.5,687.5,203.5
168,2.79947368611488,320,726,533,805,426.5,765.5,281.5
169,2.816137219960802,327,809,536,885,431.5,847.0,363.0
170,2.832800753806724,328,883,541,968,434.5,925.5,441.5
171,2.849464287652646,327,957,547,1038,437.0,997.5,513.5
172,2.8661278214985675,328,1030,554,1103,441.0,1066.5,582.5
173,2.8827913553444895,328,1086,560,1161,444.0,1123.5,639.5
174,2.8994548891904115,334,1138,568,1206,451.0,1172.0,688.0
175,2.9161184230363335,336,1179,574,1240,455.0,1209.5,725.5
176,2.9327819568822555,330,1207,578,1271,454.0,1239.0,755.0
177,2.949445490728177,331,1228,584,1289,457.5,1258.5,774.5
178,2.966109024574099,329,1234,587,1294,458.0,1264.0,780.0
179,2.982772558420021,332,1221,588,1282,460.0,1251.5,767.5
180,2.999436092265943,338,1192,584,1254,461.0,1223.0,739.0
181,3.0160996261118647,344,1133,580,1208,462.0,1170.5,686.5
182,3.0327631599577867,351,1070,578,1149,464.5,1109.5,625.5
183,3.0494266938037087,354,1000,572,1085,463.0,1042.5,558.5
184,3.0660902276496307,353,928,573,1011,463.0,969.5,485.5
185,3.0827537614955522,351,853,567,939,459.0,896.0,412.0
186,3.0994172953414743,351,780,572,866,461.5,823.0,339.0
187,3.1160808291873963,347,716,571,798,459.0,757.0,273.0
188,3.1327443630333183,338,633,571,734,454.5,683.5,199.5
189,3.1494078968792403,335,569,567,668,451.0,618.5,134.5
190,3.166071430725162,328,510,566,612,447.0,561.0,77.0
191,3.182734964571084,323,481,566,560,444.5,520.5,36.5
192,3.199398498417006,311,449,568,524,439.5,486.5,2.5
193,3.216062032262928,304,432,568,503,436.0,467.5,-16.5
194,3.2327255661088494,302,432,567,500,434.5,466.0,-18.0
195,3.2493890999547714,300,444,560,511,430.0,477.5,-6.5
196,3.2660526338006934,304,467,554,542,429.0,504.5,20.5
197,3.2827161676466154,307,506,546,585,426.5,545.5,61.5
198,3.299379701492537,309,558,546,638,427.5,598.0,114.0
199,3.316043235338459,309,602,547,696,428.0,649.0,165.0
200,3.332706769184381,312,673,544,758,428.0,715.5,231.5
201,3.349370303030303,318,735,546,824,432.0,779.5,295.5
202,3.366033836876225,318,808,539,895,428.5,851.5,367.5
203,3.3826973707221466,324,890,536,968,430.0,929.0,445.0
204,3.3993609045680686,325,962,542,1042,433.5,1002.0,518.0
205,3.4160244384139906,324,1035,549,1112,436.5,1073.5,589.5
206,3.4326879722599126,322,1096,554,1176,438.0,1136.0,652.0
207,3.449351506105834,318,1161,560,1226,439.0,1193.5,709.5
208,3.466015039951756,313,1202,567,1264,440.0,1233.0,749.0
209,3.482678573797678,311,1223,574,1282,442.5,1252.5,768.5
210,3.4993421076436,315,1227,577,1286,446.0,1256.5,772.5
211,3.516005641489522,320,1214,579,1274,449.5,1244.0,760.0
212,3.532669175335444,323,1191,579,1255,451.0,1223.0,739.0
213,3.549332709181366,332,1159,583,1222,457.5,1190.5,706.5
214,3.565996243027288,336,1103,578,1182,457.0,1142.5,658.5
215,3.58265977687321,342,1056,575,1133,458.5,1094.5,610.5
216,3.5993233107191314,346,996,574,1076,460.0,1036.0,552.0
217,3.6159868445650534,352,925,565,1006,458.5,965.5,481.5
218,3.6326503784109754,351,851,568,930,459.5,890.5,406.5
219,3.6493139122568974,350,771,566,850,458.0,810.5,326.5
220,3.665977446102819,349,691,562,772,455.5,731.5,247.5
221,3.682640979948741,344,616,569,698,456.5,657.0,173.0
222,3.699304513794663,334,561,574,638,454.0,599.5,115.5
223,3.715968047640585,329,515,574,590,451.5,552.5,68.5
224,3.732631581486507,320,487,578,555,449.0,521.0,37.0
225,3.7492951153324285,316,468,577,534,446.5,501.0,17.0
226,3.7659586491783505,314,456,576,520,445.0,488.0,4.0
227,3.7826221830242726,312,455,575,520,443.5,487.5,3.5
228,3.7992857168701946,310,463,570,528,440.0,495.5,11.5
229,3.815949250716116,313,479,565,552,439.0,515.5,31.5
230,3.832612784562038,316,512,559,588,437.5,550.0,66.0
231,3.84927631840796,320,558,552,638,436.0,598.0,114.0
232,3.865939852253882,325,616,548,700,436.5,658.0,174.0
233,3.8826033860998037,328,691,541,776,434.5,733.5,249.5
234,3.8992669199457257,324,776,538,856,431.0,816.0,332.0
235,3.9159304537916477,323,852,542,931,432.5,891.5,407.5
236,3.9325939876375697,320,918,546,1002,433.0,960.0,476.0
237,3.9492575214834917,321,987,546,1070,433.5,1028.5,544.5
238,3.9659210553294133,322,1041,554,1127,438.0,1084.0,600.0
239,3.9825845891753353,317,1106,557,1174,437.0,1140.0,656.0
240,3.9992481230212573,315,1153,563,1217,439.0,1185.0,701.0
241,4.015911656867179,313,1184,565,1248,439.0,1216.0,732.0
242,4.032575190713101,313,1212,570,1274,441.5,1243.0,759.0
243,4.049238724559023,311,1224,572,1287,441.5,1255.5,771.5
244,4.065902258404945,312,1221,573,1280,442.5,1250.5,766.5
245,4.0825657922508665,318,1198,573,1260,445.5,1229.0,745.0
246,4.099229326096789,324,1152,566,1218,445.0,1185.0,701.0
247,4.1158928599427105,330,1096,564,1166,447.0,1131.0,647.0
248,4.132556393788633,332,1026,562,1107,447.0,1066.5,582.5
249,4.1492199276345545,341,956,566,1038,453.5,997.0,513.0
250,4.165883461480476,342,879,568,968,455.0,923.5,439.5
251,4.1825469953263985,337,803,562,898,449.5,850.5,366.5
252,4.19921052917232,342,734,568,832,455.0,783.0,299.0
253,4.215874063018242,339,684,571,764,455.0,724.0,240.0
254,4.232537596864164,336,620,571,702,453.5,661.0,177.0
255,4.249201130710086,337,569,565,644,451.0,606.5,122.5
256,4.265864664556008,328,513,571,587,449.5,550.0,66.0
257,4.28252819840193,322,472,574,544,448.0,508.0,24.0
258,4.299191732247851,315,451,577,517,446.0,484.0,0.0
259,4.315855266093774,312,441,576,507,444.0,474.0,-10.0
260,4.332518799939695,312,449,574,514,443.0,481.5,-2.5
261,4.349182333785618,312,464,572,539,442.0,501.5,17.5
262,4.365845867631539,319,495,568,572,443.5,533.5,49.5
263,4.382509401477461,320,522,561,621,440.5,571.5,87.5
264,4.399172935323383,321,589,560,672,440.5,630.5,146.5
265,4.415836469169305,322,644,558,731,440.0,687.5,203.5
266,4.432500003015226,329,717,552,794,440.5,755.5,271.5
267,4.449163536861149,330,784,550,860,440.0,822.0,338.0
268,4.46582707070707,330,852,551,934,440.5,893.0,409.0
269,4.482490604552993,330,924,545,1006,437.5,965.0,481.0
270,4.499154138398914,328,997,546,1079,437.0,1038.0,554.0
271,4.515817672244836,325,1063,549,1146,437.0,1104.5,620.5
272,4.532481206090758,318,1127,554,1198,436.0,1162.5,678.5
273,4.54914473993668,312,1173,562,1238,437.0,1205.5,721.5
274,4.5658082737826025,308,1202,567,1264,437.5,1233.0,749.0
275,4.582471807628524,309,1216,567,1274,438.0,1245.0,761.0
276,4.599135341474446,312,1209,569,1270,440.5,1239.5,755.5
277,4.615798875320368,317,1191,568,1254,442.5,1222.5,738.5
278,4.63246240916629,319,1167,568,1228,443.5,1197.5,713.5
279,4.649125943012211,320,1130,568,1197,444.0,1163.5,679.5
280,4.665789476858134,325,1084,562,1152,443.5,1118.0,634.0
281,4.682453010704055,334,1021,563,1098,448.5,1059.5,575.5
282,4.699116544549978,332,950,558,1036,445.0,993.0,509.0
283,4.715780078395899,342,879,554,961,448.0,920.0,436.0
284,4.732443612241821,342,797,554,885,448.0,841.0,357.0
285,4.749107146087743,339,723,554,806,446.5,764.5,280.5
286,4.765770679933665,340,654,564,734,452.0,694.0,210.0
287,4.782434213779587,335,590,565,670,450.0,630.0,146.0
288,4.799097747625509,327,540,577,618,452.0,579.0,95.0
289,4.81576128147143,322,510,577,580,449.5,545.0,61.0
290,4.832424815317353,319,486,581,553,450.0,519.5,35.5
291,4.849088349163274,317,470,581,534,449.0,502.0,18.0
292,4.865751883009196,318,462,581,526,449.5,494.0,10.0
293,4.882415416855118,317,463,581,529,449.0,496.0,12.0
294,4.89907895070104,316,476,578,544,447.0,510.0,26.0
295,4.915742484546962,323,496,575,575,449.0,535.5,51.5
296,4.932406018392884,327,543,569,618,448.0,580.5,96.5
297,4.9490695522388055,328,601,565,679,446.5,640.0,156.0
298,4.965733086084728,335,663,555,748,445.0,705.5,221.5
299,4.9823966199306495,338,736,553,821,445.5,778.5,294.5
300,4.999060153776572,333,814,552,895,442.5,854.5,370.5
301,5.0157236876224935,331,887,554,968,442.5,927.5,443.5
302,5.032387221468415,324,951,558,1032,441.0,991.5,507.5
303,5.049050755314338,324,1022,560,1092,442.0,1057.0,573.0
304,5.065714289160259,322,1074,559,1144,440.5,1109.0,625.0
305,5.082377823006181,316,1126,562,1191,439.0,1158.5,674.5
306,5.099041356852103,312,1166,566,1229,439.0,1197.5,713.5
307,5.115704890698025,307,1196,566,1256,436.5,1226.0,742.0
308,5.132368424543947,304,1214,566,1274,435.0,1244.0,760.0
309,5.149031958389869,304,1216,566,1276,435.0,1246.0,762.0
310,5.16569549223579,305,1198,564,1262,434.5,1230.0,746.0
311,5.182359026081713,312,1160,562,1228,437.0,1194.0,710.0
312,5.199022559927634,319,1087,556,1182,437.5,1134.5,650.5
313,5.215686093773557,321,1038,555,1127,438.0,1082.5,598.5
314,5.232349627619478,325,977,553,1063,439.0,1020.0,536.0
315,5.2490131614654,328,913,551,999,439.5,956.0,472.0
316,5.265676695311322,324,854,552,930,438.0,892.0,408.0
317,5.282340229157244,322,777,554,864,438.0,820.5,336.5
318,5.2990037630031654,326,706,556,800,441.0,753.0,269.0
319,5.315667296849088,328,648,563,734,445.5,691.0,207.0
320,5.3323308306950095,324,578,559,672,441.5,625.0,141.0
321,5.348994364540932,328,533,568,616,448.0,574.5,90.5
322,5.3656578983868535,320,478,566,568,443.0,523.0,39.0
323,5.382321432232775,317,463,575,533,446.0,498.0,14.0
324,5.3989849660786975,314,454,578,518,446.0,486.0,2.0
325,5.415648499924619,314,455,578,519,446.0,487.0,3.0
326,5.4323120337705415,320,464,580,536,450.0,500.0,16.0
327,5.448975567616463,323,494,577,565,450.0,529.5,45.5
328,5.465639101462385,331,530,574,604,452.5,567.0,83.0
329,5.482302635308307,334,576,572,652,453.0,614.0,130.0
330,5.498966169154229,336,628,568,708,452.0,668.0,184.0
331,5.51562970300015,342,686,564,766,453.0,726.0,242.0
332,5.532293236846073,343,748,562,829,452.5,788.5,304.5
333,5.548956770691994,346,817,564,898,455.0,857.5,373.5
334,5.565620304537917,350,888,560,972,455.0,930.0,446.0
335,5.582283838383838,343,959,557,1045,450.0,1002.0,518.0
336,5.59894737222976,334,1039,560,1112,447.0,1075.5,591.5
337,5.615610906075682,327,1097,563,1169,445.0,1133.0,649.0
338,5.632274439921604,326,1152,572,1213,449.0,1182.5,698.5
339,5.648937973767526,319,1181,574,1243,446.5,1212.0,728.0
340,5.665601507613448,314,1198,572,1260,443.0,1229.0,745.0
341,5.682265041459369,314,1200,570,1261,442.0,1230.5,746.5
342,5.698928575305292,313,1190,568,1252,440.5,1221.0,737.0
343,5.715592109151213,312,1172,567,1233,439.5,1202.5,718.5
344,5.732255642997135,313,1143,560,1208,436.5,1175.5,691.5
345,5.748919176843057,312,1103,558,1168,435.0,1135.5,651.5
346,5.765582710688979,312,1047,551,1120,431.5,1083.5,599.5
347,5.782246244534901,320,980,547,1061,433.5,1020.5,536.5
348,5.798909778380823,324,910,544,991,434.0,950.5,466.5
349,5.815573312226745,326,831,542,914,434.0,872.5,388.5
350,5.832236846072667,327,756,546,841,436.5,798.5,314.5
351,5.848900379918589,321,686,548,767,434.5,726.5,242.5
352,5.865563913764511,318,629,553,702,435.5,665.5,181.5
353,5.882227447610433,321,553,558,648,439.5,600.5,116.5
354,5.898890981456354,311,534,562,605,436.5,569.5,85.5
355,5.915554515302277,310,503,568,572,439.0,537.5,53.5
356,5.932218049148198,310,480,570,550,440.0,515.0,31.0
357,5.94888158299412,309,470,573,537,441.0,503.5,19.5
358,5.965545116840042,309,468,573,534,441.0,501.0,17.0
359,5.982208650685964,313,473,575,542,444.0,507.5,23.5
360,5.998872184531886,318,490,576,568,447.0,529.0,45.0
361,6.015535718377808,327,530,571,606,449.0,568.0,84.0
362,6.032199252223729,333,582,568,659,450.5,620.5,136.5
363,6.048862786069652,339,635,568,722,453.5,678.5,194.5
364,6.065526319915573,345,706,570,792,457.5,749.0,265.0
365,6.082189853761496,346,777,567,867,456.5,822.0,338.0
366,6.098853387607417,343,849,568,938,455.5,893.5,409.5
367,6.115516921453339,338,918,572,1004,455.0,961.0,477.0
368,6.132180455299261,340,962,574,1059,457.0,1010.5,526.5
369,6.148843989145183,336,1041,572,1114,454.0,1077.5,593.5
370,6.1655075229911045,335,1096,573,1163,454.0,1129.5,645.5
371,6.182171056837027,330,1143,575,1207,452.5,1175.0,691.0
372,6.1988345906829485,320,1178,576,1241,448.0,1209.5,725.5
373,6.215498124528871,315,1199,576,1262,445.5,1230.5,746.5
374,6.2321616583747925,313,1208,574,1269,443.5,1238.5,754.5
375,6.248825192220714,310,1199,570,1259,440.0,1229.0,745.0
376,6.2654887260666365,315,1172,568,1234,441.5,1203.0,719.0
377,6.282152259912558,320,1115,560,1194,440.0,1154.5,670.5
378,6.2988157937584806,323,1063,554,1143,438.5,1103.0,619.0
379,6.315479327604402,322,1001,551,1082,436.5,1041.5,557.5
380,6.332142861450324,323,943,549,1023,436.0,983.0,499.0
381,6.348806395296246,320,881,547,961,433.5,921.0,437.0
382,6.365469929142168,319,813,544,897,431.5,855.0,371.0
383,6.382133462988089,317,754,542,832,429.5,793.0,309.0
384,6.398796996834012,318,687,544,766,431.0,726.5,242.5
385,6.415460530679933,316,626,542,702,429.0,664.0,180.0
386,6.432124064525856,312,565,550,643,431.0,604.0,120.0
387,6.448787598371777,312,520,556,595,434.0,557.5,73.5
388,6.465451132217699,308,480,562,556,435.0,518.0,34.0
389,6.482114666063621,305,467,565,533,435.0,500.0,16.0
390,6.498778199909543,307,464,567,528,437.0,496.0,12.0
391,6.515441733755465,309,474,572,540,440.5,507.0,23.0
392,6.532105267601387,314,490,573,563,443.5,526.5,42.5
393,6.548768801447308,325,519,573,596,449.0,557.5,73.5
394,6.565432335293231,330,562,574,635,452.0,598.5,114.5
395,6.5820958691391525,334,607,571,686,452.5,646.5,162.5
396,6.598759402985074,338,665,574,744,456.0,704.5,220.5
397,6.6154229368309965,344,724,569,801,456.5,762.5,278.5
398,6.632086470676918,347,792,569,869,458.0,830.5,346.5
399,6.6487500045228405,351,858,568,940,459.5,899.0,415.0
400,6.665413538368762,352,932,568,1012,460.0,972.0,488.0
401,6.682077072214684,350,1000,574,1081,462.0,1040.5,556.5
402,6.698740606060606,342,1062,575,1142,458.5,1102.0,618.0
403,6.715404139906528,336,1124,582,1188,459.0,1156.0,672.0
404,6.73206767375245,330,1160,587,1221,458.5,1190.5,706.5
405,6.748731207598372,326,1181,586,1242,456.0,1211.5,727.5
406,6.765394741444293,323,1191,585,1250,454.0,1220.5,736.5
407,6.782058275290216,320,1188,582,1248,451.0,1218.0,734.0
408,6.798721809136137,317,1174,578,1235,447.5,1204.5,720.5
409,6.815385342982059,317,1150,573,1212,445.0,1181.0,697.0
410,6.832048876827981,318,1113,567,1180,442.5,1146.5,662.5
411,6.848712410673903,318,1054,558,1137,438.0,1095.5,611.5
412,6.865375944519825,317,999,550,1082,433.5,1040.5,556.5
413,6.882039478365747,322,934,545,1016,433.5,975.0,491.0
414,6.898703012211668,323,850,544,943,433.5,896.5,412.5
415,6.915366546057591,320,785,539,868,429.5,826.5,342.5
416,6.932030079903512,315,709,542,798,428.5,753.5,269.5
417,6.948693613749435,313,647,541,735,427.0,691.0,207.0
418,6.965357147595356,306,588,546,678,426.0,633.0,149.0
419,6.982020681441278,303,555,550,632,426.5,593.5,109.5
420,6.9986842152872,297,521,552,595,424.5,558.0,74.0
421,7.015347749133122,296,495,557,569,426.5,532.0,48.0
422,7.032011282979044,296,481,559,551,427.5,516.0,32.0
423,7.048674816824966,298,476,561,542,429.5,509.0,25.0
424,7.065338350670888,301,479,563,545,432.0,512.0,28.0
425,7.08200188451681,306,486,565,561,435.5,523.5,39.5
426,7.098665418362732,318,514,565,593,441.5,553.5,69.5
427,7.115328952208653,323,548,562,640,442.5,594.0,110.0
428,7.131992486054576,334,618,562,700,448.0,659.0,175.0
429,7.148656019900497,341,675,562,766,451.5,720.5,236.5
430,7.16531955374642,346,744,565,835,455.5,789.5,305.5
431,7.181983087592341,346,823,574,904,460.0,863.5,379.5
432,7.198646621438263,347,889,570,970,458.5,929.5,445.5
433,7.215310155284185,347,958,579,1031,463.0,994.5,510.5
434,7.231973689130107,348,1007,585,1084,466.5,1045.5,561.5
435,7.248637222976029,346,1065,582,1135,464.0,1100.0,616.0
436,7.265300756821951,344,1120,585,1183,464.5,1151.5,667.5
437,7.281964290667872,338,1158,587,1221,462.5,1189.5,705.5
438,7.298627824513795,334,1184,590,1246,462.0,1215.0,731.0
439,7.315291358359716,330,1199,588,1260,459.0,1229.5,745.5
440,7.331954892205638,328,1195,586,1256,457.0,1225.5,741.5
441,7.34861842605156,330,1174,581,1238,455.5,1206.0,722.0
442,7.365281959897482,330,1137,575,1204,452.5,1170.5,686.5
443,7.381945493743404,336,1091,572,1158,454.0,1124.5,640.5
444,7.398609027589326,330,1029,559,1102,444.5,1065.5,581.5
445,7.4152725614352475,328,968,558,1046,443.0,1007.0,523.0
446,7.43193609528117,326,910,552,986,439.0,948.0,464.0
447,7.4485996291270915,320,848,546,925,433.0,886.5,402.5
448,7.465263162973014,319,778,546,861,432.5,819.5,335.5
449,7.4819266968189355,317,713,545,797,431.0,755.0,271.0
450,7.498590230664857,313,650,543,732,428.0,691.0,207.0
451,7.5152537645107795,308,594,542,672,425.0,633.0,149.0
452,7.531917298356701,306,544,543,620,424.5,582.0,98.0
453,7.548580832202623,299,504,549,578,424.0,541.0,57.0
454,7.565244366048545,292,480,554,552,423.0,516.0,32.0
455,7.581907899894467,294,474,557,540,425.5,507.0,23.0
456,7.598571433740389,296,478,558,544,427.0,511.0,27.0
457,7.615234967586311,301,495,558,561,429.5,528.0,44.0
458,7.631898501432232,305,520,562,589,433.5,554.5,70.5
459,7.648562035278155,310,559,559,625,434.5,592.0,108.0
460,7.665225569124076,318,571,559,666,438.5,618.5,134.5
461,7.681889102969999,321,636,561,717,441.0,676.5,192.5
462,7.69855263681592,328,695,560,776,444.0,735.5,251.5
463,7.715216170661842,338,764,561,842,449.5,803.0,319.0
464,7.731879704507764,338,832,564,910,451.0,871.0,387.0
465,7.748543238353686,342,906,565,982,453.5,944.0,460.0
466,7.765206772199607,344,961,573,1049,458.5,1005.0,521.0
467,7.78187030604553,344,1026,577,1114,460.5,1070.0,586.0
468,7.798533839891451,344,1096,585,1162,464.5,1129.0,645.0
469,7.815197373737374,338,1137,593,1200,465.5,1168.5,684.5
470,7.8318609075832955,335,1164,594,1225,464.5,1194.5,710.5
471,7.848524441429217,333,1177,593,1238,463.0,1207.5,723.5
472,7.8651879752751395,332,1179,593,1240,462.5,1209.5,725.5
473,7.881851509121061,330,1174,591,1234,460.5,1204.0,720.0
474,7.8985150429669835,328,1155,587,1217,457.5,1186.0,702.0
475,7.915178576812905,327,1128,582,1192,454.5,1160.0,676.0
476,7.931842110658827,328,1071,574,1151,451.0,1111.0,627.0
477,7.948505644504749,330,1026,568,1103,449.0,1064.5,580.5
478,7.965169178350671,334,962,559,1041,446.5,1001.5,517.5
479,7.981832712196592,330,887,550,972,440.0,929.5,445.5
480,7.998496246042515,330,819,551,896,440.5,857.5,373.5
481,8.015159779888437,328,749,548,828,438.0,788.5,304.5
482,8.031823313734359,321,688,547,764,434.0,726.0,242.0
483,8.04848684758028,311,632,546,707,428.5,669.5,185.5
484,8.065150381426202,306,581,548,658,427.0,619.5,135.5
485,8.081813915272123,296,546,549,619,422.5,582.5,98.5
486,8.098477449118047,294,518,552,588,423.0,553.0,69.0
487,8.115140982963968,290,497,551,565,420.5,531.0,47.0
488,8.13180451680989,289,487,553,552,421.0,519.5,35.5
489,8.148468050655811,289,485,553,550,421.0,517.5,33.5
490,8.165131584501733,293,494,553,560,423.0,527.0,43.0
491,8.181795118347656,301,511,553,585,427.0,548.0,64.0
492,8.198458652193578,312,552,551,627,431.5,589.5,105.5
493,8.2151221860395,316,604,549,683,432.5,643.5,159.5
494,8.231785719885421,326,661,551,747,438.5,704.0,220.0
495,8.248449253731343,332,735,556,810,444.0,772.5,288.5
496,8.265112787577266,335,802,560,876,447.5,839.0,355.0
497,8.281776321423187,336,865,564,938,450.0,901.5,417.5
498,8.298439855269109,338,925,569,1002,453.5,963.5,479.5
499,8.31510338911503,344,990,576,1056,460.0,1023.0,539.0
500,8.331766922960952,344,1032,578,1108,461.0,1070.0,586.0
501,8.348430456806874,344,1089,582,1156,463.0,1122.5,638.5
502,8.365093990652797,342,1136,586,1199,464.0,1167.5,683.5
503,8.381757524498719,336,1168,592,1231,464.0,1199.5,715.5
504,8.39842105834464,334,1187,593,1248,463.5,1217.5,733.5
505,8.415084592190562,335,1189,594,1251,464.5,1220.0,736.0
506,8.431748126036483,337,1175,593,1236,465.0,1205.5,721.5
507,8.448411659882407,340,1145,588,1208,464.0,1176.5,692.5
508,8.465075193728328,344,1104,583,1167,463.5,1135.5,651.5
509,8.48173872757425,342,1047,576,1121,459.0,1084.0,600.0
510,8.498402261420171,342,986,574,1068,458.0,1027.0,543.0
511,8.515065795266093,336,929,570,1009,453.0,969.0,485.0
512,8.531729329112016,333,873,562,952,447.5,912.5,428.5
513,8.548392862957938,328,818,556,890,442.0,854.0,370.0
514,8.56505639680386,322,743,553,828,437.5,785.5,301.5
515,8.581719930649781,320,682,551,762,435.5,722.0,238.0
516,8.598383464495702,317,623,546,701,431.5,662.0,178.0
517,8.615046998341626,310,570,548,644,429.0,607.0,123.0
518,8.631710532187547,301,528,552,599,426.5,563.5,79.5
519,8.648374066033469,294,502,552,570,423.0,536.0,52.0
520,8.66503759987939,289,488,553,554,421.0,521.0,37.0
521,8.681701133725312,288,487,553,552,420.5,519.5,35.5
522,8.698364667571235,289,495,551,562,420.0,528.5,44.5
523,8.715028201417157,292,515,552,586,422.0,550.5,66.5
524,8.731691735263079,294,541,549,617,421.5,579.0,95.0
525,8.748355269109,302,583,552,652,427.0,617.5,133.5
526,8.765018802954922,312,622,548,699,430.0,660.5,176.5
527,8.781682336800843,312,660,550,751,431.0,705.5,221.5
528,8.798345870646767,321,726,548,814,434.5,770.0,286.0
529,8.815009404492688,328,786,551,880,439.5,833.0,349.0
530,8.83167293833861,330,866,558,952,444.0,909.0,425.0
531,8.848336472184531,330,937,563,1018,446.5,977.5,493.5
532,8.865000006030453,332,1000,566,1082,449.0,1041.0,557.0
533,8.881663539876376,330,1067,574,1138,452.0,1102.5,618.5
534,8.898327073722298,330,1112,585,1178,457.5,1145.0,661.0
535,8.91499060756822,329,1143,588,1205,458.5,1174.0,690.0
536,8.93165414141414,330,1160,592,1222,461.0,1191.0,707.0
537,8.948317675260062,335,1168,593,1231,464.0,1199.5,715.5
538,8.964981209105986,335,1169,593,1231,464.0,1200.0,716.0
539,8.981644742951907,334,1159,593,1219,463.5,1189.0,705.0
540,8.998308276797829,335,1128,592,1199,463.5,1163.5,679.5
541,9.01497181064375,338,1097,587,1163,462.5,1130.0,646.0
542,9.031635344489672,342,1050,579,1118,460.5,1084.0,600.0
543,9.048298878335595,342,980,572,1064,457.0,1022.0,538.0
544,9.064962412181517,347,916,570,1000,458.5,958.0,474.0
545,9.081625946027438,344,846,566,929,455.0,887.5,403.5
546,9.09828947987336,340,775,563,858,451.5,816.5,332.5
547,9.114953013719282,336,711,562,793,449.0,752.0,268.0
548,9.131616547565205,326,659,562,736,444.0,697.5,213.5
549,9.148280081411126,317,614,562,687,439.5,650.5,166.5
550,9.164943615257048,313,573,560,644,436.5,608.5,124.5
551,9.18160714910297,305,535,559,608,432.0,571.5,87.5
552,9.198270682948891,297,514,559,580,428.0,547.0,63.0
553,9.214934216794813,295,497,557,562,426.0,529.5,45.5
554,9.231597750640736,293,491,555,556,424.0,523.5,39.5
555,9.248261284486658,293,496,554,560,423.5,528.0,44.0
556,9.26492481833258,296,514,553,582,424.5,548.0,64.0
557,9.2815883521785,306,540,550,618,428.0,579.0,95.0
558,9.298251886024422,306,586,546,664,426.0,625.0,141.0
559,9.314915419870346,315,643,546,724,430.5,683.5,199.5
560,9.331578953716267,316,714,545,785,430.5,749.5,265.5
561,9.348242487562189,316,776,548,848,432.0,812.0,328.0
562,9.36490602140811,322,829,554,911,438.0,870.0,386.0
563,9.381569555254032,326,888,553,971,439.5,929.5,445.5
564,9.398233089099955,328,948,561,1028,444.5,988.0,504.0
565,9.414896622945877,331,1004,564,1082,447.5,1043.0,559.0
566,9.431560156791798,330,1055,570,1130,450.0,1092.5,608.5
567,9.44822369063772,332,1104,574,1176,453.0,1140.0,656.0
568,9.464887224483642,328,1146,578,1214,453.0,1180.0,696.0
569,9.481550758329565,327,1176,588,1235,457.5,1205.5,721.5
570,9.498214292175486,327,1182,590,1243,458.5,1212.5,728.5
571,9.514877826021408,329,1175,591,1234,460.0,1204.5,720.5
572,9.53154135986733,333,1148,590,1211,461.5,1179.5,695.5
573,9.548204893713251,336,1110,586,1178,461.0,1144.0,660.0
574,9.564868427559174,342,1063,582,1135,462.0,1099.0,615.0
575,9.581531961405096,342,1015,582,1086,462.0,1050.5,566.5
576,9.598195495251018,344,937,578,1034,461.0,985.5,501.5
577,9.61485902909694,341,881,571,977,456.0,929.0,445.0
578,9.63152256294286,338,841,574,918,456.0,879.5,395.5
579,9.648186096788782,339,779,569,857,454.0,818.0,334.0
580,9.664849630634706,335,705,564,792,449.5,748.5,264.5
581,9.681513164480627,329,647,565,730,447.0,688.5,204.5
582,9.698176698326549,324,589,559,670,441.5,629.5,145.5
583,9.71484023217247,315,544,564,622,439.5,583.0,99.0
584,9.731503766018392,310,519,563,588,436.5,553.5,69.5
585,9.748167299864315,301,503,565,568,433.0,535.5,51.5
586,9.764830833710237,298,496,560,562,429.0,529.0,45.0
587,9.781494367556158,297,503,560,568,428.5,535.5,51.5
588,9.79815790140208,296,519,556,584,426.0,551.5,67.5
589,9.814821435248001,296,534,555,610,425.5,572.0,88.0
590,9.831484969093925,296,565,552,640,424.0,602.5,118.5
591,9.848148502939846,303,606,552,681,427.5,643.5,159.5
592,9.864812036785768,312,649,545,732,428.5,690.5,206.5
593,9.88147557063169,318,705,542,792,430.0,748.5,264.5
594,9.898139104477611,320,772,542,857,431.0,814.5,330.5
595,9.914802638323534,323,843,541,924,432.0,883.5,399.5
596,9.931466172169456,320,911,548,992,434.0,951.5,467.5
597,9.948129706015377,324,977,558,1052,441.0,1014.5,530.5
598,9.964793239861299,324,1041,559,1109,441.5,1075.0,591.0
599,9.98145677370722,320,1087,568,1153,444.0,1120.0,636.0
600,9.998120307553144,319,1124,574,1186,446.5,1155.0,671.0
601,10.014783841399066,320,1147,578,1208,449.0,1177.5,693.5
602,10.031447375244987,324,1157,581,1220,452.5,1188.5,704.5
603,10.048110909090909,326,1162,581,1224,453.5,1193.0,709.0
604,10.06477444293683,328,1157,585,1218,456.5,1187.5,703.5
605,10.081437976782752,330,1141,588,1202,459.0,1171.5,687.5
606,10.098101510628675,336,1110,585,1177,460.5,1143.5,659.5
607,10.114765044474597,343,1056,582,1134,462.5,1095.0,611.0
608,10.131428578320518,345,1008,579,1082,462.0,1045.0,561.0
609,10.14809211216644,346,943,580,1021,463.0,982.0,498.0
610,10.164755646012361,348,873,571,954,459.5,913.5,429.5
611,10.181419179858285,348,801,569,886,458.5,843.5,359.5
612,10.198082713704206,340,741,569,823,454.5,782.0,298.0
613,10.214746247550128,337,687,571,763,454.0,725.0,241.0
614,10.23140978139605,329,637,572,713,450.5,675.0,191.0
615,10.248073315241971,328,601,572,670,450.0,635.5,151.5
616,10.264736849087894,319,558,573,631,446.0,594.5,110.5
617,10.281400382933816,313,525,569,600,441.0,562.5,78.5
618,10.298063916779737,308,510,569,575,438.5,542.5,58.5
619,10.314727450625659,306,500,568,564,437.0,532.0,48.0
620,10.33139098447158,306,500,568,564,437.0,532.0,48.0
621,10.348054518317504,303,512,562,580,432.5,546.0,62.0
622,10.364718052163425,307,534,560,609,433.5,571.5,87.5
623,10.381381586009347,309,576,552,652,430.5,614.0,130.0
624,10.398045119855269,312,631,548,704,430.0,667.5,183.5
625,10.41470865370119,312,690,547,763,429.5,726.5,242.5
626,10.431372187547113,313,745,551,823,432.0,784.0,300.0
627,10.448035721393035,315,805,546,882,430.5,843.5,359.5
628,10.464699255238957,313,863,550,941,431.5,902.0,418.0
629,10.481362789084878,314,915,551,1000,432.5,957.5,473.5
630,10.4980263229308,313,978,554,1055,433.5,1016.5,532.5
631,10.514689856776721,314,1038,558,1106,436.0,1072.0,588.0
632,10.531353390622645,315,1088,562,1153,438.5,1120.5,636.5
633,10.548016924468566,317,1126,569,1193,443.0,1159.5,675.5
634,10.564680458314488,313,1156,574,1222,443.5,1189.0,705.0
635,10.58134399216041,314,1174,576,1234,445.0,1204.0,720.0
636,10.598007526006331,316,1171,577,1232,446.5,1201.5,717.5
637,10.614671059852254,320,1152,579,1213,449.5,1182.5,698.5
638,10.631334593698176,326,1120,577,1182,451.5,1151.0,667.0
639,10.647998127544097,333,1082,578,1145,455.5,1113.5,629.5
640,10.664661661390019,336,1037,575,1103,455.5,1070.0,586.0
641,10.68132519523594,335,984,573,1054,454.0,1019.0,535.0
642,10.697988729081864,340,913,573,1001,456.5,957.0,473.0
643,10.714652262927785,341,858,571,943,456.0,900.5,416.5
644,10.731315796773707,340,792,570,882,455.0,837.0,353.0
645,10.747979330619629,344,730,570,820,457.0,775.0,291.0
646,10.76464286446555,340,679,571,758,455.5,718.5,234.5
647,10.781306398311473,333,604,570,699,451.5,651.5,167.5
648,10.797969932157395,326,573,575,648,450.5,610.5,126.5
649,10.814633466003317,321,532,576,608,448.5,570.0,86.0
650,10.831296999849238,314,519,577,584,445.5,551.5,67.5
651,10.84796053369516,312,510,575,574,443.5,542.0,58.0
652,10.864624067541083,312,511,575,574,443.5,542.5,58.5
653,10.881287601387005,307,518,570,585,438.5,551.5,67.5
654,10.897951135232926,306,538,568,605,437.0,571.5,87.5
655,10.914614669078848,310,567,565,632,437.5,599.5,115.5
656,10.93127820292477,316,593,561,669,438.5,631.0,147.0
657,10.94794173677069,316,634,558,712,437.0,673.0,189.0
658,10.964605270616614,320,688,552,767,436.0,727.5,243.5
659,10.981268804462536,326,751,549,828,437.5,789.5,305.5
660,10.997932338308457,327,817,545,894,436.0,855.5,371.5
661,11.014595872154379,322,885,542,967,432.0,926.0,442.0
662,11.0312594060003,322,949,551,1026,436.5,987.5,503.5
663,11.047922939846224,317,1002,552,1082,434.5,1042.0,558.0
664,11.064586473692145,314,1063,559,1128,436.5,1095.5,611.5
665,11.081250007538067,312,1100,562,1164,437.0,1132.0,648.0
666,11.097913541383988,312,1128,568,1192,440.0,1160.0,676.0
667,11.11457707522991,312,1146,568,1208,440.0,1177.0,693.0
668,11.131240609075833,312,1154,571,1216,441.5,1185.0,701.0
669,11.147904142921755,314,1154,572,1215,443.0,1184.5,700.5
670,11.164567676767676,315,1142,574,1206,444.5,1174.0,690.0
671,11.181231210613598,320,1119,574,1182,447.0,1150.5,666.5
672,11.19789474445952,322,1072,572,1148,447.0,1110.0,626.0
673,11.214558278305443,328,1017,569,1100,448.5,1058.5,574.5
674,11.231221812151365,338,959,566,1043,452.0,1001.0,517.0
675,11.247885345997286,337,895,567,976,452.0,935.5,451.5
676,11.264548879843208,337,836,568,914,452.5,875.0,391.0
677,11.28121241368913,338,773,567,850,452.5,811.5,327.5
678,11.297875947535053,334,716,567,794,450.5,755.0,271.0
679,11.314539481380974,330,649,572,738,451.0,693.5,209.5
680,11.331203015226896,328,622,571,693,449.5,657.5,173.5
681,11.347866549072817,323,578,575,652,449.0,615.0,131.0
682,11.364530082918739,321,544,578,618,449.5,581.0,97.0
683,11.381193616764662,317,519,578,590,447.5,554.5,70.5
684,11.397857150610584,314,506,577,574,445.5,540.0,56.0
685,11.414520684456505,314,504,577,570,445.5,537.0,53.0
686,11.431184218302427,312,514,575,580,443.5,547.0,63.0
687,11.447847752148348,316,528,572,603,444.0,565.5,81.5
688,11.46451128599427,319,567,567,641,443.0,604.0,120.0
689,11.481174819840193,321,613,561,690,441.0,651.5,167.5
690,11.497838353686115,323,661,560,743,441.5,702.0,218.0
691,11.514501887532036,320,720,559,800,439.5,760.0,276.0
692,11.531165421377958,320,774,553,857,436.5,815.5,331.5
693,11.54782895522388,322,811,552,914,437.0,862.5,378.5
694,11.564492489069803,319,892,552,970,435.5,931.0,447.0
695,11.581156022915724,320,946,552,1026,436.0,986.0,502.0
696,11.597819556761646,321,1002,556,1080,438.5,1041.0,557.0
697,11.614483090607568,316,1064,558,1131,437.0,1097.5,613.5
698,11.63114662445349,313,1107,564,1172,438.5,1139.5,655.5
699,11.647810158299412,309,1140,568,1203,438.5,1171.5,687.5
700,11.664473692145334,306,1159,568,1220,437.0,1189.5,705.5
701,11.681137225991256,306,1162,568,1223,437.0,1192.5,708.5
702,11.697800759837177,308,1151,568,1212,438.0,1181.5,697.5
703,11.714464293683099,313,1123,568,1189,440.5,1156.0,672.0
704,11.731127827529022,317,1088,564,1156,440.5,1122.0,638.0
705,11.747791361374944,322,1049,564,1115,443.0,1082.0,598.0
706,11.764454895220865,323,997,564,1071,443.5,1034.0,550.0
707,11.781118429066787,328,944,563,1022,445.5,983.0,499.0
708,11.797781962912708,330,889,562,969,446.0,929.0,445.0
709,11.814445496758632,334,829,562,909,448.0,869.0,385.0
710,11.831109030604553,334,767,562,846,448.0,806.5,322.5
711,11.847772564450475,336,704,567,784,451.5,744.0,260.0
712,11.864436098296396,335,649,569,726,452.0,687.5,203.5
713,11.881099632142318,329,596,568,672,448.5,634.0,150.0
714,11.89776316598824,326,556,574,629,450.0,592.5,108.5
715,11.914426699834163,319,530,580,600,449.5,565.0,81.0
716,11.931090233680084,317,522,579,587,448.0,554.5,70.5
717,11.947753767526006,316,519,577,584,446.5,551.5,67.5
718,11.964417301371927,315,525,578,589,446.5,557.0,73.0
719,11.981080835217849,317,537,578,601,447.5,569.0,85.0
720,11.997744369063772,321,558,576,624,448.5,591.0,107.0
721,12.014407902909694,322,581,571,656,446.5,618.5,134.5
722,12.031071436755616,328,619,570,698,449.0,658.5,174.5
723,12.047734970601537,328,671,565,747,446.5,709.0,225.0
724,12.064398504447459,332,727,559,806,445.5,766.5,282.5
725,12.081062038293382,334,787,560,870,447.0,828.5,344.5
726,12.097725572139304,332,856,557,937,444.5,896.5,412.5
727,12.114389105985225,326,919,557,1000,441.5,959.5,475.5
728,12.131052639831147,323,979,560,1054,441.5,1016.5,532.5
729,12.147716173677068,317,1033,564,1102,440.5,1067.5,583.5
730,12.164379707522992,313,1078,566,1141,439.5,1109.5,625.5
731,12.181043241368913,312,1106,566,1171,439.0,1138.5,654.5
732,12.197706775214835,307,1131,567,1192,437.0,1161.5,677.5
733,12.214370309060756,305,1145,566,1204,435.5,1174.5,690.5
734,12.231033842906678,305,1148,568,1208,436.5,1178.0,694.0
735,12.247697376752601,305,1143,568,1203,436.5,1173.0,689.0
736,12.264360910598523,306,1124,567,1185,436.5,1154.5,670.5
737,12.281024444444444,313,1092,560,1155,436.5,1123.5,639.5
738,12.297687978290366,319,1040,557,1114,438.0,1077.0,593.0
739,12.314351512136287,324,965,560,1058,442.0,1011.5,527.5
740,12.331015045982209,323,920,556,1002,439.5,961.0,477.0
741,12.347678579828132,322,859,553,938,437.5,898.5,414.5
742,12.364342113674054,324,801,558,877,441.0,839.0,355.0
743,12.381005647519975,324,742,555,818,439.5,780.0,296.0
744,12.397669181365897,319,690,562,766,440.5,728.0,244.0
745,12.414332715211819,320,640,564,718,442.0,679.0,195.0
746,12.430996249057742,321,603,566,675,443.5,639.0,155.0
747,12.447659782903663,313,567,572,638,442.5,602.5,118.5
748,12.464323316749585,313,538,575,607,444.0,572.5,88.5
749,12.480986850595507,314,520,577,586,445.5,553.0,69.0
750,12.497650384441428,313,512,578,576,445.5,544.0,60.0
751,12.514313918287352,315,516,578,582,446.5,549.0,65.0
752,12.530977452133273,319,532,578,602,448.5,567.0,83.0
753,12.547640985979195,326,561,576,634,451.0,597.5,113.5
754,12.564304519825116,327,601,570,676,448.5,638.5,154.5
755,12.580968053671038,332,644,568,725,450.0,684.5,200.5
756,12.597631587516961,332,700,567,779,449.5,739.5,255.5
757,12.614295121362883,331,753,567,833,449.0,793.0,309.0
758,12.630958655208804,331,811,562,889,446.5,850.0,366.0
759,12.647622189054726,331,864,562,944,446.5,904.0,420.0
760,12.664285722900647,331,921,564,1000,447.5,960.5,476.5
761,12.68094925674657,328,976,564,1054,446.0,1015.0,531.0
762,12.697612790592492,325,1036,565,1108,445.0,1072.0,588.0
763,12.714276324438414,322,1081,568,1153,445.0,1117.0,633.0
764,12.730939858284335,316,1121,570,1184,443.0,1152.5,668.5
765,12.747603392130257,313,1144,571,1207,442.0,1175.5,691.5
766,12.764266925976179,311,1154,571,1214,441.0,1184.0,700.0
767,12.780930459822102,310,1145,568,1208,439.0,1176.5,692.5
768,12.797593993668023,311,1126,566,1190,438.5,1158.0,674.0
769,12.814257527513945,313,1096,560,1162,436.5,1129.0,645.0
770,12.830921061359867,314,1062,558,1126,436.0,1094.0,610.0
771,12.847584595205788,315,1009,557,1086,436.0,1047.5,563.5
772,12.864248129051711,313,964,555,1043,434.0,1003.5,519.5
773,12.880911662897633,315,916,552,991,433.5,953.5,469.5
774,12.897575196743555,319,859,551,936,435.0,897.5,413.5
775,12.914238730589476,320,793,547,875,433.5,834.0,350.0
776,12.930902264435398,318,730,553,812,435.5,771.0,287.0
777,12.947565798281321,320,672,553,752,436.5,712.0,228.0
778,12.964229332127243,317,621,553,698,435.0,659.5,175.5
779,12.980892865973164,313,580,566,654,439.5,617.0,133.0
780,12.997556399819086,312,550,567,623,439.5,586.5,102.5
781,13.014219933665007,309,535,571,601,440.0,568.0,84.0
782,13.03088346751093,309,529,574,595,441.5,562.0,78.0
783,13.047547001356852,310,531,575,596,442.5,563.5,79.5
784,13.064210535202774,314,538,577,606,445.5,572.0,88.0
785,13.080874069048695,316,552,578,621,447.0,586.5,102.5
786,13.097537602894617,321,574,576,648,448.5,611.0,127.0
787,13.11420113674054,328,608,573,682,450.5,645.0,161.0
788,13.130864670586462,329,652,573,732,451.0,692.0,208.0
789,13.147528204432383,338,705,573,785,455.5,745.0,261.0
790,13.164191738278305,340,744,571,845,455.5,794.5,310.5
791,13.180855272124226,343,809,568,911,455.5,860.0,376.0
792,13.197518805970148,342,883,570,973,456.0,928.0,444.0
793,13.214182339816071,337,950,573,1031,455.0,990.5,506.5
794,13.230845873661993,329,1008,574,1078,451.5,1043.0,559.0
795,13.247509407507915,328,1052,575,1118,451.5,1085.0,601.0
796,13.264172941353836,321,1087,575,1150,448.0,1118.5,634.5
797,13.280836475199758,318,1113,578,1175,448.0,1144.0,660.0
798,13.297500009045681,315,1131,576,1193,445.5,1162.0,678.0
799,13.314163542891603,313,1141,575,1202,444.0,1171.5,687.5
800,13.330827076737524,311,1140,573,1201,442.0,1170.5,686.5
801,13.347490610583446,308,1126,570,1186,439.0,1156.0,672.0
802,13.364154144429367,310,1097,567,1162,438.5,1129.5,645.5
803,13.38081767827529,314,1045,560,1124,437.0,1084.5,600.5
804,13.397481212121212,318,982,556,1075,437.0,1028.5,544.5
805,13.414144745967134,322,943,551,1020,436.5,981.5,497.5
806,13.430808279813055,318,880,551,959,434.5,919.5,435.5
807,13.447471813658977,316,830,551,902,433.5,866.0,382.0
808,13.4641353475049,318,775,550,846,434.0,810.5,326.5
809,13.480798881350822,316,717,550,792,433.0,754.5,270.5
810,13.497462415196743,312,668,554,744,433.0,706.0,222.0
811,13.514125949042665,310,627,557,698,433.5,662.5,178.5
812,13.530789482888586,310,583,560,658,435.0,620.5,136.5
813,13.54745301673451,309,549,562,628,435.5,588.5,104.5
814,13.564116550580431,306,535,568,602,437.0,568.5,84.5
815,13.580780084426353,306,522,569,586,437.5,554.0,70.0
816,13.597443618272274,307,521,569,586,438.0,553.5,69.5
817,13.614107152118196,313,535,574,600,443.5,567.5,83.5
818,13.630770685964118,319,561,572,628,445.5,594.5,110.5
819,13.647434219810041,326,593,574,666,450.0,629.5,145.5
820,13.664097753655962,330,637,571,711,450.5,674.0,190.0
821,13.680761287501884,335,686,570,760,452.5,723.0,239.0
822,13.697424821347806,338,735,574,811,456.0,773.0,289.0
823,13.714088355193727,340,785,572,865,456.0,825.0,341.0
824,13.73075188903965,342,842,577,920,459.5,881.0,397.0
825,13.747415422885572,343,902,576,974,459.5,938.0,454.0
826,13.764078956731494,348,956,576,1030,462.0,993.0,509.0
827,13.780742490577415,341,1007,576,1083,458.5,1045.0,561.0
828,13.797406024423337,337,1062,577,1130,457.0,1096.0,612.0
829,13.81406955826926,327,1102,579,1168,453.0,1135.0,651.0
830,13.830733092115182,324,1130,583,1191,453.5,1160.5,676.5
831,13.847396625961103,321,1141,582,1202,451.5,1171.5,687.5
832,13.864060159807025,320,1138,579,1200,449.5,1169.0,685.0
833,13.880723693652946,319,1125,577,1188,448.0,1156.5,672.5
834,13.89738722749887,319,1101,573,1166,446.0,1133.5,649.5
835,13.914050761344791,318,1070,569,1136,443.5,1103.0,619.0
836,13.930714295190713,320,1034,561,1100,440.5,1067.0,583.0
837,13.947377829036634,320,992,561,1058,440.5,1025.0,541.0
838,13.964041362882556,316,935,553,1010,434.5,972.5,488.5
839,13.98070489672848,312,870,549,959,430.5,914.5,430.5
840,13.9973684305744,313,810,546,896,429.5,853.0,369.0
841,14.014031964420322,314,764,544,836,429.0,800.0,316.0
842,14.030695498266244,312,702,546,777,429.0,739.5,255.5
843,14.047359032112166,312,648,553,720,432.5,684.0,200.0
844,14.064022565958089,303,597,550,675,426.5,636.0,152.0
845,14.08068609980401,302,567,557,642,429.5,604.5,120.5
846,14.097349633649932,296,553,559,618,427.5,585.5,101.5
847,14.114013167495854,298,541,561,606,429.5,573.5,89.5
848,14.130676701341775,299,538,564,604,431.5,571.0,87.0
849,14.147340235187697,301,544,566,608,433.5,576.0,92.0
850,14.16400376903362,304,556,568,621,436.0,588.5,104.5
851,14.180667302879542,312,576,569,642,440.5,609.0,125.0
852,14.197330836725463,318,600,568,673,443.0,636.5,152.5
853,14.213994370571385,326,632,570,714,448.0,673.0,189.0
854,14.230657904417306,329,673,566,764,447.5,718.5,234.5
855,14.24732143826323,336,743,569,826,452.5,784.5,300.5
856,14.263984972109151,339,785,569,886,454.0,835.5,351.5
857,14.280648505955073,342,845,572,945,457.0,895.0,411.0
858,14.297312039800994,342,936,576,1002,459.0,969.0,485.0
859,14.313975573646916,336,984,578,1053,457.0,1018.5,534.5
860,14.33063910749284,335,1034,584,1096,459.5,1065.0,581.0
861,14.34730264133876,336,1066,587,1130,461.5,1098.0,614.0
862,14.363966175184682,331,1093,590,1158,460.5,1125.5,641.5
863,14.380629709030604,329,1117,588,1178,458.5,1147.5,663.5
864,14.397293242876525,326,1131,587,1192,456.5,1161.5,677.5
865,14.413956776722449,326,1135,584,1196,455.0,1165.5,681.5
866,14.43062031056837,322,1127,583,1188,452.5,1157.5,673.5
867,14.447283844414292,322,1104,578,1166,450.0,1135.0,651.0
868,14.463947378260213,324,1070,575,1134,449.5,1102.0,618.0
869,14.480610912106135,327,1019,566,1090,446.5,1054.5,570.5
870,14.497274445952058,322,960,557,1038,439.5,999.0,515.0
871,14.51393797979798,320,901,553,980,436.5,940.5,456.5
872,14.530601513643902,318,847,552,926,435.0,886.5,402.5
873,14.547265047489823,315,791,551,869,433.0,830.0,346.0
874,14.563928581335745,310,744,550,818,430.0,781.0,297.0
875,14.580592115181666,308,691,550,770,429.0,730.5,246.5
876,14.59725564902759,306,646,552,724,429.0,685.0,201.0
877,14.613919182873511,304,608,549,680,426.5,644.0,160.0
878,14.630582716719433,302,572,552,644,427.0,608.0,124.0
879,14.647246250565354,297,546,556,616,426.5,581.0,97.0
880,14.663909784411276,295,534,558,599,426.5,566.5,82.5
881,14.6805733182572,297,528,559,594,428.0,561.0,77.0
882,14.69723685210312,299,536,562,602,430.5,569.0,85.0
883,14.713900385949042,305,555,562,626,433.5,590.5,106.5
884,14.730563919794964,312,586,561,660,436.5,623.0,139.0
885,14.747227453640885,316,627,561,701,438.5,664.0,180.0
886,14.763890987486809,322,670,563,746,442.5,708.0,224.0
887,14.78055452133273,328,719,566,793,447.0,756.0,272.0
888,14.797218055178652,329,769,567,845,448.0,807.0,323.0
889,14.813881589024573,335,826,572,897,453.5,861.5,377.5
890,14.830545122870495,338,879,574,952,456.0,915.5,431.5
891,14.847208656716418,339,923,578,1005,458.5,964.0,480.0
892,14.86387219056234,340,980,577,1058,458.5,1019.0,535.0
893,14.880535724408261,337,1040,582,1106,459.5,1073.0,589.0
894,14.897199258254183,335,1084,586,1148,460.5,1116.0,632.0
895,14.913862792100105,331,1113,589,1175,460.0,1144.0,660.0
896,14.930526325946028,328,1129,591,1190,459.5,1159.5,675.5
897,14.94718985979195,328,1132,591,1192,459.5,1162.0,678.0
898,14.963853393637871,328,1122,588,1182,458.0,1152.0,668.0
899,14.980516927483793,328,1105,586,1166,457.0,1135.5,651.5
900,14.997180461329714,324,1078,579,1142,451.5,1110.0,626.0
901,15.013843995175636,327,1043,576,1111,451.5,1077.0,593.0
902,15.030507529021559,323,1005,569,1072,446.0,1038.5,554.5
903,15.04717106286748,325,938,568,1028,446.5,983.0,499.0
904,15.063834596713402,324,898,561,981,442.5,939.5,455.5
905,15.080498130559324,322,837,554,921,438.0,879.0,395.0
906,15.097161664405245,319,780,549,861,434.0,820.5,336.5
907,15.113825198251169,312,715,546,800,429.0,757.5,273.5
908,15.13048873209709,309,669,551,746,430.0,707.5,223.5
909,15.147152265943012,304,620,552,698,428.0,659.0,175.0
910,15.163815799788933,296,597,551,664,423.5,630.5,146.5
911,15.180479333634855,293,570,554,636,423.5,603.0,119.0
912,15.197142867480778,291,554,556,619,423.5,586.5,102.5
913,15.2138064013267,292,548,555,612,423.5,580.0,96.0
914,15.230469935172621,292,548,555,612,423.5,580.0,96.0
915,15.247133469018543,294,556,558,622,426.0,589.0,105.0
916,15.263797002864465,297,572,558,638,427.5,605.0,121.0
917,15.280460536710388,302,595,559,663,430.5,629.0,145.0
918,15.29712407055631,312,626,558,702,435.0,664.0,180.0
919,15.313787604402231,319,675,555,748,437.0,711.5,227.5
920,15.330451138248153,325,723,560,804,442.5,763.5,279.5
921,15.347114672094074,329,782,562,862,445.5,822.0,338.0
922,15.363778205939997,332,843,563,921,447.5,882.0,398.0
923,15.380441739785919,332,897,568,977,450.0,937.0,453.0
924,15.39710527363184,334,960,574,1030,454.0,995.0,511.0
925,15.413768807477762,334,1007,579,1072,456.5,1039.5,555.5
926,15.430432341323684,336,1044,584,1109,460.0,1076.5,592.5
927,15.447095875169605,333,1075,587,1139,460.0,1107.0,623.0
928,15.463759409015529,335,1100,590,1163,462.5,1131.5,647.5
929,15.48042294286145,334,1119,592,1180,463.0,1149.5,665.5
930,15.497086476707372,332,1127,591,1188,461.5,1157.5,673.5
931,15.513750010553293,331,1125,591,1185,461.0,1155.0,671.0
932,15.530413544399215,328,1106,586,1167,457.0,1136.5,652.5
933,15.547077078245138,335,1074,583,1139,459.0,1106.5,622.5
934,15.56374061209106,330,1030,576,1099,453.0,1064.5,580.5
935,15.580404145936981,334,976,574,1053,454.0,1014.5,530.5
936,15.597067679782903,334,921,568,1000,451.0,960.5,476.5
937,15.613731213628824,330,874,564,945,447.0,909.5,425.5
938,15.630394747474748,328,822,561,891,444.5,856.5,372.5
939,15.64705828132067,322,770,562,841,442.0,805.5,321.5
940,15.663721815166591,317,720,561,792,439.0,756.0,272.0
941,15.680385349012512,312,673,560,747,436.0,710.0,226.0
942,15.697048882858434,307,630,553,703,430.0,666.5,182.5
943,15.713712416704357,303,580,554,664,428.5,622.0,138.0
944,15.730375950550279,296,563,556,631,426.0,597.0,113.0
945,15.7470394843962,291,545,556,611,423.5,578.0,94.0
946,15.763703018242122,291,538,555,602,423.0,570.0,86.0
947,15.780366552088044,293,542,555,606,424.0,574.0,90.0
948,15.797030085933967,296,558,554,624,425.0,591.0,107.0
949,15.813693619779889,300,576,553,652,426.5,614.0,130.0
950,15.83035715362581,305,613,552,690,428.5,651.5,167.5
951,15.847020687471732,309,655,555,733,432.0,694.0,210.0
952,15.863684221317653,311,699,558,776,434.5,737.5,253.5
953,15.880347755163575,315,744,558,825,436.5,784.5,300.5
954,15.897011289009498,324,799,562,872,443.0,835.5,351.5
955,15.91367482285542,328,853,567,927,447.5,890.0,406.0
956,15.930338356701341,331,904,566,980,448.5,942.0,458.0
957,15.947001890547263,336,964,572,1036,454.0,1000.0,516.0
958,15.963665424393184,334,1015,574,1084,454.0,1049.5,565.5
959,15.980328958239108,333,1060,579,1125,456.0,1092.5,608.5
960,15.99699249208503,328,1096,584,1159,456.0,1127.5,643.5
961,16.013656025930953,327,1116,589,1177,458.0,1146.5,662.5
962,16.030319559776874,328,1124,590,1182,459.0,1153.0,669.0
963,16.046983093622796,330,1117,591,1178,460.5,1147.5,663.5
964,16.063646627468717,331,1103,591,1165,461.0,1134.0,650.0
965,16.08031016131464,331,1081,592,1142,461.5,1111.5,627.5
966,16.09697369516056,334,1050,587,1118,460.5,1084.0,600.0
967,16.113637229006482,336,1010,582,1084,459.0,1047.0,563.0
968,16.130300762852404,335,971,580,1042,457.5,1006.5,522.5
969,16.146964296698325,332,915,573,993,452.5,954.0,470.0
970,16.163627830544247,337,862,568,941,452.5,901.5,417.5
971,16.18029136439017,331,784,564,882,447.5,833.0,349.0
972,16.196954898236093,328,750,558,824,443.0,787.0,303.0
973,16.213618432082015,322,693,562,768,442.0,730.5,246.5
974,16.230281965927936,319,645,563,720,441.0,682.5,198.5
975,16.246945499773858,307,614,561,682,434.0,648.0,164.0
976,16.26360903361978,304,585,561,654,432.5,619.5,135.5
977,16.2802725674657,297,570,562,634,429.5,602.0,118.0
978,16.296936101311623,296,558,560,622,428.0,590.0,106.0
979,16.313599635157544,295,555,559,619,427.0,587.0,103.0
980,16.330263169003466,295,559,557,624,426.0,591.5,107.5
981,16.346926702849387,295,570,556,636,425.5,603.0,119.0
982,16.363590236695313,298,586,554,658,426.0,622.0,138.0
983,16.380253770541234,302,615,554,690,428.0,652.5,168.5
984,16.396917304387156,311,658,547,734,429.0,696.0,212.0
985,16.413580838233077,314,711,546,785,430.0,748.0,264.0
986,16.430244372079,319,768,547,844,433.0,806.0,322.0
987,16.44690790592492,320,820,552,901,436.0,860.5,376.5
988,16.463571439770842,321,882,555,954,438.0,918.0,434.0
989,16.480234973616763,324,934,564,1006,444.0,970.0,486.0
990,16.496898507462685,322,974,569,1050,445.5,1012.0,528.0
991,16.513562041308607,325,1024,573,1089,449.0,1056.5,572.5
992,16.53022557515453,325,1059,578,1122,451.5,1090.5,606.5
993,16.546889109000453,326,1085,583,1147,454.5,1116.0,632.0
994,16.563552642846375,327,1105,586,1168,456.5,1136.5,652.5
995,16.580216176692296,326,1118,589,1180,457.5,1149.0,665.0
996,16.596879710538218,326,1121,588,1180,457.0,1150.5,666.5
997,16.61354324438414,328,1106,589,1168,458.5,1137.0,653.0
998,16.63020677823006,332,1082,587,1146,459.5,1114.0,630.0
999,16.646870312075983,336,1043,580,1110,458.0,1076.5,592.5
1000,16.663533845921904,338,988,579,1065,458.5,1026.5,542.5
1001,16.680197379767826,338,942,578,1017,458.0,979.5,495.5
1002,16.696860913613747,335,891,574,965,454.5,928.0,444.0
1003,16.713524447459672,334,839,572,913,453.0,876.0,392.0
1004,16.730187981305594,328,787,568,863,448.0,825.0,341.0
1005,16.746851515151516,328,744,573,814,450.5,779.0,295.0
1006,16.763515048997437,324,700,564,769,444.0,734.5,250.5
1007,16.78017858284336,320,647,566,724,443.0,685.5,201.5
1008,16.79684211668928,314,608,563,683,438.5,645.5,161.5
1009,16.813505650535202,308,576,563,648,435.5,612.0,128.0
1010,16.830169184381123,302,559,563,623,432.5,591.0,107.0
1011,16.846832718227045,298,547,563,612,430.5,579.5,95.5
1012,16.863496252072967,298,549,562,612,430.0,580.5,96.5
1013,16.88015978591889,297,560,560,625,428.5,592.5,108.5
1014,16.896823319764813,303,576,558,648,430.5,612.0,128.0
1015,16.913486853610735,302,605,552,680,427.0,642.5,158.5
1016,16.930150387456656,304,643,552,719,428.0,681.0,197.0
1017,16.946813921302578,306,669,552,760,429.0,714.5,230.5
1018,16.9634774551485,309,736,550,805,429.5,770.5,286.5
1019,16.98014098899442,314,776,554,852,434.0,814.0,330.0
1020,16.996804522840343,318,826,551,904,434.5,865.0,381.0
1021,17.013468056686264,322,885,556,959,439.0,922.0,438.0
1022,17.030131590532186,322,937,555,1011,438.5,974.0,490.0
1023,17.046795124378107,321,994,563,1064,442.0,1029.0,545.0
1024,17.063458658224032,321,1040,568,1104,444.5,1072.0,588.0
1025,17.080122192069954,318,1076,575,1141,446.5,1108.5,624.5
1026,17.096785725915876,318,1098,579,1161,448.5,1129.5,645.5
1027,17.113449259761797,321,1112,581,1172,451.0,1142.0,658.0
1028,17.13011279360772,323,1112,583,1172,453.0,1142.0,658.0
1029,17.14677632745364,327,1101,585,1161,456.0,1131.0,647.0
1030,17.163439861299562,329,1083,584,1146,456.5,1114.5,630.5
1031,17.180103395145483,330,1061,584,1121,457.0,1091.0,607.0
1032,17.196766928991405,335,1030,582,1094,458.5,1062.0,578.0
1033,17.213430462837326,336,981,581,1056,458.5,1018.5,534.5
1034,17.23009399668325,338,934,577,1010,457.5,972.0,488.0
1035,17.246757530529173,338,885,576,958,457.0,921.5,437.5
1036,17.263421064375095,341,828,568,905,454.5,866.5,382.5
1037,17.280084598221016,340,771,574,846,457.0,808.5,324.5
1038,17.296748132066938,337,713,572,793,454.5,753.0,269.0
1039,17.31341166591286,331,665,569,744,450.0,704.5,220.5
1040,17.33007519975878,321,625,575,702,448.0,663.5,179.5
1041,17.346738733604703,317,604,574,671,445.5,637.5,153.5
1042,17.363402267450624,311,585,573,649,442.0,617.0,133.0
1043,17.380065801296546,308,571,571,635,439.5,603.0,119.0
1044,17.39672933514247,304,564,570,628,437.0,596.0,112.0
1045,17.413392868988392,304,563,568,627,436.0,595.0,111.0
1046,17.430056402834314,301,572,566,636,433.5,604.0,120.0
1047,17.446719936680235,302,587,561,654,431.5,620.5,136.5
1048,17.463383470526157,306,613,556,683,431.0,648.0,164.0
1049,17.48004700437208,308,652,555,723,431.5,687.5,203.5
1050,17.496710538218,312,695,554,770,433.0,732.5,248.5
1051,17.51337407206392,317,749,554,824,435.5,786.5,302.5
1052,17.530037605909843,316,806,549,879,432.5,842.5,358.5
1053,17.546701139755765,312,862,552,934,432.0,898.0,414.0
1054,17.563364673601686,318,913,556,984,437.0,948.5,464.5
1055,17.58002820744761,318,962,559,1029,438.5,995.5,511.5
1056,17.596691741293533,315,1002,563,1067,439.0,1034.5,550.5
1057,17.613355275139455,313,1036,568,1102,440.5,1069.0,585.0
1058,17.630018808985376,315,1069,569,1132,442.0,1100.5,616.5
1059,17.646682342831298,314,1092,574,1155,444.0,1123.5,639.5
1060,17.66334587667722,314,1108,576,1169,445.0,1138.5,654.5
1061,17.68000941052314,316,1113,579,1174,447.5,1143.5,659.5
1062,17.696672944369062,318,1106,579,1167,448.5,1136.5,652.5
1063,17.713336478214984,322,1083,579,1149,450.5,1116.0,632.0
1064,17.730000012060906,329,1049,578,1117,453.5,1083.0,599.0
1065,17.74666354590683,333,1002,580,1080,456.5,1041.0,557.0
1066,17.763327079752752,335,962,575,1033,455.0,997.5,513.5
1067,17.779990613598674,338,913,574,984,456.0,948.5,464.5
1068,17.796654147444595,336,863,574,934,455.0,898.5,414.5
1069,17.813317681290517,334,815,576,885,455.0,850.0,366.0
1070,17.82998121513644,332,752,574,837,453.0,794.5,310.5
1071,17.84664474898236,330,709,573,791,451.5,750.0,266.0
1072,17.86330828282828,328,665,574,745,451.0,705.0,221.0
1073,17.879971816674203,324,627,573,702,448.5,664.5,180.5
1074,17.896635350520125,320,596,573,667,446.5,631.5,147.5
1075,17.913298884366046,313,572,575,637,444.0,604.5,120.5
1076,17.92996241821197,311,557,575,622,443.0,589.5,105.5
1077,17.946625952057893,311,555,574,620,442.5,587.5,103.5
1078,17.963289485903815,309,564,571,629,440.0,596.5,112.5
1079,17.979953019749736,306,582,568,648,437.0,615.0,131.0
1080,17.996616553595658,310,608,566,674,438.0,641.0,157.0
1081,18.01328008744158,312,642,560,708,436.0,675.0,191.0
1082,18.0299436212875,310,680,556,748,433.0,714.0,230.0
1083,18.046607155133422,312,716,557,790,434.5,753.0,269.0
1084,18.063270688979344,315,766,556,835,435.5,800.5,316.5
1085,18.079934222825266,319,812,555,886,437.0,849.0,365.0
1086,18.09659775667119,322,858,554,936,438.0,897.0,413.0
1087,18.113261290517112,313,911,553,992,433.0,951.5,467.5
1088,18.129924824363034,318,966,556,1041,437.0,1003.5,519.5
1089,18.146588358208955,314,1017,560,1085,437.0,1051.0,567.0
1090,18.163251892054877,314,1054,566,1122,440.0,1088.0,604.0
1091,18.1799154259008,312,1083,569,1146,440.5,1114.5,630.5
1092,18.19657895974672,312,1099,572,1160,442.0,1129.5,645.5
1093,18.21324249359264,314,1102,572,1165,443.0,1133.5,649.5
1094,18.229906027438563,315,1097,575,1160,445.0,1128.5,644.5
1095,18.246569561284485,319,1084,574,1146,446.5,1115.0,631.0
1096,18.26323309513041,320,1064,576,1128,448.0,1096.0,612.0
1097,18.27989662897633,321,1037,576,1101,448.5,1069.0,585.0
1098,18.296560162822253,322,1002,574,1068,448.0,1035.0,551.0
1099,18.313223696668175,330,961,574,1027,452.0,994.0,510.0
1100,18.329887230514096,336,905,570,978,453.0,941.5,457.5
1101,18.346550764360018,339,848,568,924,453.5,886.0,402.0
1102,18.36321429820594,338,789,574,868,456.0,828.5,344.5
1103,18.37987783205186,332,733,576,814,454.0,773.5,289.5
1104,18.396541365897782,332,688,575,764,453.5,726.0,242.0
1105,18.413204899743704,326,647,572,724,449.0,685.5,201.5
1106,18.429868433589625,324,625,578,688,451.0,656.5,172.5
1107,18.44653196743555,317,600,577,665,447.0,632.5,148.5
1108,18.463195501281472,315,583,578,648,446.5,615.5,131.5
1109,18.479859035127394,312,573,576,637,444.0,605.0,121.0
1110,18.496522568973315,312,569,576,633,444.0,601.0,117.0
1111,18.513186102819237,311,572,575,637,443.0,604.5,120.5
1112,18.52984963666516,312,586,573,651,442.5,618.5,134.5
1113,18.54651317051108,312,598,569,677,440.5,637.5,153.5
1114,18.563176704357,320,641,562,712,441.0,676.5,192.5
1115,18.579840238202923,319,684,560,754,439.5,719.0,235.0
1116,18.596503772048845,323,711,562,806,442.5,758.5,274.5
1117,18.61316730589477,324,762,557,858,440.5,810.0,326.0
1118,18.62983083974069,318,816,558,915,438.0,865.5,381.5
1119,18.646494373586613,314,869,560,961,437.0,915.0,431.0
1120,18.663157907432534,315,939,561,1006,438.0,972.5,488.5
1121,18.679821441278456,312,981,563,1046,437.5,1013.5,529.5
1122,18.696484975124378,312,1018,562,1082,437.0,1050.0,566.0
1123,18.7131485089703,312,1052,567,1115,439.5,1083.5,599.5
1124,18.72981204281622,309,1080,567,1143,438.0,1111.5,627.5
1125,18.746475576662142,309,1098,570,1160,439.5,1129.0,645.0
1126,18.763139110508064,309,1108,570,1167,439.5,1137.5,653.5
1127,18.779802644353985,308,1105,570,1165,439.0,1135.0,651.0
1128,18.79646617819991,310,1088,573,1150,441.5,1119.0,635.0
1129,18.813129712045832,319,1059,567,1123,443.0,1091.0,607.0
1130,18.829793245891754,324,1016,569,1085,446.5,1050.5,566.5
1131,18.846456779737675,325,977,566,1044,445.5,1010.5,526.5
1132,18.863120313583597,323,929,566,999,444.5,964.0,480.0
1133,18.87978384742952,324,880,571,954,447.5,917.0,433.0
1134,18.89644738127544,326,831,568,907,447.0,869.0,385.0
1135,18.91311091512136,325,783,568,859,446.5,821.0,337.0
1136,18.929774448967283,324,735,570,813,447.0,774.0,290.0
1137,18.946437982813205,326,688,574,766,450.0,727.0,243.0
1138,18.96310151665913,323,649,574,726,448.5,687.5,203.5
1139,18.97976505050505,324,615,575,686,449.5,650.5,166.5
1140,18.996428584350973,319,583,578,653,448.5,618.0,134.0
1141,19.013092118196894,317,570,579,634,448.0,602.0,118.0
1142,19.029755652042816,317,563,580,628,448.5,595.5,111.5
1143,19.046419185888738,316,569,579,633,447.5,601.0,117.0
1144,19.06308271973466,317,584,577,649,447.0,616.5,132.5
1145,19.07974625358058,317,604,577,671,447.0,637.5,153.5
1146,19.096409787426502,317,632,571,700,444.0,666.0,182.0
1147,19.113073321272424,321,669,570,736,445.5,702.5,218.5
1148,19.12973685511835,322,703,568,775,445.0,739.0,255.0
1149,19.14640038896427,322,743,564,818,443.0,780.5,296.5
1150,19.163063922810192,322,788,561,866,441.5,827.0,343.0
1151,19.179727456656114,323,839,559,916,441.0,877.5,393.5
1152,19.196390990502035,327,889,558,969,442.5,929.0,445.0
1153,19.213054524347957,324,940,561,1020,442.5,980.0,496.0
1154,19.22971805819388,320,999,562,1065,441.0,1032.0,548.0
1155,19.2463815920398,313,1037,562,1104,437.5,1070.5,586.5
1156,19.26304512588572,311,1067,569,1130,440.0,1098.5,614.5
1157,19.279708659731643,309,1084,569,1146,439.0,1115.0,631.0
1158,19.296372193577565,308,1094,569,1154,438.5,1124.0,640.0
1159,19.31303572742349,309,1094,569,1154,439.0,1124.0,640.0
1160,19.32969926126941,309,1082,569,1145,439.0,1113.5,629.5
1161,19.346362795115333,310,1066,568,1129,439.0,1097.5,613.5
1162,19.363026328961254,308,1044,566,1108,437.0,1076.0,592.0
1163,19.379689862807176,313,1013,568,1078,440.5,1045.5,561.5
1164,19.396353396653097,319,972,562,1040,440.5,1006.0,522.0
1165,19.41301693049902,322,924,563,995,442.5,959.5,475.5
1166,19.42968046434494,328,862,566,942,447.0,902.0,418.0
1167,19.446343998190862,324,809,562,890,443.0,849.5,365.5
1168,19.463007532036784,326,762,564,837,445.0,799.5,315.5
1169,19.47967106588271,322,718,568,791,445.0,754.5,270.5
1170,19.49633459972863,319,672,570,745,444.5,708.5,224.5
1171,19.512998133574552,317,640,573,709,445.0,674.5,190.5
1172,19.529661667420473,314,616,575,682,444.5,649.0,165.0
1173,19.546325201266395,313,598,576,662,444.5,630.0,146.0
1174,19.562988735112317,313,585,577,650,445.0,617.5,133.5
1175,19.579652268958238,313,577,577,641,445.0,609.0,125.0
1176,19.59631580280416,313,576,577,641,445.0,608.5,124.5
1177,19.61297933665008,315,585,578,651,446.5,618.0,134.0
1178,19.629642870496003,318,603,576,670,447.0,636.5,152.5
1179,19.646306404341928,321,631,574,703,447.5,667.0,183.0
1180,19.66296993818785,326,667,572,745,449.0,706.0,222.0
1181,19.67963347203377,330,714,574,793,452.0,753.5,269.5
1182,19.696297005879693,329,767,566,842,447.5,804.5,320.5
1183,19.712960539725614,331,816,569,893,450.0,854.5,370.5
1184,19.729624073571536,328,873,570,940,449.0,906.5,422.5
1185,19.746287607417457,328,921,573,986,450.5,953.5,469.5
1186,19.76295114126338,323,960,572,1026,447.5,993.0,509.0
1187,19.7796146751093,320,999,570,1064,445.0,1031.5,547.5
1188,19.796278208955222,318,1032,571,1097,444.5,1064.5,580.5
1189,19.812941742801144,315,1064,572,1127,443.5,1095.5,611.5
1190,19.82960527664707,312,1086,572,1147,442.0,1116.5,632.5
1191,19.84626881049299,310,1099,572,1160,441.0,1129.5,645.5
1192,19.862932344338912,310,1098,572,1160,441.0,1129.0,645.0
1193,19.879595878184833,308,1086,570,1150,439.0,1118.0,634.0
1194,19.896259412030755,311,1061,567,1127,439.0,1094.0,610.0
1195,19.912922945876677,315,1029,562,1093,438.5,1061.0,577.0
1196,19.929586479722598,312,992,564,1055,438.0,1023.5,539.5
1197,19.94625001356852,317,940,562,1013,439.5,976.5,492.5
1198,19.96291354741444,318,895,561,969,439.5,932.0,448.0
1199,19.979577081260363,320,847,560,925,440.0,886.0,402.0
1200,19.996240615106288,316,806,560,882,438.0,844.0,360.0
1201,20.01290414895221,320,762,558,831,439.0,796.5,312.5
1202,20.02956768279813,324,715,560,787,442.0,751.0,267.0
1203,20.046231216644053,320,673,567,741,443.5,707.0,223.0
1204,20.062894750489974,317,632,567,702,442.0,667.0,183.0
1205,20.079558284335896,315,598,571,670,443.0,634.0,150.0
1206,20.096221818181817,313,583,575,649,444.0,616.0,132.0
1207,20.11288535202774,312,574,576,637,444.0,605.5,121.5
1208,20.12954888587366,311,575,575,638,443.0,606.5,122.5
1209,20.146212419719582,314,584,576,650,445.0,617.0,133.0
1210,20.162875953565504,318,603,576,670,447.0,636.5,152.5
1211,20.17953948741143,320,625,578,695,449.0,660.0,176.0
1212,20.19620302125735,322,654,576,726,449.0,690.0,206.0
1213,20.212866555103272,325,689,576,760,450.5,724.5,240.5
1214,20.229530088949193,327,730,575,800,451.0,765.0,281.0
1215,20.246193622795115,332,772,573,847,452.5,809.5,325.5
1216,20.262857156641036,333,818,575,895,454.0,856.5,372.5
1217,20.279520690486958,336,870,573,947,454.5,908.5,424.5
1218,20.29618422433288,327,919,575,998,451.0,958.5,474.5
1219,20.3128477581788,328,972,574,1044,451.0,1008.0,524.0
1220,20.329511292024723,322,1021,576,1084,449.0,1052.5,568.5
1221,20.346174825870648,320,1051,578,1115,449.0,1083.0,599.0
1222,20.36283835971657,314,1071,576,1134,445.0,1102.5,618.5
1223,20.37950189356249,314,1082,575,1144,444.5,1113.0,629.0
1224,20.396165427408413,313,1085,575,1146,444.0,1115.5,631.5
1225,20.412828961254334,311,1080,572,1142,441.5,1111.0,627.0
1226,20.429492495100256,310,1070,572,1130,441.0,1100.0,616.0
1227,20.446156028946177,310,1050,569,1112,439.5,1081.0,597.0
1228,20.4628195627921,308,1023,567,1086,437.5,1054.5,570.5
1229,20.47948309663802,314,985,561,1052,437.5,1018.5,534.5
1230,20.496146630483942,314,933,557,1010,435.5,971.5,487.5
1231,20.512810164329867,319,884,556,961,437.5,922.5,438.5
1232,20.52947369817579,315,831,554,909,434.5,870.0,386.0
1233,20.54613723202171,314,766,554,858,434.0,812.0,328.0
1234,20.56280076586763,310,733,558,809,434.0,771.0,287.0
1235,20.579464299713553,308,683,560,766,434.0,724.5,240.5
1236,20.596127833559475,306,657,562,730,434.0,693.5,209.5
1237,20.612791367405396,307,632,565,700,436.0,666.0,182.0
1238,20.629454901251318,305,611,567,676,436.0,643.5,159.5
1239,20.64611843509724,306,596,571,660,438.5,628.0,144.0
1240,20.66278196894316,306,586,572,650,439.0,618.0,134.0
1241,20.679445502789083,308,583,573,647,440.5,615.0,131.0
1242,20.696109036635008,310,587,575,652,442.5,619.5,135.5
1243,20.71277257048093,316,601,576,668,446.0,634.5,150.5
1244,20.72943610432685,326,628,575,696,450.5,662.0,178.0
1245,20.746099638172772,329,663,574,734,451.5,698.5,214.5
1246,20.762763172018694,329,703,573,778,451.0,740.5,256.5
1247,20.779426705864616,333,746,571,825,452.0,785.5,301.5
1248,20.796090239710537,334,796,574,874,454.0,835.0,351.0
1249,20.81275377355646,336,842,578,921,457.0,881.5,397.5
1250,20.82941730740238,331,897,578,965,454.5,931.0,447.0
1251,20.846080841248302,331,941,579,1007,455.0,974.0,490.0
1252,20.862744375094227,332,980,580,1044,456.0,1012.0,528.0
1253,20.87940790894015,330,1014,582,1079,456.0,1046.5,562.5
1254,20.89607144278607,325,1046,579,1110,452.0,1078.0,594.0
1255,20.91273497663199,321,1072,581,1135,451.0,1103.5,619.5
1256,20.929398510477913,319,1089,580,1150,449.5,1119.5,635.5
1257,20.946062044323835,319,1093,579,1153,449.0,1123.0,639.0
1258,20.962725578169756,315,1084,576,1146,445.5,1115.0,631.0
1259,20.979389112015678,315,1064,574,1127,444.5,1095.5,611.5
1260,20.9960526458616,318,1034,570,1099,444.0,1066.5,582.5
1261,21.01271617970752,316,999,565,1066,440.5,1032.5,548.5
1262,21.029379713553443,317,951,563,1026,440.0,988.5,504.5
1263,21.046043247399368,314,910,562,984,438.0,947.0,463.0
1264,21.06270678124529,312,869,561,942,436.5,905.5,421.5
1265,21.07937031509121,314,822,558,900,436.0,861.0,377.0
1266,21.096033848937132,315,775,558,855,436.5,815.0,331.0
1267,21.112697382783054,310,732,558,810,434.0,771.0,287.0
1268,21.129360916628976,307,688,560,761,433.5,724.5,240.5
1269,21.146024450474897,306,650,561,722,433.5,686.0,202.0
1270,21.16268798432082,304,617,562,687,433.0,652.0,168.0
1271,21.17935151816674,301,598,564,663,432.5,630.5,146.5
1272,21.196015052012662,302,585,566,650,434.0,617.5,133.5
1273,21.212678585858587,301,583,566,646,433.5,614.5,130.5
1274,21.22934211970451,306,590,568,654,437.0,622.0,138.0
1275,21.24600565355043,309,604,568,670,438.5,637.0,153.0
1276,21.26266918739635,313,623,571,691,442.0,657.0,173.0
1277,21.279332721242273,316,651,570,718,443.0,684.5,200.5
1278,21.295996255088195,318,682,572,749,445.0,715.5,231.5
1279,21.312659788934116,323,716,573,786,448.0,751.0,267.0
1280,21.329323322780038,326,760,572,829,449.0,794.5,310.5
1281,21.34598685662596,329,807,572,877,450.5,842.0,358.0
1282,21.36265039047188,334,856,574,928,454.0,892.0,408.0
1283,21.379313924317806,333,905,576,976,454.5,940.5,456.5
1284,21.395977458163728,337,949,578,1023,457.5,986.0,502.0
1285,21.41264099200965,331,1000,582,1064,456.5,1032.0,548.0
1286,21.42930452585557,327,1032,584,1096,455.5,1064.0,580.0
1287,21.445968059701492,324,1056,585,1118,454.5,1087.0,603.0
1288,21.462631593547414,323,1069,585,1131,454.0,1100.0,616.0
1289,21.479295127393335,321,1076,583,1137,452.0,1106.5,622.5
1290,21.495958661239257,321,1075,583,1135,452.0,1105.0,621.0
1291,21.51262219508518,317,1068,581,1128,449.0,1098.0,614.0
1292,21.5292857289311,317,1053,576,1113,446.5,1083.0,599.0
1293,21.54594926277702,318,1030,572,1091,445.0,1060.5,576.5
1294,21.562612796622947,318,998,569,1061,443.5,1029.5,545.5
1295,21.57927633046887,320,958,562,1022,441.0,990.0,506.0
1296,21.59593986431479,318,905,560,979,439.0,942.0,458.0
1297,21.61260339816071,315,848,556,925,435.5,886.5,402.5
1298,21.629266932006633,316,796,552,874,434.0,835.0,351.0
1299,21.645930465852555,312,751,555,826,433.5,788.5,304.5
1300,21.662593999698476,310,710,555,784,432.5,747.0,263.0
1301,21.679257533544398,304,677,558,748,431.0,712.5,228.5
1302,21.69592106739032,298,652,558,717,428.0,684.5,200.5
1303,21.71258460123624,298,627,559,692,428.5,659.5,175.5
1304,21.729248135082166,299,608,562,673,430.5,640.5,156.5
1305,21.745911668928088,299,596,562,659,430.5,627.5,143.5
1306,21.76257520277401,300,589,563,654,431.5,621.5,137.5
1307,21.77923873661993,302,591,564,655,433.0,623.0,139.0
1308,21.795902270465852,306,602,566,666,436.0,634.0,150.0
1309,21.812565804311774,310,623,566,691,438.0,657.0,173.0
1310,21.829229338157695,318,654,565,724,441.5,689.0,205.0
1311,21.845892872003617,322,692,564,766,443.0,729.0,245.0
1312,21.86255640584954,324,735,568,813,446.0,774.0,290.0
1313,21.87921993969546,326,783,569,856,447.5,819.5,335.5
1314,21.89588347354138,327,828,570,903,448.5,865.5,381.5
1315,21.912547007387307,328,873,577,946,452.5,909.5,425.5
1316,21.92921054123323,332,912,581,986,456.5,949.0,465.0
1317,21.94587407507915,335,957,584,1024,459.5,990.5,506.5
1318,21.96253760892507,334,996,584,1061,459.0,1028.5,544.5
1319,21.979201142770993,332,1030,586,1092,459.0,1061.0,577.0
1320,21.995864676616915,328,1055,586,1120,457.0,1087.5,603.5
1321,22.012528210462836,324,1077,588,1138,456.0,1107.5,623.5
1322,22.029191744308758,322,1086,586,1146,454.0,1116.0,632.0
1323,22.04585527815468,321,1080,586,1142,453.5,1111.0,627.0
1324,22.0625188120006,322,1062,583,1127,452.5,1094.5,610.5
1325,22.079182345846526,323,1040,579,1102,451.0,1071.0,587.0
1326,22.095845879692448,323,1008,576,1072,449.5,1040.0,556.0
1327,22.11250941353837,325,969,573,1036,449.0,1002.5,518.5
1328,22.12917294738429,321,931,570,998,445.5,964.5,480.5
1329,22.145836481230212,318,892,568,957,443.0,924.5,440.5
1330,22.162500015076134,316,849,562,915,439.0,882.0,398.0
1331,22.179163548922055,316,806,559,872,437.5,839.0,355.0
1332,22.195827082767977,312,750,558,828,435.0,789.0,305.0
1333,22.2124906166139,308,712,555,782,431.5,747.0,263.0
1334,22.22915415045982,310,670,559,738,434.5,704.0,220.0
1335,22.245817684305745,302,628,558,704,430.0,666.0,182.0
1336,22.262481218151667,296,612,558,677,427.0,644.5,160.5
1337,22.27914475199759,296,597,559,662,427.5,629.5,145.5
1338,22.29580828584351,296,591,560,656,428.0,623.5,139.5
1339,22.31247181968943,297,593,560,659,428.5,626.0,142.0
1340,22.329135353535353,298,606,562,671,430.0,638.5,154.5
1341,22.345798887381275,302,623,562,690,432.0,656.5,172.5
1342,22.362462421227196,305,649,565,713,435.0,681.0,197.0
1343,22.379125955073118,310,674,565,742,437.5,708.0,224.0
1344,22.39578948891904,317,702,567,774,442.0,738.0,254.0
1345,22.41245302276496,322,741,568,814,445.0,777.5,293.5
1346,22.429116556610886,326,783,568,859,447.0,821.0,337.0
1347,22.445780090456807,331,830,569,909,450.0,869.5,385.5
1348,22.46244362430273,332,889,568,958,450.0,923.5,439.5
1349,22.47910715814865,330,937,573,1004,451.5,970.5,486.5
1350,22.495770691994572,329,981,579,1048,454.0,1014.5,530.5
1351,22.512434225840494,328,1014,583,1078,455.5,1046.0,562.0
1352,22.529097759686415,327,1042,586,1102,456.5,1072.0,588.0
1353,22.545761293532337,328,1057,588,1118,458.0,1087.5,603.5
1354,22.56242482737826,328,1066,588,1128,458.0,1097.0,613.0
1355,22.57908836122418,329,1067,589,1130,459.0,1098.5,614.5
1356,22.595751895070105,329,1065,586,1126,457.5,1095.5,611.5
1357,22.612415428916027,328,1054,586,1116,457.0,1085.0,601.0
1358,22.629078962761948,325,1033,584,1097,454.5,1065.0,581.0
1359,22.64574249660787,326,1002,580,1068,453.0,1035.0,551.0
1360,22.66240603045379,328,967,576,1036,452.0,1001.5,517.5
1361,22.679069564299713,326,923,568,990,447.0,956.5,472.5
1362,22.695733098145634,326,872,565,942,445.5,907.0,423.0
1363,22.712396631991556,328,822,562,894,445.0,858.0,374.0
1364,22.729060165837478,322,773,565,846,443.5,809.5,325.5
1365,22.7457236996834,313,730,561,803,437.0,766.5,282.5
1366,22.762387233529324,306,696,563,767,434.5,731.5,247.5
1367,22.779050767375246,306,669,562,735,434.0,702.0,218.0
1368,22.795714301221167,301,644,560,708,430.5,676.0,192.0
1369,22.81237783506709,300,622,562,687,431.0,654.5,170.5
1370,22.82904136891301,298,606,561,670,429.5,638.0,154.0
1371,22.845704902758932,298,597,560,661,429.0,629.0,145.0
1372,22.862368436604854,298,596,561,660,429.5,628.0,144.0
1373,22.879031970450775,297,605,562,668,429.5,636.5,152.5
1374,22.895695504296697,300,620,559,688,429.5,654.0,170.0
1375,22.91235903814262,304,642,559,716,431.5,679.0,195.0
1376,22.92902257198854,310,679,557,755,433.5,717.0,233.0
1377,22.945686105834465,310,721,562,798,436.0,759.5,275.5
1378,22.962349639680387,314,768,561,843,437.5,805.5,321.5
1379,22.979013173526308,319,814,560,886,439.5,850.0,366.0
1380,22.99567670737223,320,853,567,926,443.5,889.5,405.5
1381,23.01234024121815,324,902,572,968,448.0,935.0,451.0
1382,23.029003775064073,324,930,574,1006,449.0,968.0,484.0
1383,23.045667308909994,325,978,576,1043,450.5,1010.5,526.5
1384,23.062330842755916,328,1013,579,1076,453.5,1044.5,560.5
1385,23.078994376601838,325,1042,584,1106,454.5,1074.0,590.0
1386,23.09565791044776,327,1064,586,1125,456.5,1094.5,610.5
1387,23.112321444293684,325,1076,587,1137,456.0,1106.5,622.5
1388,23.128984978139606,325,1075,588,1136,456.5,1105.5,621.5
1389,23.145648511985527,326,1064,587,1124,456.5,1094.0,610.0
1390,23.16231204583145,328,1042,584,1104,456.0,1073.0,589.0
1391,23.17897557967737,328,1010,583,1076,455.5,1043.0,559.0
1392,23.195639113523292,332,979,581,1044,456.5,1011.5,527.5
1393,23.212302647369214,325,943,579,1009,452.0,976.0,492.0
1394,23.228966181215135,325,906,573,972,449.0,939.0,455.0
1395,23.245629715061057,326,854,574,932,450.0,893.0,409.0
1396,23.26229324890698,326,810,568,889,447.0,849.5,365.5
1397,23.2789567827529,322,772,564,846,443.0,809.0,325.0
1398,23.295620316598825,320,729,563,801,441.5,765.0,281.0
1399,23.312283850444746,312,689,562,759,437.0,724.0,240.0
1400,23.328947384290668,312,646,565,720,438.5,683.0,199.0
1401,23.34561091813659,305,621,563,692,434.0,656.5,172.5
1402,23.36227445198251,300,609,563,673,431.5,641.0,157.0
1403,23.378937985828433,297,602,562,666,429.5,634.0,150.0
1404,23.395601519674354,296,602,561,666,428.5,634.0,150.0
1405,23.412265053520276,297,610,561,674,429.0,642.0,158.0
1406,23.428928587366197,299,624,562,689,430.5,656.5,172.5
1407,23.44559212121212,300,642,559,709,429.5,675.5,191.5
1408,23.462255655058044,303,666,561,734,432.0,700.0,216.0
1409,23.478919188903966,306,691,562,765,434.0,728.0,244.0
1410,23.495582722749887,312,727,557,801,434.5,764.0,280.0
1411,23.51224625659581,312,768,560,845,436.0,806.5,322.5
1412,23.52890979044173,321,818,558,893,439.5,855.5,371.5
1413,23.545573324287652,321,864,560,940,440.5,902.0,418.0
1414,23.562236858133573,323,913,567,986,445.0,949.5,465.5
1415,23.578900391979495,320,957,572,1025,446.0,991.0,507.0
1416,23.595563925825417,321,996,575,1060,448.0,1028.0,544.0
1417,23.612227459671338,322,1023,580,1086,451.0,1054.5,570.5
1418,23.628890993517263,322,1044,582,1105,452.0,1074.5,590.5
1419,23.645554527363185,325,1053,584,1117,454.5,1085.0,601.0
1420,23.662218061209106,326,1059,586,1122,456.0,1090.5,606.5
1421,23.678881595055028,327,1060,586,1121,456.5,1090.5,606.5
1422,23.69554512890095,328,1053,586,1114,457.0,1083.5,599.5
1423,23.71220866274687,328,1038,586,1100,457.0,1069.0,585.0
1424,23.728872196592793,328,1014,584,1074,456.0,1044.0,560.0
1425,23.745535730438714,330,976,583,1042,456.5,1009.0,525.0
1426,23.762199264284636,334,930,577,1003,455.5,966.5,482.5
1427,23.778862798130557,332,890,576,958,454.0,924.0,440.0
1428,23.79552633197648,332,835,575,910,453.5,872.5,388.5
1429,23.812189865822404,328,788,571,864,449.5,826.0,342.0
1430,23.828853399668326,322,746,571,823,446.5,784.5,300.5
1431,23.845516933514247,318,714,571,784,444.5,749.0,265.0
1432,23.86218046736017,314,683,569,752,441.5,717.5,233.5
1433,23.87884400120609,310,660,568,725,439.0,692.5,208.5
1434,23.895507535052012,304,636,568,702,436.0,669.0,185.0
1435,23.912171068897933,304,615,567,682,435.5,648.5,164.5
1436,23.928834602743855,301,604,565,669,433.0,636.5,152.5
1437,23.945498136589777,300,600,564,666,432.0,633.0,149.0
1438,23.962161670435698,298,608,562,670,430.0,639.0,155.0
1439,23.978825204281623,299,623,562,688,430.5,655.5,171.5
1440,23.995488738127545,302,645,560,712,431.0,678.5,194.5
1441,24.012152271973466,302,679,556,746,429.0,712.5,228.5
1442,24.028815805819388,304,712,554,787,429.0,749.5,265.5
1443,24.04547933966531,311,756,556,828,433.5,792.0,308.0
1444,24.06214287351123,312,796,561,870,436.5,833.0,349.0
1445,24.078806407357153,314,840,562,910,438.0,875.0,391.0
1446,24.095469941203074,316,882,560,951,438.0,916.5,432.5
1447,24.112133475048996,316,918,566,987,441.0,952.5,468.5
1448,24.128797008894917,319,956,568,1026,443.5,991.0,507.0
1449,24.14546054274084,318,995,572,1060,445.0,1027.5,543.5
1450,24.162124076586764,318,1027,576,1089,447.0,1058.0,574.0
1451,24.178787610432686,316,1049,578,1112,447.0,1080.5,596.5
1452,24.195451144278607,318,1065,581,1126,449.5,1095.5,611.5
1453,24.21211467812453,321,1070,583,1130,452.0,1100.0,616.0
1454,24.22877821197045,322,1059,583,1122,452.5,1090.5,606.5
1455,24.245441745816372,325,1041,584,1104,454.5,1072.5,588.5
1456,24.262105279662293,328,1015,583,1080,455.5,1047.5,563.5
1457,24.278768813508215,328,986,580,1050,454.0,1018.0,534.0
1458,24.295432347354136,327,954,583,1020,455.0,987.0,503.0
1459,24.312095881200058,328,919,579,984,453.5,951.5,467.5
1460,24.328759415045983,329,871,575,947,452.0,909.0,425.0
1461,24.345422948891905,328,831,574,906,451.0,868.5,384.5
1462,24.362086482737826,330,795,574,864,452.0,829.5,345.5
1463,24.378750016583748,329,746,569,822,449.0,784.0,300.0
1464,24.39541355042967,324,699,571,780,447.5,739.5,255.5
1465,24.41207708427559,321,670,574,738,447.5,704.0,220.0
1466,24.428740618121513,318,640,574,706,446.0,673.0,189.0
1467,24.445404151967434,309,622,572,686,440.5,654.0,170.0
1468,24.462067685813356,307,611,569,676,438.0,643.5,159.5
1469,24.478731219659277,305,610,568,674,436.5,642.0,158.0
1470,24.495394753505202,305,615,569,678,437.0,646.5,162.5
1471,24.512058287351124,303,625,567,689,435.0,657.0,173.0
1472,24.528721821197045,304,640,565,706,434.5,673.0,189.0
1473,24.545385355042967,304,661,562,728,433.0,694.5,210.5
1474,24.56204888888889,306,689,560,756,433.0,722.5,238.5
1475,24.57871242273481,311,722,560,790,435.5,756.0,272.0
1476,24.59537595658073,311,754,559,830,435.0,792.0,308.0
1477,24.612039490426653,313,799,558,874,435.5,836.5,352.5
1478,24.628703024272575,316,849,557,924,436.5,886.5,402.5
1479,24.645366558118496,318,896,559,968,438.5,932.0,448.0
1480,24.662030091964418,314,933,566,1008,440.0,970.5,486.5
1481,24.678693625810343,313,977,566,1044,439.5,1010.5,526.5
1482,24.695357159656265,312,1007,569,1070,440.5,1038.5,554.5
1483,24.712020693502186,314,1029,572,1091,443.0,1060.0,576.0
1484,24.728684227348108,314,1042,575,1106,444.5,1074.0,590.0
1485,24.74534776119403,316,1052,578,1112,447.0,1082.0,598.0
1486,24.76201129503995,317,1054,578,1115,447.5,1084.5,600.5
1487,24.778674828885872,317,1048,579,1112,448.0,1080.0,596.0
1488,24.795338362731794,319,1037,580,1100,449.5,1068.5,584.5
1489,24.812001896577716,321,1015,580,1080,450.5,1047.5,563.5
1490,24.828665430423637,328,984,577,1050,452.5,1017.0,533.0
1491,24.845328964269562,328,944,575,1014,451.5,979.0,495.0
1492,24.861992498115484,329,893,574,969,451.5,931.0,447.0
1493,24.878656031961405,334,856,572,924,453.0,890.0,406.0
1494,24.895319565807327,328,807,573,880,450.5,843.5,359.5
1495,24.91198309965325,325,763,575,840,450.0,801.5,317.5
1496,24.92864663349917,322,736,576,802,449.0,769.0,285.0
1497,24.94531016734509,322,701,576,769,449.0,735.0,251.0
1498,24.961973701191013,316,675,575,740,445.5,707.5,223.5
1499,24.978637235036935,312,650,574,715,443.0,682.5,198.5
1500,24.995300768882856,310,630,573,693,441.5,661.5,177.5
1501,25.01196430272878,307,614,572,678,439.5,646.0,162.0
1502,25.028627836574703,306,607,572,671,439.0,639.0,155.0
1503,25.045291370420625,307,609,571,674,439.0,641.5,157.5
1504,25.061954904266546,306,621,569,686,437.5,653.5,169.5
1505,25.078618438112468,307,639,568,710,437.5,674.5,190.5
1506,25.09528197195839,312,668,567,740,439.5,704.0,220.0
1507,25.11194550580431,312,706,560,776,436.0,741.0,257.0
1508,25.128609039650232,308,746,560,814,434.0,780.0,296.0
1509,25.145272573496154,312,789,560,853,436.0,821.0,337.0
1510,25.161936107342076,312,824,562,894,437.0,859.0,375.0
1511,25.178599641187997,311,864,564,934,437.5,899.0,415.0
1512,25.195263175033922,310,903,560,968,435.0,935.5,451.5
1513,25.211926708879844,313,940,567,1006,440.0,973.0,489.0
1514,25.228590242725765,314,977,564,1042,439.0,1009.5,525.5
1515,25.245253776571687,314,1012,566,1074,440.0,1043.0,559.0
1516,25.26191731041761,312,1038,570,1100,441.0,1069.0,585.0
1517,25.27858084426353,312,1054,573,1117,442.5,1085.5,601.5
1518,25.29524437810945,313,1060,574,1121,443.5,1090.5,606.5
1519,25.311907911955373,315,1056,575,1118,445.0,1087.0,603.0
1520,25.328571445801295,315,1042,576,1104,445.5,1073.0,589.0
1521,25.345234979647216,319,1020,575,1084,447.0,1052.0,568.0
1522,25.36189851349314,322,994,576,1056,449.0,1025.0,541.0
1523,25.378562047339063,321,964,574,1027,447.5,995.5,511.5
1524,25.395225581184985,323,931,576,996,449.5,963.5,479.5
1525,25.411889115030906,327,889,577,960,452.0,924.5,440.5
1526,25.428552648876828,329,846,575,922,452.0,884.0,400.0
1527,25.44521618272275,327,812,574,880,450.5,846.0,362.0
1528,25.46187971656867,328,758,575,836,451.5,797.0,313.0
1529,25.478543250414592,326,717,575,795,450.5,756.0,272.0
1530,25.495206784260514,322,686,574,754,448.0,720.0,236.0
1531,25.511870318106435,319,656,576,722,447.5,689.0,205.0
1532,25.528533851952357,314,635,575,700,444.5,667.5,183.5
1533,25.545197385798282,313,623,576,686,444.5,654.5,170.5
1534,25.561860919644204,312,618,576,682,444.0,650.0,166.0
1535,25.578524453490125,311,620,575,684,443.0,652.0,168.0
1536,25.595187987336047,310,626,574,691,442.0,658.5,174.5
1537,25.61185152118197,309,642,572,705,440.5,673.5,189.5
1538,25.62851505502789,310,659,571,722,440.5,690.5,206.5
1539,25.64517858887381,311,684,568,748,439.5,716.0,232.0
1540,25.661842122719733,314,713,569,780,441.5,746.5,262.5
1541,25.678505656565655,315,743,568,817,441.5,780.0,296.0
1542,25.695169190411576,315,785,566,859,440.5,822.0,338.0
1543,25.7118327242575,318,831,565,905,441.5,868.0,384.0
1544,25.728496258103423,317,881,562,951,439.5,916.0,432.0
1545,25.745159791949344,313,924,564,992,438.5,958.0,474.0
1546,25.761823325795266,312,962,566,1026,439.0,994.0,510.0
1547,25.778486859641188,311,990,567,1055,439.0,1022.5,538.5
1548,25.79515039348711,310,1014,568,1079,439.0,1046.5,562.5
1549,25.81181392733303,309,1030,570,1093,439.5,1061.5,577.5
1550,25.828477461178952,310,1042,571,1104,440.5,1073.0,589.0
1551,25.845140995024874,310,1048,572,1110,441.0,1079.0,595.0
1552,25.861804528870795,310,1047,573,1108,441.5,1077.5,593.5
1553,25.87846806271672,310,1039,574,1100,442.0,1069.5,585.5
1554,25.895131596562642,311,1019,573,1082,442.0,1050.5,566.5
1555,25.911795130408564,318,993,573,1056,445.5,1024.5,540.5
1556,25.928458664254485,322,960,572,1023,447.0,991.5,507.5
1557,25.945122198100407,325,918,568,983,446.5,950.5,466.5
1558,25.96178573194633,325,874,567,940,446.0,907.0,423.0
1559,25.97844926579225,323,826,571,898,447.0,862.0,378.0
1560,25.99511279963817,322,785,575,859,448.5,822.0,338.0
1561,26.011776333484093,320,753,573,819,446.5,786.0,302.0
1562,26.028439867330015,319,720,574,785,446.5,752.5,268.5
1563,26.045103401175936,318,689,574,756,446.0,722.5,238.5
1564,26.06176693502186,318,664,576,729,447.0,696.5,212.5
1565,26.078430468867783,314,640,576,706,445.0,673.0,189.0
1566,26.095094002713704,314,625,578,690,446.0,657.5,173.5
1567,26.111757536559626,313,615,576,680,444.5,647.5,163.5
1568,26.128421070405548,313,615,576,679,444.5,647.0,163.0
1569,26.14508460425147,313,622,575,688,444.0,655.0,171.0
1570,26.16174813809739,316,641,575,706,445.5,673.5,189.5
1571,26.178411671943312,316,668,575,735,445.5,701.5,217.5
1572,26.195075205789234,318,696,573,768,445.5,732.0,248.0
1573,26.211738739635155,319,734,570,804,444.5,769.0,285.0
1574,26.22840227348108,316,774,570,842,443.0,808.0,324.0
1575,26.245065807327002,318,811,569,881,443.5,846.0,362.0
1576,26.261729341172924,318,841,568,916,443.0,878.5,394.5
1577,26.278392875018845,320,879,565,954,442.5,916.5,432.5
1578,26.295056408864767,318,915,570,990,444.0,952.5,468.5
1579,26.31171994271069,320,961,568,1026,444.0,993.5,509.5
1580,26.32838347655661,317,997,569,1061,443.0,1029.0,545.0
1581,26.34504701040253,312,1024,570,1086,441.0,1055.0,571.0
1582,26.361710544248453,310,1043,570,1104,440.0,1073.5,589.5
1583,26.378374078094375,310,1053,571,1112,440.5,1082.5,598.5
1584,26.395037611940296,310,1051,571,1112,440.5,1081.5,597.5
1585,26.41170114578622,311,1040,571,1102,441.0,1071.0,587.0
1586,26.428364679632143,312,1021,573,1084,442.5,1052.5,568.5
1587,26.445028213478064,314,998,569,1061,441.5,1029.5,545.5
1588,26.461691747323986,313,973,568,1034,440.5,1003.5,519.5
1589,26.478355281169907,314,942,570,1005,442.0,973.5,489.5
1590,26.49501881501583,314,907,568,972,441.0,939.5,455.5
1591,26.51168234886175,318,870,566,936,442.0,903.0,419.0
1592,26.528345882707672,320,828,568,895,444.0,861.5,377.5
1593,26.545009416553594,320,777,566,853,443.0,815.0,331.0
1594,26.561672950399515,320,736,566,811,443.0,773.5,289.5
1595,26.57833648424544,318,700,569,772,443.5,736.0,252.0
1596,26.595000018091362,314,666,572,739,443.0,702.5,218.5
1597,26.611663551937284,314,651,576,715,445.0,683.0,199.0
1598,26.628327085783205,313,634,576,698,444.5,666.0,182.0
1599,26.644990619629127,313,627,577,691,445.0,659.0,175.0
1600,26.661654153475048,313,626,577,690,445.0,658.0,174.0
1601,26.67831768732097,313,630,576,695,444.5,662.5,178.5
1602,26.69498122116689,313,642,577,705,445.0,673.5,189.5
1603,26.711644755012813,314,656,577,720,445.5,688.0,204.0
1604,26.728308288858734,316,677,575,742,445.5,709.5,225.5
1605,26.74497182270466,321,701,573,770,447.0,735.5,251.5
1606,26.76163535655058,322,736,572,806,447.0,771.0,287.0
1607,26.778298890396503,321,771,569,848,445.0,809.5,325.5
1608,26.794962424242424,328,820,568,889,448.0,854.5,370.5
1609,26.811625958088346,321,857,569,933,445.0,895.0,411.0
1610,26.828289491934267,320,904,572,974,446.0,939.0,455.0
1611,26.84495302578019,319,948,571,1010,445.0,979.0,495.0
1612,26.86161655962611,316,978,573,1040,444.5,1009.0,525.0
1613,26.878280093472032,314,1000,574,1064,444.0,1032.0,548.0
1614,26.894943627317954,313,1017,573,1080,443.0,1048.5,564.5
1615,26.911607161163875,313,1031,574,1094,443.5,1062.5,578.5
1616,26.9282706950098,311,1041,572,1102,441.5,1071.5,587.5
1617,26.944934228855722,311,1044,572,1103,441.5,1073.5,589.5
1618,26.961597762701643,310,1038,571,1098,440.5,1068.0,584.0
1619,26.978261296547565,310,1022,570,1083,440.0,1052.5,568.5
1620,26.994924830393487,310,999,568,1061,439.0,1030.0,546.0
1621,27.011588364239408,315,968,568,1032,441.5,1000.0,516.0
1622,27.02825189808533,314,928,565,995,439.5,961.5,477.5
1623,27.04491543193125,316,887,564,954,440.0,920.5,436.5
1624,27.061578965777173,317,845,564,911,440.5,878.0,394.0
1625,27.078242499623094,317,801,563,873,440.0,837.0,353.0
1626,27.09490603346902,318,770,566,837,442.0,803.5,319.5
1627,27.11156956731494,313,739,568,804,440.5,771.5,287.5
1628,27.128233101160863,312,706,568,772,440.0,739.0,255.0
1629,27.144896635006784,312,680,569,744,440.5,712.0,228.0
1630,27.161560168852706,311,655,570,719,440.5,687.0,203.0
1631,27.178223702698627,310,637,573,701,441.5,669.0,185.0
1632,27.19488723654455,311,624,575,688,443.0,656.0,172.0
1633,27.21155077039047,312,620,575,684,443.5,652.0,168.0
1634,27.228214304236392,313,626,577,690,445.0,658.0,174.0
1635,27.244877838082314,315,641,577,705,446.0,673.0,189.0
1636,27.261541371928235,318,665,576,732,447.0,698.5,214.5
1637,27.27820490577416,320,698,577,761,448.5,729.5,245.5
1638,27.294868439620082,324,728,576,794,450.0,761.0,277.0
1639,27.311531973466003,322,762,576,829,449.0,795.5,311.5
1640,27.328195507311925,323,792,574,863,448.5,827.5,343.5
1641,27.344859041157846,324,834,576,900,450.0,867.0,383.0
1642,27.361522575003768,328,872,578,937,453.0,904.5,420.5
1643,27.37818610884969,325,908,575,974,450.0,941.0,457.0
1644,27.39484964269561,323,944,574,1010,448.5,977.0,493.0
1645,27.411513176541533,322,977,574,1045,448.0,1011.0,527.0
1646,27.428176710387454,319,1009,576,1073,447.5,1041.0,557.0
1647,27.44484024423338,315,1032,576,1094,445.5,1063.0,579.0
1648,27.4615037780793,313,1043,576,1104,444.5,1073.5,589.5
1649,27.478167311925223,313,1044,575,1105,444.0,1074.5,590.5
1650,27.494830845771144,311,1036,573,1098,442.0,1067.0,583.0
1651,27.511494379617066,312,1021,572,1084,442.0,1052.5,568.5
1652,27.528157913462987,313,1002,569,1064,441.0,1033.0,549.0
1653,27.54482144730891,310,977,568,1041,439.0,1009.0,525.0
1654,27.56148498115483,311,949,567,1015,439.0,982.0,498.0
1655,27.578148515000752,313,918,566,984,439.5,951.0,467.0
1656,27.594812048846673,312,883,562,949,437.0,916.0,432.0
1657,27.6114755826926,312,841,562,910,437.0,875.5,391.5
1658,27.62813911653852,310,801,563,870,436.5,835.5,351.5
1659,27.64480265038444,311,744,564,827,437.5,785.5,301.5
1660,27.661466184230363,309,704,562,789,435.5,746.5,262.5
1661,27.678129718076285,307,679,566,754,436.5,716.5,232.5
1662,27.694793251922206,306,664,568,728,437.0,696.0,212.0
1663,27.711456785768128,305,647,569,711,437.0,679.0,195.0
1664,27.72812031961405,306,638,569,701,437.5,669.5,185.5
1665,27.74478385345997,308,633,571,698,439.5,665.5,181.5
1666,27.761447387305893,308,636,571,700,439.5,668.0,184.0
1667,27.778110921151814,310,644,573,707,441.5,675.5,191.5
1668,27.79477445499774,314,656,575,718,444.5,687.0,203.0
1669,27.81143798884366,315,674,576,737,445.5,705.5,221.5
1670,27.828101522689582,318,693,576,762,447.0,727.5,243.5
1671,27.844765056535504,322,723,576,796,449.0,759.5,275.5
1672,27.861428590381426,328,767,576,834,452.0,800.5,316.5
1673,27.878092124227347,328,806,569,876,448.5,841.0,357.0
1674,27.89475565807327,326,849,577,919,451.5,884.0,400.0
1675,27.91141919191919,327,889,578,957,452.5,923.0,439.0
1676,27.928082725765112,324,929,579,995,451.5,962.0,478.0
1677,27.944746259611033,324,959,578,1024,451.0,991.5,507.5
1678,27.96140979345696,322,986,581,1048,451.5,1017.0,533.0
1679,27.97807332730288,321,1004,581,1068,451.0,1036.0,552.0
1680,27.9947368611488,321,1020,580,1082,450.5,1051.0,567.0
1681,28.011400394994723,319,1030,579,1093,449.0,1061.5,577.5
1682,28.028063928840645,316,1037,578,1098,447.0,1067.5,583.5
1683,28.044727462686566,315,1034,576,1096,445.5,1065.0,581.0
1684,28.061390996532488,313,1020,574,1084,443.5,1052.0,568.0
1685,28.07805453037841,313,999,572,1064,442.5,1031.5,547.5
1686,28.09471806422433,314,971,568,1038,441.0,1004.5,520.5
1687,28.111381598070253,314,936,568,1004,441.0,970.0,486.0
1688,28.128045131916178,314,898,562,966,438.0,932.0,448.0
1689,28.1447086657621,313,851,565,926,439.0,888.5,404.5
1690,28.16137219960802,312,810,562,888,437.0,849.0,365.0
1691,28.178035733453942,310,781,562,852,436.0,816.5,332.5
1692,28.194699267299864,306,753,563,819,434.5,786.0,302.0
1693,28.211362801145786,305,722,562,788,433.5,755.0,271.0
1694,28.228026334991707,306,694,563,760,434.5,727.0,243.0
1695,28.24468986883763,305,667,565,733,435.0,700.0,216.0
1696,28.26135340268355,303,647,565,712,434.0,679.5,195.5
1697,28.278016936529472,303,634,567,697,435.0,665.5,181.5
1698,28.294680470375393,304,628,569,692,436.5,660.0,176.0
1699,28.31134400422132,304,630,569,694,436.5,662.0,178.0
1700,28.32800753806724,307,642,570,706,438.5,674.0,190.0
1701,28.34467107191316,312,661,571,727,441.5,694.0,210.0
1702,28.361334605759083,316,689,573,755,444.5,722.0,238.0
1703,28.377998139605005,319,722,572,785,445.5,753.5,269.5
1704,28.394661673450926,320,754,574,818,447.0,786.0,302.0
1705,28.411325207296848,322,787,573,851,447.5,819.0,335.0
1706,28.42798874114277,326,814,575,885,450.5,849.5,365.5
1707,28.44465227498869,327,858,576,922,451.5,890.0,406.0
1708,28.461315808834613,323,894,579,958,451.0,926.0,442.0
1709,28.477979342680538,327,929,578,994,452.5,961.5,477.5
1710,28.49464287652646,325,963,581,1028,453.0,995.5,511.5
1711,28.51130641037238,321,992,582,1057,451.5,1024.5,540.5
1712,28.527969944218302,322,1018,582,1080,452.0,1049.0,565.0
1713,28.544633478064224,319,1034,582,1094,450.5,1064.0,580.0
1714,28.561297011910145,319,1038,582,1098,450.5,1068.0,584.0
1715,28.577960545756067,318,1032,581,1093,449.5,1062.5,578.5
1716,28.59462407960199,319,1019,579,1081,449.0,1050.0,566.0
1717,28.61128761344791,316,1004,577,1066,446.5,1035.0,551.0
1718,28.62795114729383,315,982,574,1045,444.5,1013.5,529.5
1719,28.644614681139753,313,957,573,1021,443.0,989.0,505.0
1720,28.66127821498568,317,930,569,992,443.0,961.0,477.0
1721,28.6779417488316,316,892,567,960,441.5,926.0,442.0
1722,28.69460528267752,318,855,562,923,440.0,889.0,405.0
1723,28.711268816523443,314,817,562,884,438.0,850.5,366.5
1724,28.727932350369365,313,775,562,844,437.5,809.5,325.5
1725,28.744595884215286,312,736,562,803,437.0,769.5,285.5
1726,28.761259418061208,306,704,561,771,433.5,737.5,253.5
1727,28.77792295190713,304,679,563,742,433.5,710.5,226.5
1728,28.79458648575305,302,659,564,725,433.0,692.0,208.0
1729,28.811250019598972,301,648,565,712,433.0,680.0,196.0
1730,28.827913553444898,302,642,565,706,433.5,674.0,190.0
1731,28.84457708729082,303,642,565,705,434.0,673.5,189.5
1732,28.86124062113674,303,647,566,710,434.5,678.5,194.5
1733,28.877904154982662,305,656,566,720,435.5,688.0,204.0
1734,28.894567688828584,307,671,569,735,438.0,703.0,219.0
1735,28.911231222674505,312,690,570,757,441.0,723.5,239.5
1736,28.927894756520427,317,719,570,788,443.5,753.5,269.5
1737,28.94455829036635,323,754,571,824,447.0,789.0,305.0
1738,28.96122182421227,322,790,568,864,445.0,827.0,343.0
1739,28.97788535805819,326,833,574,904,450.0,868.5,384.5
1740,28.994548891904117,327,874,575,945,451.0,909.5,425.5
1741,29.01121242575004,326,912,578,978,452.0,945.0,461.0
1742,29.02787595959596,326,943,582,1008,454.0,975.5,491.5
1743,29.04453949344188,326,970,584,1036,455.0,1003.0,519.0
1744,29.061203027287803,324,992,584,1055,454.0,1023.5,539.5
1745,29.077866561133725,324,1009,583,1071,453.5,1040.0,556.0
1746,29.094530094979646,324,1022,584,1084,454.0,1053.0,569.0
1747,29.111193628825568,322,1030,583,1092,452.5,1061.0,577.0
1748,29.12785716267149,321,1031,583,1092,452.0,1061.5,577.5
1749,29.14452069651741,320,1022,581,1084,450.5,1053.0,569.0
1750,29.161184230363332,320,1005,579,1068,449.5,1036.5,552.5
1751,29.177847764209258,320,976,577,1041,448.5,1008.5,524.5
1752,29.19451129805518,322,946,576,1010,449.0,978.0,494.0
1753,29.2111748319011,320,910,568,975,444.0,942.5,458.5
1754,29.227838365747022,321,871,567,937,444.0,904.0,420.0
1755,29.244501899592944,316,833,568,903,442.0,868.0,384.0
1756,29.261165433438865,313,801,564,866,438.5,833.5,349.5
1757,29.277828967284787,310,768,564,833,437.0,800.5,316.5
1758,29.29449250113071,306,739,563,803,434.5,771.0,287.0
1759,29.31115603497663,306,709,560,774,433.0,741.5,257.5
1760,29.32781956882255,305,683,562,746,433.5,714.5,230.5
1761,29.344483102668477,301,659,563,724,432.0,691.5,207.5
1762,29.3611466365144,300,643,563,707,431.5,675.0,191.0
1763,29.37781017036032,300,635,564,700,432.0,667.5,183.5
1764,29.39447370420624,300,635,564,700,432.0,667.5,183.5
1765,29.411137238052163,302,646,564,711,433.0,678.5,194.5
1766,29.427800771898085,303,662,565,726,434.0,694.0,210.0
1767,29.444464305744006,306,684,565,750,435.5,717.0,233.0
1768,29.461127839589928,308,714,567,780,437.5,747.0,263.0
1769,29.47779137343585,310,744,567,809,438.5,776.5,292.5
1770,29.49445490728177,313,772,568,840,440.5,806.0,322.0
1771,29.511118441127692,318,806,570,872,444.0,839.0,355.0
1772,29.527781974973617,319,842,570,907,444.5,874.5,390.5
1773,29.54444550881954,322,877,575,942,448.5,909.5,425.5
1774,29.56110904266546,326,911,574,978,450.0,944.5,460.5
1775,29.577772576511382,326,949,579,1013,452.5,981.0,497.0
1776,29.594436110357304,322,980,584,1043,453.0,1011.5,527.5
1777,29.611099644203225,322,1003,584,1067,453.0,1035.0,551.0
1778,29.627763178049147,323,1020,584,1083,453.5,1051.5,567.5
1779,29.64442671189507,323,1027,584,1090,453.5,1058.5,574.5
1780,29.66109024574099,322,1026,584,1088,453.0,1057.0,573.0
1781,29.67775377958691,323,1017,583,1079,453.0,1048.0,564.0
1782,29.694417313432837,322,1003,583,1065,452.5,1034.0,550.0
1783,29.711080847278758,321,986,580,1048,450.5,1017.0,533.0
1784,29.72774438112468,320,963,578,1027,449.0,995.0,511.0
1785,29.7444079149706,321,936,574,1002,447.5,969.0,485.0
1786,29.761071448816523,319,907,574,970,446.5,938.5,454.5
1787,29.777734982662444,318,868,569,936,443.5,902.0,418.0
1788,29.794398516508366,318,824,568,896,443.0,860.0,376.0
1789,29.811062050354288,316,790,564,857,440.0,823.5,339.5
1790,29.82772558420021,314,755,565,821,439.5,788.0,304.0
1791,29.84438911804613,310,720,563,784,436.5,752.0,268.0
1792,29.861052651892056,305,693,565,757,435.0,725.0,241.0
1793,29.877716185737977,303,672,563,736,433.0,704.0,220.0
1794,29.8943797195839,300,659,563,723,431.5,691.0,207.0
1795,29.91104325342982,300,650,563,715,431.5,682.5,198.5
1796,29.927706787275742,300,648,563,712,431.5,680.0,196.0
1797,29.944370321121664,301,649,563,714,432.0,681.5,197.5
1798,29.961033854967585,301,656,564,720,432.5,688.0,204.0
1799,29.977697388813507,301,669,563,734,432.0,701.5,217.5
1800,29.99436092265943,304,686,565,754,434.5,720.0,236.0
1801,30.01102445650535,306,714,565,780,435.5,747.0,263.0
1802,30.02768799035127,312,746,566,811,439.0,778.5,294.5
1803,30.044351524197197,318,782,563,850,440.5,816.0,332.0
1804,30.061015058043118,319,820,566,890,442.5,855.0,371.0
1805,30.07767859188904,320,860,572,928,446.0,894.0,410.0
1806,30.09434212573496,318,899,572,962,445.0,930.5,446.5
1807,30.111005659580883,320,928,576,992,448.0,960.0,476.0
1808,30.127669193426804,320,955,578,1019,449.0,987.0,503.0
1809,30.144332727272726,322,979,580,1041,451.0,1010.0,526.0
1810,30.160996261118648,322,998,581,1060,451.5,1029.0,545.0
1811,30.17765979496457,322,1011,583,1074,452.5,1042.5,558.5
1812,30.19432332881049,322,1022,583,1084,452.5,1053.0,569.0
1813,30.210986862656416,322,1023,583,1086,452.5,1054.5,570.5
1814,30.227650396502337,322,1019,583,1082,452.5,1050.5,566.5
1815,30.24431393034826,321,1005,584,1068,452.5,1036.5,552.5
1816,30.26097746419418,325,981,582,1045,453.5,1013.0,529.0
1817,30.277640998040102,325,952,579,1016,452.0,984.0,500.0
1818,30.294304531886024,325,920,578,983,451.5,951.5,467.5
1819,30.310968065731945,324,884,578,949,451.0,916.5,432.5
1820,30.327631599577867,322,848,576,915,449.0,881.5,397.5
1821,30.34429513342379,320,816,573,881,446.5,848.5,364.5
1822,30.36095866726971,314,784,571,849,442.5,816.5,332.5
1823,30.377622201115635,313,751,568,817,440.5,784.0,300.0
1824,30.394285734961556,308,723,567,789,437.5,756.0,272.0
1825,30.410949268807478,307,694,565,760,436.0,727.0,243.0
1826,30.4276128026534,304,672,565,736,434.5,704.0,220.0
1827,30.44427633649932,302,652,565,718,433.5,685.0,201.0
1828,30.460939870345243,301,644,565,707,433.0,675.5,191.5
1829,30.477603404191164,301,642,564,706,432.5,674.0,190.0
1830,30.494266938037086,301,649,564,713,432.5,681.0,197.0
1831,30.510930471883007,299,663,563,727,431.0,695.0,211.0
1832,30.52759400572893,301,683,562,747,431.5,715.0,231.0
1833,30.54425753957485,306,708,562,774,434.0,741.0,257.0
1834,30.560921073420776,305,736,564,801,434.5,768.5,284.5
1835,30.577584607266697,311,764,565,829,438.0,796.5,312.5
1836,30.59424814111262,311,794,566,860,438.5,827.0,343.0
1837,30.61091167495854,314,827,567,894,440.5,860.5,376.5
1838,30.627575208804462,316,863,568,930,442.0,896.5,412.5
1839,30.644238742650384,320,897,568,965,444.0,931.0,447.0
1840,30.660902276496305,321,934,572,1000,446.5,967.0,483.0
1841,30.677565810342227,318,966,575,1031,446.5,998.5,514.5
1842,30.694229344188148,319,991,578,1054,448.5,1022.5,538.5
1843,30.71089287803407,320,1008,583,1072,451.5,1040.0,556.0
1844,30.727556411879995,322,1019,582,1081,452.0,1050.0,566.0
1845,30.744219945725916,321,1020,582,1081,451.5,1050.5,566.5
1846,30.760883479571838,323,1012,583,1076,453.0,1044.0,560.0
1847,30.77754701341776,325,1002,583,1064,454.0,1033.0,549.0
1848,30.79421054726368,323,985,584,1049,453.5,1017.0,533.0
1849,30.810874081109603,326,968,583,1032,454.5,1000.0,516.0
1850,30.827537614955524,322,944,582,1007,452.0,975.5,491.5
1851,30.844201148801446,327,915,578,978,452.5,946.5,462.5
1852,30.860864682647367,326,882,578,946,452.0,914.0,430.0
1853,30.87752821649329,324,842,574,910,449.0,876.0,392.0
1854,30.89419175033921,322,804,570,872,446.0,838.0,354.0
1855,30.910855284185136,322,768,569,834,445.5,801.0,317.0
1856,30.927518818031057,316,732,571,800,443.5,766.0,282.0
1857,30.94418235187698,313,705,571,771,442.0,738.0,254.0
1858,30.9608458857229,310,686,570,750,440.0,718.0,234.0
1859,30.977509419568822,306,670,569,734,437.5,702.0,218.0
1860,30.994172953414743,304,661,568,724,436.0,692.5,208.5
1861,31.010836487260665,303,656,567,720,435.0,688.0,204.0
1862,31.027500021106587,302,655,566,718,434.0,686.5,202.5
1863,31.044163554952508,302,659,566,722,434.0,690.5,206.5
1864,31.06082708879843,302,669,563,732,432.5,700.5,216.5
1865,31.077490622644355,304,685,563,751,433.5,718.0,234.0
1866,31.094154156490276,306,710,562,774,434.0,742.0,258.0
1867,31.110817690336198,308,738,560,805,434.0,771.5,287.5
1868,31.12748122418212,311,763,560,840,435.5,801.5,317.5
1869,31.14414475802804,309,795,562,877,435.5,836.0,352.0
1870,31.160808291873963,312,849,564,914,438.0,881.5,397.5
1871,31.177471825719884,312,883,566,948,439.0,915.5,431.5
1872,31.194135359565806,311,916,569,979,440.0,947.5,463.5
1873,31.210798893411727,314,941,571,1005,442.5,973.0,489.0
1874,31.22746242725765,313,965,573,1028,443.0,996.5,512.5
1875,31.244125961103574,315,985,575,1048,445.0,1016.5,532.5
1876,31.260789494949496,315,1001,577,1064,446.0,1032.5,548.5
1877,31.277453028795417,317,1014,578,1076,447.5,1045.0,561.0
1878,31.29411656264134,318,1018,580,1081,449.0,1049.5,565.5
1879,31.31078009648726,318,1016,580,1078,449.0,1047.0,563.0
1880,31.327443630333182,321,1006,581,1068,451.0,1037.0,553.0
1881,31.344107164179103,322,984,581,1048,451.5,1016.0,532.0
1882,31.360770698025025,322,957,579,1021,450.5,989.0,505.0
1883,31.377434231870946,324,926,578,992,451.0,959.0,475.0
1884,31.394097765716868,321,895,576,960,448.5,927.5,443.5
1885,31.41076129956279,323,858,577,926,450.0,892.0,408.0
1886,31.427424833408715,327,828,578,894,452.5,861.0,377.0
1887,31.444088367254636,322,797,577,862,449.5,829.5,345.5
1888,31.460751901100558,321,767,576,830,448.5,798.5,314.5
1889,31.47741543494648,320,738,575,802,447.5,770.0,286.0
1890,31.4940789687924,317,709,574,773,445.5,741.0,257.0
1891,31.510742502638323,312,684,572,749,442.0,716.5,232.5
1892,31.527406036484244,311,664,571,729,441.0,696.5,212.5
1893,31.544069570330166,309,651,571,715,440.0,683.0,199.0
1894,31.560733104176087,307,648,570,712,438.5,680.0,196.0
1895,31.57739663802201,306,654,569,716,437.5,685.0,201.0
1896,31.594060171867934,306,664,566,728,436.0,696.0,212.0
1897,31.610723705713855,307,682,566,746,436.5,714.0,230.0
1898,31.627387239559777,305,704,567,768,436.0,736.0,252.0
1899,31.6440507734057,307,729,565,795,436.0,762.0,278.0
1900,31.66071430725162,305,756,566,821,435.5,788.5,304.5
1901,31.67737784109754,309,785,564,850,436.5,817.5,333.5
1902,31.694041374943463,311,816,564,882,437.5,849.0,365.0
1903,31.710704908789385,311,847,562,914,436.5,880.5,396.5
1904,31.727368442635306,313,884,566,950,439.5,917.0,433.0
1905,31.744031976481228,315,917,567,984,441.0,950.5,466.5
1906,31.76069551032715,314,954,569,1018,441.5,986.0,502.0
1907,31.777359044173075,313,978,571,1042,442.0,1010.0,526.0
1908,31.794022578018996,312,996,574,1059,443.0,1027.5,543.5
1909,31.810686111864918,314,1009,577,1071,445.5,1040.0,556.0
1910,31.82734964571084,314,1013,577,1074,445.5,1043.5,559.5
1911,31.84401317955676,316,1011,577,1072,446.5,1041.5,557.5
1912,31.860676713402682,317,1001,578,1062,447.5,1031.5,547.5
1913,31.877340247248604,318,988,580,1050,449.0,1019.0,535.0
1914,31.894003781094526,319,971,580,1033,449.5,1002.0,518.0
1915,31.910667314940447,321,949,580,1014,450.5,981.5,497.5
1916,31.92733084878637,323,923,578,988,450.5,955.5,471.5
1917,31.943994382632294,322,892,576,956,449.0,924.0,440.0
1918,31.960657916478215,320,856,575,922,447.5,889.0,405.0
1919,31.977321450324137,325,818,575,884,450.0,851.0,367.0
1920,31.99398498417006,322,782,577,848,449.5,815.0,331.0
1921,32.01064851801598,322,748,575,814,448.5,781.0,297.0
1922,32.027312051861905,316,720,576,786,446.0,753.0,269.0
1923,32.04397558570783,314,698,577,764,445.5,731.0,247.0
1924,32.06063911955375,312,683,576,746,444.0,714.5,230.5
1925,32.07730265339967,311,671,575,734,443.0,702.5,218.5
1926,32.09396618724559,310,664,573,728,441.5,696.0,212.0
1927,32.11062972109151,309,661,573,724,441.0,692.5,208.5
1928,32.127293254937435,309,663,573,726,441.0,694.5,210.5
1929,32.143956788783356,308,668,571,733,439.5,700.5,216.5
1930,32.16062032262928,309,682,569,748,439.0,715.0,231.0
1931,32.1772838564752,308,702,569,768,438.5,735.0,251.0
1932,32.19394739032112,312,729,567,798,439.5,763.5,279.5
1933,32.21061092416704,312,752,566,831,439.0,791.5,307.5
1934,32.227274458012964,314,799,563,865,438.5,832.0,348.0
1935,32.243937991858886,313,832,566,902,439.5,867.0,383.0
1936,32.26060152570481,309,869,566,936,437.5,902.5,418.5
1937,32.27726505955073,308,900,568,966,438.0,933.0,449.0
1938,32.29392859339665,310,929,568,992,439.0,960.5,476.5
1939,32.31059212724257,312,953,568,1016,440.0,984.5,500.5
1940,32.32725566108849,310,974,570,1037,440.0,1005.5,521.5
1941,32.343919194934415,310,991,572,1054,441.0,1022.5,538.5
1942,32.36058272878034,312,1006,574,1067,443.0,1036.5,552.5
1943,32.377246262626265,312,1014,575,1075,443.5,1044.5,560.5
1944,32.39390979647219,313,1013,575,1074,444.0,1043.5,559.5
1945,32.41057333031811,313,1003,575,1065,444.0,1034.0,550.0
1946,32.42723686416403,315,987,575,1048,445.0,1017.5,533.5
1947,32.44390039800995,319,964,575,1027,447.0,995.5,511.5
1948,32.46056393185587,322,934,576,996,449.0,965.0,481.0
1949,32.477227465701795,323,903,576,967,449.5,935.0,451.0
1950,32.493890999547716,321,872,576,938,448.5,905.0,421.0
1951,32.51055453339364,320,841,577,908,448.5,874.5,390.5
1952,32.52721806723956,320,811,576,876,448.0,843.5,359.5
1953,32.54388160108548,319,780,576,844,447.5,812.0,328.0
1954,32.5605451349314,321,748,575,814,448.0,781.0,297.0
1955,32.577208668777324,317,722,576,787,446.5,754.5,270.5
1956,32.593872202623245,317,696,577,761,447.0,728.5,244.5
1957,32.61053573646917,314,677,576,740,445.0,708.5,224.5
1958,32.62719927031509,313,662,576,726,444.5,694.0,210.0
1959,32.64386280416101,314,656,576,719,445.0,687.5,203.5
1960,32.66052633800693,313,658,575,722,444.0,690.0,206.0
1961,32.67718987185285,310,667,575,732,442.5,699.5,215.5
1962,32.693853405698775,311,681,573,748,442.0,714.5,230.5
1963,32.710516939544696,312,702,573,766,442.5,734.0,250.0
1964,32.727180473390625,311,724,571,788,441.0,756.0,272.0
1965,32.74384400723655,311,748,569,813,440.0,780.5,296.5
1966,32.76050754108247,313,778,568,840,440.5,809.0,325.0
1967,32.77717107492839,312,805,569,872,440.5,838.5,354.5
1968,32.79383460877431,312,837,568,904,440.0,870.5,386.5
1969,32.81049814262023,315,871,567,938,441.0,904.5,420.5
1970,32.827161676466154,311,905,568,970,439.5,937.5,453.5
1971,32.843825210312076,312,938,568,1002,440.0,970.0,486.0
1972,32.860488744158,312,967,569,1029,440.5,998.0,514.0
1973,32.87715227800392,309,987,571,1048,440.0,1017.5,533.5
1974,32.89381581184984,310,999,571,1060,440.5,1029.5,545.5
1975,32.91047934569576,311,1006,570,1066,440.5,1036.0,552.0
1976,32.927142879541684,310,1004,571,1064,440.5,1034.0,550.0
1977,32.943806413387605,311,998,572,1059,441.5,1028.5,544.5
1978,32.96046994723353,312,989,573,1050,442.5,1019.5,535.5
1979,32.97713348107945,312,973,574,1036,443.0,1004.5,520.5
1980,32.99379701492537,313,956,574,1017,443.5,986.5,502.5
1981,33.01046054877129,317,931,572,994,444.5,962.5,478.5
1982,33.02712408261721,317,903,569,967,443.0,935.0,451.0
1983,33.043787616463135,319,868,570,933,444.5,900.5,416.5
1984,33.06045115030906,320,825,573,897,446.5,861.0,377.0
1985,33.077114684154985,319,797,572,860,445.5,828.5,344.5
1986,33.09377821800091,319,764,572,827,445.5,795.5,311.5
1987,33.11044175184683,316,736,574,800,445.0,768.0,284.0
1988,33.12710528569275,315,712,577,776,446.0,744.0,260.0
1989,33.14376881953867,314,694,577,757,445.5,725.5,241.5
1990,33.16043235338459,312,682,577,744,444.5,713.0,229.0
1991,33.177095887230514,314,672,576,736,445.0,704.0,220.0
1992,33.193759421076436,315,667,576,731,445.5,699.0,215.0
1993,33.21042295492236,313,666,576,730,444.5,698.0,214.0
1994,33.22708648876828,314,670,576,734,445.0,702.0,218.0
1995,33.2437500226142,314,682,575,745,444.5,713.5,229.5
1996,33.26041355646012,314,700,575,766,444.5,733.0,249.0
1997,33.277077090306044,317,726,574,792,445.5,759.0,275.0
1998,33.293740624151965,318,756,571,821,444.5,788.5,304.5
1999,33.31040415799789,318,789,570,857,444.0,823.0,339.0
2000,33.32706769184381,317,824,568,890,442.5,857.0,373.0
2001,33.34373122568973,315,856,569,923,442.0,889.5,405.5
2002,33.36039475953565,313,887,572,952,442.5,919.5,435.5
2003,33.37705829338157,312,915,569,978,440.5,946.5,462.5
2004,33.393721827227495,312,938,573,1002,442.5,970.0,486.0
2005,33.41038536107342,313,959,571,1024,442.0,991.5,507.5
2006,33.427048894919345,311,981,570,1042,440.5,1011.5,527.5
2007,33.44371242876527,311,995,570,1056,440.5,1025.5,541.5
2008,33.46037596261119,309,1005,571,1068,440.0,1036.5,552.5
2009,33.47703949645711,309,1007,570,1068,439.5,1037.5,553.5
2010,33.49370303030303,309,1001,571,1062,440.0,1031.5,547.5
2011,33.51036656414895,311,987,571,1049,441.0,1018.0,534.0
2012,33.527030097994874,312,965,571,1028,441.5,996.5,512.5
2013,33.543693631840796,312,939,570,1003,441.0,971.0,487.0
2014,33.56035716568672,315,910,568,975,441.5,942.5,458.5
2015,33.57702069953264,316,881,568,946,442.0,913.5,429.5
2016,33.59368423337856,317,852,569,917,443.0,884.5,400.5
2017,33.61034776722448,313,822,571,888,442.0,855.0,371.0
2018,33.627011301070404,316,794,572,859,444.0,826.5,342.5
2019,33.643674834916325,313,761,572,829,442.5,795.0,311.0
2020,33.66033836876225,315,735,571,802,443.0,768.5,284.5
2021,33.67700190260817,312,706,573,773,442.5,739.5,255.5
2022,33.69366543645409,313,688,575,751,444.0,719.5,235.5
2023,33.71032897030001,312,672,576,735,444.0,703.5,219.5
2024,33.72699250414593,312,664,577,728,444.5,696.0,212.0
2025,33.743656037991855,312,663,576,728,444.0,695.5,211.5
2026,33.76031957183778,313,671,576,734,444.5,702.5,218.5
2027,33.776983105683705,313,683,576,746,444.5,714.5,230.5
2028,33.793646639529626,314,700,575,764,444.5,732.0,248.0
2029,33.81031017337555,315,720,576,783,445.5,751.5,267.5
2030,33.82697370722147,314,743,576,806,445.0,774.5,290.5
2031,33.84363724106739,316,767,575,832,445.5,799.5,315.5
2032,33.86030077491331,317,794,576,860,446.5,827.0,343.0
2033,33.876964308759234,320,825,573,891,446.5,858.0,374.0
2034,33.893627842605156,322,860,574,925,448.0,892.5,408.5
2035,33.91029137645108,318,892,573,958,445.5,925.0,441.0
2036,33.926954910297,318,924,573,988,445.5,956.0,472.0
2037,33.94361844414292,314,952,574,1016,444.0,984.0,500.0
2038,33.96028197798884,312,975,574,1036,443.0,1005.5,521.5
2039,33.976945511834764,311,988,573,1050,442.0,1019.0,535.0
2040,33.993609045680685,311,996,573,1058,442.0,1027.0,543.0
2041,34.01027257952661,310,997,573,1058,441.5,1027.5,543.5
2042,34.02693611337253,311,995,574,1056,442.5,1025.5,541.5
2043,34.04359964721845,309,988,572,1049,440.5,1018.5,534.5
2044,34.06026318106437,309,976,571,1038,440.0,1007.0,523.0
2045,34.07692671491029,310,958,570,1022,440.0,990.0,506.0
2046,34.093590248756215,311,937,567,1001,439.0,969.0,485.0
2047,34.11025378260214,312,909,569,973,440.5,941.0,457.0
2048,34.126917316448065,312,879,567,944,439.5,911.5,427.5
2049,34.143580850293986,312,841,567,910,439.5,875.5,391.5
2050,34.16024438413991,312,806,568,875,440.0,840.5,356.5
2051,34.17690791798583,312,768,567,841,439.5,804.5,320.5
2052,34.19357145183175,311,748,568,813,439.5,780.5,296.5
2053,34.21023498567767,311,725,569,789,440.0,757.0,273.0
2054,34.226898519523594,311,707,570,771,440.5,739.0,255.0
2055,34.243562053369516,311,692,572,756,441.5,724.0,240.0
2056,34.26022558721544,309,680,574,744,441.5,712.0,228.0
2057,34.27688912106136,309,674,574,738,441.5,706.0,222.0
2058,34.29355265490728,311,672,575,736,443.0,704.0,220.0
2059,34.3102161887532,311,674,576,737,443.5,705.5,221.5
2060,34.326879722599124,313,683,577,746,445.0,714.5,230.5
2061,34.343543256445045,316,699,576,764,446.0,731.5,247.5
2062,34.36020679029097,320,721,577,786,448.5,753.5,269.5
2063,34.37687032413689,320,750,575,815,447.5,782.5,298.5
2064,34.39353385798281,322,780,576,847,449.0,813.5,329.5
2065,34.41019739182873,321,813,576,879,448.5,846.0,362.0
2066,34.42686092567465,320,846,578,909,449.0,877.5,393.5
2067,34.443524459520575,320,874,577,938,448.5,906.0,422.0
2068,34.4601879933665,320,901,577,966,448.5,933.5,449.5
2069,34.476851527212425,321,928,577,990,449.0,959.0,475.0
2070,34.493515061058346,318,947,578,1010,448.0,978.5,494.5
2071,34.51017859490427,317,968,577,1030,447.0,999.0,515.0
2072,34.52684212875019,315,985,577,1048,446.0,1016.5,532.5
2073,34.54350566259611,313,996,575,1058,444.0,1027.0,543.0
2074,34.56016919644203,312,1001,575,1063,443.5,1032.0,548.0
2075,34.576832730287954,312,998,575,1060,443.5,1029.0,545.0
2076,34.593496264133876,310,986,572,1048,441.0,1017.0,533.0
2077,34.6101597979798,312,967,568,1031,440.0,999.0,515.0
2078,34.62682333182572,309,944,566,1007,437.5,975.5,491.5
2079,34.64348686567164,311,917,567,983,439.0,950.0,466.0
2080,34.66015039951756,310,888,568,954,439.0,921.0,437.0
2081,34.67681393336348,309,862,566,926,437.5,894.0,410.0
2082,34.693477467209405,309,834,568,898,438.5,866.0,382.0
2083,34.71014100105533,309,768,568,871,438.5,819.5,335.5
2084,34.72680453490125,312,741,566,843,439.0,792.0,308.0
2085,34.74346806874717,307,718,568,814,437.5,766.0,282.0
2086,34.76013160259309,307,710,568,786,437.5,748.0,264.0
2087,34.77679513643901,306,699,569,763,437.5,731.0,247.0
2088,34.79345867028494,306,682,571,746,438.5,714.0,230.0
2089,34.81012220413086,306,673,571,736,438.5,704.5,220.5
2090,34.826785737976785,307,671,573,734,440.0,702.5,218.5
2091,34.843449271822706,307,675,572,738,439.5,706.5,222.5
2092,34.86011280566863,310,683,573,748,441.5,715.5,231.5
2093,34.87677633951455,312,699,575,764,443.5,731.5,247.5
2094,34.89343987336047,312,717,576,781,444.0,749.0,265.0
2095,34.91010340720639,318,734,576,800,447.0,767.0,283.0
2096,34.926766941052314,317,761,578,824,447.5,792.5,308.5
2097,34.943430474898236,321,786,578,850,449.5,818.0,334.0
2098,34.96009400874416,322,816,579,880,450.5,848.0,364.0
2099,34.97675754259008,323,848,578,913,450.5,880.5,396.5
2100,34.993421076436,326,880,578,946,452.0,913.0,429.0
2101,35.01008461028192,324,909,577,975,450.5,942.0,458.0
2102,35.02674814412784,321,939,579,1003,450.0,971.0,487.0
2103,35.043411677973765,319,962,580,1024,449.5,993.0,509.0
2104,35.06007521181969,318,979,580,1040,449.0,1009.5,525.5
2105,35.07673874566561,318,988,579,1048,448.5,1018.0,534.0
2106,35.09340227951153,317,991,578,1052,447.5,1021.5,537.5
2107,35.11006581335745,317,989,577,1051,447.0,1020.0,536.0
2108,35.12672934720337,315,984,574,1046,444.5,1015.0,531.0
2109,35.1433928810493,315,975,575,1037,445.0,1006.0,522.0
2110,35.16005641489522,313,962,573,1024,443.0,993.0,509.0
2111,35.176719948741145,313,942,572,1006,442.5,974.0,490.0
2112,35.193383482587066,313,918,569,982,441.0,950.0,466.0
2113,35.21004701643299,312,888,565,952,438.5,920.0,436.0
2114,35.22671055027891,312,855,566,919,439.0,887.0,403.0
2115,35.24337408412483,310,822,563,885,436.5,853.5,369.5
2116,35.26003761797075,310,792,563,855,436.5,823.5,339.5
2117,35.276701151816674,307,761,565,826,436.0,793.5,309.5
2118,35.293364685662596,305,738,567,802,436.0,770.0,286.0
2119,35.31002821950852,304,718,567,782,435.5,750.0,266.0
2120,35.32669175335444,304,703,567,766,435.5,734.5,250.5
2121,35.34335528720036,305,691,568,755,436.5,723.0,239.0
2122,35.36001882104628,304,681,569,746,436.5,713.5,229.5
2123,35.3766823548922,306,677,570,741,438.0,709.0,225.0
2124,35.393345888738125,306,677,570,741,438.0,709.0,225.0
2125,35.41000942258405,309,685,572,748,440.5,716.5,232.5
2126,35.42667295642997,311,698,573,762,442.0,730.0,246.0
2127,35.44333649027589,313,717,575,782,444.0,749.5,265.5
2128,35.46000002412181,316,744,573,809,444.5,776.5,292.5
2129,35.47666355796773,318,774,575,839,446.5,806.5,322.5
2130,35.49332709181366,320,802,575,870,447.5,836.0,352.0
2131,35.50999062565958,320,834,578,899,449.0,866.5,382.5
2132,35.526654159505505,319,862,577,926,448.0,894.0,410.0
2133,35.543317693351426,321,888,580,952,450.5,920.0,436.0
2134,35.55998122719735,322,913,581,976,451.5,944.5,460.5
2135,35.57664476104327,322,938,581,1000,451.5,969.0,485.0
2136,35.59330829488919,321,958,582,1020,451.5,989.0,505.0
2137,35.60997182873511,320,976,581,1038,450.5,1007.0,523.0
2138,35.626635362581034,320,990,581,1050,450.5,1020.0,536.0
2139,35.643298896426955,318,996,581,1057,449.5,1026.5,542.5
2140,35.65996243027288,317,994,581,1056,449.0,1025.0,541.0
2141,35.6766259641188,315,984,578,1047,446.5,1015.5,531.5
2142,35.69328949796472,316,968,577,1031,446.5,999.5,515.5
2143,35.70995303181064,314,948,575,1010,444.5,979.0,495.0
2144,35.72661656565656,312,923,569,986,440.5,954.5,470.5
2145,35.743280099502485,314,899,569,961,441.5,930.0,446.0
2146,35.759943633348406,310,872,570,936,440.0,904.0,420.0
2147,35.77660716719433,310,844,569,909,439.5,876.5,392.5
2148,35.79327070104025,309,817,567,883,438.0,850.0,366.0
2149,35.80993423488617,306,790,566,854,436.0,822.0,338.0
2150,35.82659776873209,306,760,567,826,436.5,793.0,309.0
2151,35.84326130257802,306,734,565,799,435.5,766.5,282.5
2152,35.85992483642394,306,710,564,774,435.0,742.0,258.0
2153,35.876588370269864,303,692,566,756,434.5,724.0,240.0
2154,35.893251904115786,303,682,566,745,434.5,713.5,229.5
2155,35.90991543796171,304,679,566,742,435.0,710.5,226.5
2156,35.92657897180763,303,680,567,744,435.0,712.0,228.0
2157,35.94324250565355,306,688,568,750,437.0,719.0,235.0
2158,35.95990603949947,305,700,569,764,437.0,732.0,248.0
2159,35.976569573345394,309,715,571,779,440.0,747.0,263.0
2160,35.993233107191315,311,734,571,797,441.0,765.5,281.5
2161,36.00989664103724,313,752,574,818,443.5,785.0,301.0
2162,36.02656017488316,317,778,575,843,446.0,810.5,326.5
2163,36.04322370872908,320,807,575,871,447.5,839.0,355.0
2164,36.059887242575,322,835,576,904,449.0,869.5,385.5
2165,36.07655077642092,323,868,577,933,450.0,900.5,416.5
2166,36.093214310266845,323,899,578,963,450.5,931.0,447.0
2167,36.109877844112766,321,928,582,991,451.5,959.5,475.5
2168,36.12654137795869,321,949,584,1012,452.5,980.5,496.5
2169,36.14320491180461,321,966,582,1030,451.5,998.0,514.0
2170,36.15986844565053,323,979,583,1040,453.0,1009.5,525.5
2171,36.17653197949646,322,984,583,1045,452.5,1014.5,530.5
2172,36.19319551334238,322,984,582,1046,452.0,1015.0,531.0
2173,36.2098590471883,321,981,581,1043,451.0,1012.0,528.0
2174,36.226522581034224,320,974,581,1036,450.5,1005.0,521.0
2175,36.243186114880146,318,963,578,1024,448.0,993.5,509.5
2176,36.25984964872607,317,945,577,1008,447.0,976.5,492.5
2177,36.27651318257199,316,922,575,986,445.5,954.0,470.0
2178,36.29317671641791,318,894,573,959,445.5,926.5,442.5
2179,36.30984025026383,314,864,568,929,441.0,896.5,412.5
2180,36.326503784109754,314,832,568,897,441.0,864.5,380.5
2181,36.343167317955675,312,799,568,866,440.0,832.5,348.5
2182,36.3598308518016,310,771,567,837,438.5,804.0,320.0
2183,36.37649438564752,308,749,568,814,438.0,781.5,297.5
2184,36.39315791949344,305,728,567,794,436.0,761.0,277.0
2185,36.40982145333936,303,714,564,778,433.5,746.0,262.0
2186,36.42648498718528,301,700,565,764,433.0,732.0,248.0
2187,36.443148521031205,301,690,566,754,433.5,722.0,238.0
2188,36.459812054877126,300,683,566,748,433.0,715.5,231.5
2189,36.47647558872305,301,683,566,746,433.5,714.5,230.5
2190,36.49313912256897,303,687,567,750,435.0,718.5,234.5
2191,36.50980265641489,305,699,567,762,436.0,730.5,246.5
2192,36.52646619026082,306,716,568,781,437.0,748.5,264.5
2193,36.54312972410674,310,739,568,804,439.0,771.5,287.5
2194,36.55979325795266,312,767,568,831,440.0,799.0,315.0
2195,36.576456791798584,313,796,571,860,442.0,828.0,344.0
2196,36.593120325644506,314,825,574,890,444.0,857.5,373.5
2197,36.60978385949043,318,851,576,916,447.0,883.5,399.5
2198,36.62644739333635,317,876,578,942,447.5,909.0,425.0
2199,36.64311092718227,319,901,578,966,448.5,933.5,449.5
2200,36.65977446102819,320,924,579,988,449.5,956.0,472.0
2201,36.676437994874114,322,948,584,1009,453.0,978.5,494.5
2202,36.693101528720035,322,966,583,1027,452.5,996.5,512.5
2203,36.70976506256596,321,980,584,1041,452.5,1010.5,526.5
2204,36.72642859641188,321,988,585,1049,453.0,1018.5,534.5
2205,36.7430921302578,320,990,584,1052,452.0,1021.0,537.0
2206,36.75975566410372,321,983,582,1044,451.5,1013.5,529.5
2207,36.77641919794964,322,968,582,1030,452.0,999.0,515.0
2208,36.793082731795565,322,949,581,1012,451.5,980.5,496.5
2209,36.809746265641486,320,928,579,991,449.5,959.5,475.5
2210,36.82640979948741,319,903,576,968,447.5,935.5,451.5
2211,36.84307333333333,318,880,574,944,446.0,912.0,428.0
2212,36.85973686717925,316,855,573,919,444.5,887.0,403.0
2213,36.87640040102518,317,828,569,892,443.0,860.0,376.0
2214,36.8930639348711,313,802,569,864,441.0,833.0,349.0
2215,36.90972746871702,313,774,567,838,440.0,806.0,322.0
2216,36.926391002562944,306,745,566,810,436.0,777.5,293.5
2217,36.943054536408866,306,723,566,786,436.0,754.5,270.5
2218,36.95971807025479,302,702,565,766,433.5,734.0,250.0
2219,36.97638160410071,302,690,566,754,434.0,722.0,238.0
2220,36.99304513794663,301,685,567,749,434.0,717.0,233.0
2221,37.00970867179255,302,685,566,749,434.0,717.0,233.0
2222,37.026372205638474,301,691,564,756,432.5,723.5,239.5
2223,37.043035739484395,302,701,565,764,433.5,732.5,248.5
2224,37.05969927333032,303,713,566,777,434.5,745.0,261.0
2225,37.07636280717624,306,730,567,794,436.5,762.0,278.0
2226,37.09302634102216,306,749,568,814,437.0,781.5,297.5
2227,37.10968987486808,310,769,569,836,439.5,802.5,318.5
2228,37.126353408714,312,797,568,862,440.0,829.5,345.5
2229,37.143016942559925,316,825,569,891,442.5,858.0,374.0
2230,37.159680476405846,318,856,571,923,444.5,889.5,405.5
2231,37.17634401025177,318,887,574,953,446.0,920.0,436.0
2232,37.19300754409769,320,915,577,981,448.5,948.0,464.0
2233,37.20967107794361,320,940,578,1001,449.0,970.5,486.5
2234,37.22633461178954,320,957,581,1018,450.5,987.5,503.5
2235,37.24299814563546,319,968,581,1030,450.0,999.0,515.0
2236,37.25966167948138,321,976,582,1037,451.5,1006.5,522.5
2237,37.276325213327304,321,978,583,1039,452.0,1008.5,524.5
2238,37.292988747173226,321,977,584,1038,452.5,1007.5,523.5
2239,37.30965228101915,322,972,584,1033,453.0,1002.5,518.5
2240,37.32631581486507,321,962,584,1024,452.5,993.0,509.0
2241,37.34297934871099,321,948,581,1010,451.0,979.0,495.0
2242,37.35964288255691,321,928,580,990,450.5,959.0,475.0
2243,37.376306416402834,322,901,576,965,449.0,933.0,449.0
2244,37.392969950248755,321,871,574,936,447.5,903.5,419.5
2245,37.40963348409468,318,839,573,906,445.5,872.5,388.5
2246,37.4262970179406,317,812,574,876,445.5,844.0,360.0
2247,37.44296055178652,314,785,573,848,443.5,816.5,332.5
2248,37.45962408563244,312,761,569,825,440.5,793.0,309.0
2249,37.47628761947836,308,741,569,805,438.5,773.0,289.0
2250,37.492951153324285,306,723,568,788,437.0,755.5,271.5
2251,37.509614687170206,304,710,567,773,435.5,741.5,257.5
2252,37.52627822101613,303,699,567,762,435.0,730.5,246.5
2253,37.54294175486205,302,691,567,754,434.5,722.5,238.5
2254,37.55960528870797,303,687,567,750,435.0,718.5,234.5
2255,37.5762688225539,302,689,565,752,433.5,720.5,236.5
2256,37.59293235639982,302,699,565,762,433.5,730.5,246.5
2257,37.60959589024574,304,715,563,778,433.5,746.5,262.5
2258,37.626259424091664,307,735,565,799,436.0,767.0,283.0
2259,37.642922957937586,307,761,565,825,436.0,793.0,309.0
2260,37.65958649178351,308,790,566,852,437.0,821.0,337.0
2261,37.67625002562943,308,815,567,879,437.5,847.0,363.0
2262,37.69291355947535,311,841,569,906,440.0,873.5,389.5
2263,37.70957709332127,313,867,571,929,442.0,898.0,414.0
2264,37.72624062716719,314,889,574,954,444.0,921.5,437.5
2265,37.742904161013115,314,914,575,976,444.5,945.0,461.0
2266,37.75956769485904,317,935,576,999,446.5,967.0,483.0
2267,37.77623122870496,318,955,578,1017,448.0,986.0,502.0
2268,37.79289476255088,318,971,579,1034,448.5,1002.5,518.5
2269,37.8095582963968,319,981,582,1042,450.5,1011.5,527.5
2270,37.82622183024272,320,984,583,1046,451.5,1015.0,531.0
2271,37.842885364088644,320,980,584,1040,452.0,1010.0,526.0
2272,37.859548897934566,322,967,583,1030,452.5,998.5,514.5
2273,37.87621243178049,323,950,583,1013,453.0,981.5,497.5
2274,37.89287596562641,322,932,581,992,451.5,962.0,478.0
2275,37.90953949947234,324,911,581,973,452.5,942.0,458.0
2276,37.92620303331826,322,887,580,950,451.0,918.5,434.5
2277,37.94286656716418,322,864,580,927,451.0,895.5,411.5
2278,37.9595301010101,320,839,578,905,449.0,872.0,388.0
2279,37.976193634856024,320,812,576,876,448.0,844.0,360.0
2280,37.992857168701946,317,783,574,848,445.5,815.5,331.5
2281,38.00952070254787,314,756,572,822,443.0,789.0,305.0
2282,38.02618423639379,312,731,572,798,442.0,764.5,280.5
2283,38.04284777023971,311,713,571,778,441.0,745.5,261.5
2284,38.05951130408563,308,700,571,763,439.5,731.5,247.5
2285,38.07617483793155,306,693,570,756,438.0,724.5,240.5
2286,38.092838371777475,305,693,570,756,437.5,724.5,240.5
2287,38.1095019056234,305,695,568,758,436.5,726.5,242.5
2288,38.12616543946932,304,703,568,766,436.0,734.5,250.5
2289,38.14282897331524,302,715,566,776,434.0,745.5,261.5
2290,38.15949250716116,304,728,567,791,435.5,759.5,275.5
2291,38.17615604100708,304,744,566,809,435.0,776.5,292.5
2292,38.192819574853004,304,765,565,829,434.5,797.0,313.0
2293,38.209483108698926,309,788,564,854,436.5,821.0,337.0
2294,38.22614664254485,310,815,567,881,438.5,848.0,364.0
2295,38.24281017639077,310,846,568,910,439.0,878.0,394.0
2296,38.2594737102367,313,876,568,940,440.5,908.0,424.0
2297,38.27613724408262,312,905,570,968,441.0,936.5,452.5
2298,38.29280077792854,312,925,572,990,442.0,957.5,473.5
2299,38.30946431177446,312,945,574,1008,443.0,976.5,492.5
2300,38.326127845620384,313,958,576,1020,444.5,989.0,505.0
2301,38.342791379466306,315,967,578,1028,446.5,997.5,513.5
2302,38.35945491331223,316,971,578,1032,447.0,1001.5,517.5
2303,38.37611844715815,316,972,578,1034,447.0,1003.0,519.0
2304,38.39278198100407,318,969,579,1032,448.5,1000.5,516.5
2305,38.40944551484999,318,962,581,1024,449.5,993.0,509.0
2306,38.42610904869591,320,950,581,1012,450.5,981.0,497.0
2307,38.442772582541835,320,932,580,994,450.0,963.0,479.0
2308,38.45943611638776,323,907,579,972,451.0,939.5,455.5
2309,38.47609965023368,321,881,578,943,449.5,912.0,428.0
2310,38.4927631840796,324,850,578,915,451.0,882.5,398.5
2311,38.50942671792552,322,821,577,886,449.5,853.5,369.5
2312,38.52609025177144,319,794,577,858,448.0,826.0,342.0
2313,38.542753785617364,316,771,576,835,446.0,803.0,319.0
2314,38.559417319463286,314,752,576,815,445.0,783.5,299.5
2315,38.57608085330921,313,734,575,798,444.0,766.0,282.0
2316,38.59274438715513,310,719,574,782,442.0,750.5,266.5
2317,38.60940792100106,309,707,572,770,440.5,738.5,254.5
2318,38.62607145484698,307,697,570,760,438.5,728.5,244.5
2319,38.6427349886929,308,692,569,756,438.5,724.0,240.0
2320,38.65939852253882,308,693,569,756,438.5,724.5,240.5
2321,38.676062056384744,305,700,568,763,436.5,731.5,247.5
2322,38.692725590230665,305,713,568,776,436.5,744.5,260.5
2323,38.70938912407659,307,734,566,797,436.5,765.5,281.5
2324,38.72605265792251,308,758,568,820,438.0,789.0,305.0
2325,38.74271619176843,308,781,567,845,437.5,813.0,329.0
2326,38.75937972561435,306,806,565,872,435.5,839.0,355.0
2327,38.77604325946027,306,831,567,895,436.5,863.0,379.0
2328,38.792706793306195,308,856,567,919,437.5,887.5,403.5
2329,38.809370327152116,309,879,567,943,438.0,911.0,427.0
2330,38.82603386099804,309,901,568,965,438.5,933.0,449.0
2331,38.84269739484396,311,925,570,987,440.5,956.0,472.0
2332,38.85936092868988,312,944,570,1007,441.0,975.5,491.5
2333,38.8760244625358,312,960,574,1024,443.0,992.0,508.0
2334,38.892687996381724,313,973,576,1034,444.5,1003.5,519.5
2335,38.909351530227646,314,977,576,1038,445.0,1007.5,523.5
2336,38.92601506407357,315,976,577,1036,446.0,1006.0,522.0
2337,38.94267859791949,316,964,577,1028,446.5,996.0,512.0
2338,38.95934213176542,319,950,579,1013,449.0,981.5,497.5
2339,38.97600566561134,320,933,578,997,449.0,965.0,481.0
2340,38.99266919945726,320,912,579,976,449.5,944.0,460.0
2341,39.00933273330318,321,893,579,955,450.0,924.0,440.0
2342,39.025996267149104,319,870,578,934,448.5,902.0,418.0
2343,39.042659800995025,319,849,578,912,448.5,880.5,396.5
2344,39.05932333484095,319,821,578,886,448.5,853.5,369.5
2345,39.07598686868687,319,793,576,860,447.5,826.5,342.5
2346,39.09265040253279,318,768,577,833,447.5,800.5,316.5
2347,39.10931393637871,315,744,575,810,445.0,777.0,293.0
2348,39.12597747022463,314,724,576,788,445.0,756.0,272.0
2349,39.142641004070555,312,709,575,772,443.5,740.5,256.5
2350,39.159304537916476,311,700,575,764,443.0,732.0,248.0
2351,39.1759680717624,311,696,575,761,443.0,728.5,244.5
2352,39.19263160560832,310,698,575,762,442.5,730.0,246.0
2353,39.20929513945424,308,704,571,769,439.5,736.5,252.5
2354,39.22595867330016,307,714,571,778,439.0,746.0,262.0
2355,39.242622207146084,307,726,570,790,438.5,758.0,274.0
2356,39.259285740992006,305,740,569,804,437.0,772.0,288.0
2357,39.27594927483793,307,758,569,823,438.0,790.5,306.5
2358,39.292612808683856,309,782,568,846,438.5,814.0,330.0
2359,39.30927634252978,306,808,566,873,436.0,840.5,356.5
2360,39.3259398763757,307,837,567,902,437.0,869.5,385.5
2361,39.34260341022162,308,864,567,930,437.5,897.0,413.0
2362,39.35926694406754,312,891,567,957,439.5,924.0,440.0
2363,39.375930477913464,310,916,570,980,440.0,948.0,464.0
2364,39.392594011759385,309,934,569,998,439.0,966.0,482.0
2365,39.40925754560531,309,949,572,1010,440.5,979.5,495.5
2366,39.42592107945123,309,958,573,1020,441.0,989.0,505.0
2367,39.44258461329715,311,964,573,1026,442.0,995.0,511.0
2368,39.45924814714307,311,967,574,1029,442.5,998.0,514.0
2369,39.47591168098899,313,966,575,1028,444.0,997.0,513.0
2370,39.492575214834915,313,961,575,1022,444.0,991.5,507.5
2371,39.509238748680836,315,951,576,1012,445.5,981.5,497.5
2372,39.52590228252676,315,934,577,998,446.0,966.0,482.0
2373,39.54256581637268,319,913,577,976,448.0,944.5,460.5
2374,39.5592293502186,318,886,576,952,447.0,919.0,435.0
2375,39.57589288406452,320,856,575,923,447.5,889.5,405.5
2376,39.592556417910444,319,830,578,896,448.5,863.0,379.0
2377,39.609219951756366,318,803,577,870,447.5,836.5,352.5
2378,39.62588348560229,318,783,577,847,447.5,815.0,331.0
2379,39.642547019448216,319,762,576,826,447.5,794.0,310.0
2380,39.65921055329414,315,745,577,809,446.0,777.0,293.0
2381,39.67587408714006,315,729,576,792,445.5,760.5,276.5
2382,39.69253762098598,313,715,577,778,445.0,746.5,262.5
2383,39.7092011548319,312,706,576,768,444.0,737.0,253.0
2384,39.725864688677824,312,699,575,762,443.5,730.5,246.5
2385,39.742528222523745,312,697,575,760,443.5,728.5,244.5
2386,39.75919175636967,311,701,575,764,443.0,732.5,248.5
2387,39.77585529021559,311,714,573,776,442.0,745.0,261.0
2388,39.79251882406151,312,731,572,794,442.0,762.5,278.5
2389,39.80918235790743,311,754,569,816,440.0,785.0,301.0
2390,39.82584589175335,311,777,569,840,440.0,808.5,324.5
2391,39.842509425599275,312,800,568,863,440.0,831.5,347.5
2392,39.859172959445196,311,823,569,888,440.0,855.5,371.5
2393,39.87583649329112,309,845,568,910,438.5,877.5,393.5
2394,39.89250002713704,309,869,568,934,438.5,901.5,417.5
2395,39.90916356098296,309,889,568,954,438.5,921.5,437.5
2396,39.92582709482888,308,912,569,976,438.5,944.0,460.0
2397,39.942490628674804,308,934,568,996,438.0,965.0,481.0
2398,39.959154162520726,308,951,570,1014,439.0,982.5,498.5
2399,39.97581769636665,307,964,571,1026,439.0,995.0,511.0
2400,39.992481230212576,309,972,570,1032,439.5,1002.0,518.0
2401,40.0091447640585,309,971,570,1032,439.5,1001.5,517.5
2402,40.02580829790442,310,963,573,1024,441.5,993.5,509.5
2403,40.04247183175034,311,951,572,1013,441.5,982.0,498.0
2404,40.05913536559626,312,936,573,1000,442.5,968.0,484.0
2405,40.075798899442184,313,916,574,980,443.5,948.0,464.0
2406,40.092462433288105,313,898,574,962,443.5,930.0,446.0
2407,40.10912596713403,314,879,573,942,443.5,910.5,426.5
2408,40.12578950097995,315,855,574,920,444.5,887.5,403.5
2409,40.14245303482587,315,833,575,896,445.0,864.5,380.5
2410,40.15911656867179,316,803,574,870,445.0,836.5,352.5
2411,40.17578010251771,317,778,576,843,446.5,810.5,326.5
2412,40.192443636363635,315,754,575,818,445.0,786.0,302.0
2413,40.209107170209556,315,736,577,798,446.0,767.0,283.0
2414,40.22577070405548,315,720,578,782,446.5,751.0,267.0
2415,40.2424342379014,314,709,577,772,445.5,740.5,256.5
2416,40.25909777174732,313,705,577,768,445.0,736.5,252.5
2417,40.27576130559324,313,704,577,768,445.0,736.0,252.0
2418,40.292424839439164,312,709,576,772,444.0,740.5,256.5
2419,40.309088373285086,312,717,576,779,444.0,748.0,264.0
2420,40.32575190713101,312,727,575,789,443.5,758.0,274.0
2421,40.342415440976936,313,738,575,802,444.0,770.0,286.0
2422,40.35907897482286,313,753,574,818,443.5,785.5,301.5
2423,40.37574250866878,312,775,573,840,442.5,807.5,323.5
2424,40.3924060425147,313,800,572,865,442.5,832.5,348.5
2425,40.40906957636062,313,826,572,892,442.5,859.0,375.0
2426,40.425733110206544,313,853,570,919,441.5,886.0,402.0
2427,40.442396644052465,312,882,569,946,440.5,914.0,430.0
2428,40.45906017789839,311,904,570,968,440.5,936.0,452.0
2429,40.47572371174431,309,924,572,986,440.5,955.0,471.0
2430,40.49238724559023,310,940,571,1000,440.5,970.0,486.0
2431,40.50905077943615,310,949,572,1010,441.0,979.5,495.5
2432,40.52571431328207,310,956,571,1018,440.5,987.0,503.0
2433,40.542377847127995,309,961,571,1022,440.0,991.5,507.5
2434,40.559041380973916,309,962,570,1024,439.5,993.0,509.0
2435,40.57570491481984,309,960,570,1020,439.5,990.0,506.0
2436,40.59236844866576,309,951,571,1013,440.0,982.0,498.0
2437,40.60903198251168,311,936,570,1000,440.5,968.0,484.0
2438,40.6256955163576,312,917,570,980,441.0,948.5,464.5
2439,40.642359050203524,312,894,571,957,441.5,925.5,441.5
2440,40.659022584049445,312,866,570,930,441.0,898.0,414.0
2441,40.67568611789537,316,842,571,904,443.5,873.0,389.0
2442,40.692349651741296,312,816,571,879,441.5,847.5,363.5
2443,40.70901318558722,313,792,573,856,443.0,824.0,340.0
2444,40.72567671943314,313,772,573,836,443.0,804.0,320.0
2445,40.74234025327906,313,756,576,818,444.5,787.0,303.0
2446,40.75900378712498,313,739,577,802,445.0,770.5,286.5
2447,40.7756673209709,312,724,575,787,443.5,755.5,271.5
2448,40.792330854816825,313,713,576,776,444.5,744.5,260.5
2449,40.80899438866275,314,705,577,768,445.5,736.5,252.5
2450,40.82565792250867,313,703,577,766,445.0,734.5,250.5
2451,40.84232145635459,313,705,576,768,444.5,736.5,252.5
2452,40.85898499020051,313,715,576,778,444.5,746.5,262.5
2453,40.87564852404643,316,729,576,792,446.0,760.5,276.5
2454,40.892312057892354,314,749,575,814,444.5,781.5,297.5
2455,40.908975591738276,316,771,577,834,446.5,802.5,318.5
2456,40.9256391255842,314,793,576,856,445.0,824.5,340.5
2457,40.94230265943012,313,814,575,878,444.0,846.0,362.0
2458,40.95896619327604,314,837,575,900,444.5,868.5,384.5
2459,40.97562972712196,313,859,574,922,443.5,890.5,406.5
2460,40.992293260967884,316,881,574,944,445.0,912.5,428.5
2461,41.008956794813805,313,903,574,965,443.5,934.0,450.0
2462,41.025620328659734,312,922,573,987,442.5,954.5,470.5
2463,41.042283862505656,312,941,574,1004,443.0,972.5,488.5
2464,41.05894739635158,310,955,572,1018,441.0,986.5,502.5
2465,41.0756109301975,310,964,571,1025,440.5,994.5,510.5
2466,41.09227446404342,310,965,570,1026,440.0,995.5,511.5
2467,41.10893799788934,309,959,571,1022,440.0,990.5,506.5
2468,41.12560153173526,310,949,571,1012,440.5,980.5,496.5
2469,41.142265065581185,308,935,570,999,439.0,967.0,483.0
2470,41.15892859942711,307,921,569,984,438.0,952.5,468.5
2471,41.17559213327303,310,904,569,966,439.5,935.0,451.0
2472,41.19225566711895,310,886,570,948,440.0,917.0,433.0
2473,41.20891920096487,309,864,570,926,439.5,895.0,411.0
2474,41.22558273481079,310,840,570,904,440.0,872.0,388.0
2475,41.242246268656714,313,816,569,879,441.0,847.5,363.5
2476,41.258909802502636,312,790,570,854,441.0,822.0,338.0
2477,41.27557333634856,313,766,572,830,442.5,798.0,314.0
2478,41.29223687019448,313,745,573,808,443.0,776.5,292.5
2479,41.3089004040404,311,728,573,792,442.0,760.0,276.0
2480,41.32556393788632,311,718,575,781,443.0,749.5,265.5
2481,41.342227471732244,311,712,575,776,443.0,744.0,260.0
2482,41.358891005578165,311,711,575,774,443.0,742.5,258.5
2483,41.375554539424094,311,713,575,776,443.0,744.5,260.5
2484,41.392218073270016,314,719,577,782,445.5,750.5,266.5
2485,41.40888160711594,315,727,576,790,445.5,758.5,274.5
2486,41.42554514096186,317,738,577,800,447.0,769.0,285.0
2487,41.44220867480778,317,752,577,815,447.0,783.5,299.5
2488,41.4588722086537,318,770,577,834,447.5,802.0,318.0
2489,41.47553574249962,320,794,576,857,448.0,825.5,341.5
2490,41.492199276345545,321,818,574,885,447.5,851.5,367.5
2491,41.50886281019147,321,845,576,911,448.5,878.0,394.0
2492,41.52552634403739,318,871,576,936,447.0,903.5,419.5
2493,41.54218987788331,317,895,577,958,447.0,926.5,442.5
2494,41.55885341172923,314,915,576,976,445.0,945.5,461.5
2495,41.57551694557515,313,929,576,992,444.5,960.5,476.5
2496,41.592180479421074,313,940,575,1003,444.0,971.5,487.5
2497,41.608844013266996,313,949,575,1010,444.0,979.5,495.5
2498,41.62550754711292,313,955,575,1016,444.0,985.5,501.5
2499,41.64217108095884,312,958,575,1018,443.5,988.0,504.0
2500,41.65883461480476,312,957,574,1018,443.0,987.5,503.5
2501,41.67549814865068,310,951,572,1012,441.0,981.5,497.5
2502,41.692161682496604,309,936,570,1000,439.5,968.0,484.0
2503,41.708825216342525,307,919,568,984,437.5,951.5,467.5
2504,41.725488750188454,308,898,570,962,439.0,930.0,446.0
2505,41.742152284034375,307,873,568,936,437.5,904.5,420.5
2506,41.7588158178803,306,849,567,912,436.5,880.5,396.5
2507,41.77547935172622,307,824,567,889,437.0,856.5,372.5
2508,41.79214288557214,307,803,568,866,437.5,834.5,350.5
2509,41.80880641941806,306,781,568,846,437.0,813.5,329.5
2510,41.82546995326398,306,764,569,828,437.5,796.0,312.0
2511,41.842133487109905,306,749,570,812,438.0,780.5,296.5
2512,41.858797020955826,307,734,571,797,439.0,765.5,281.5
2513,41.87546055480175,309,720,570,784,439.5,752.0,268.0
2514,41.89212408864767,309,711,573,775,441.0,743.0,259.0
2515,41.90878762249359,310,706,574,770,442.0,738.0,254.0
2516,41.92545115633951,311,708,575,772,443.0,740.0,256.0
2517,41.942114690185434,313,716,576,779,444.5,747.5,263.5
2518,41.958778224031356,313,728,576,792,444.5,760.0,276.0
2519,41.97544175787728,314,746,576,810,445.0,778.0,294.0
2520,41.9921052917232,316,766,576,829,446.0,797.5,313.5
2521,42.00876882556912,315,787,578,850,446.5,818.5,334.5
2522,42.02543235941504,316,807,577,872,446.5,839.5,355.5
2523,42.042095893260964,317,828,578,891,447.5,859.5,375.5
2524,42.058759427106885,318,850,578,912,448.0,881.0,397.0
2525,42.075422960952814,321,870,580,934,450.5,902.0,418.0
2526,42.092086494798735,319,893,580,955,449.5,924.0,440.0
2527,42.10875002864466,319,913,579,975,449.0,944.0,460.0
2528,42.12541356249058,316,932,578,996,447.0,964.0,480.0
2529,42.1420770963365,315,945,578,1008,446.5,976.5,492.5
2530,42.15874063018242,314,957,576,1018,445.0,987.5,503.5
2531,42.17540416402834,314,959,576,1020,445.0,989.5,505.5
2532,42.192067697874265,313,955,575,1018,444.0,986.5,502.5
2533,42.208731231720186,312,946,575,1009,443.5,977.5,493.5
2534,42.22539476556611,311,936,572,999,441.5,967.5,483.5
2535,42.24205829941203,311,922,572,984,441.5,953.0,469.0
2536,42.25872183325795,310,908,570,970,440.0,939.0,455.0
2537,42.27538536710387,308,890,569,953,438.5,921.5,437.5
2538,42.292048900949794,309,870,568,933,438.5,901.5,417.5
2539,42.308712434795716,307,848,568,912,437.5,880.0,396.0
2540,42.32537596864164,306,823,567,888,436.5,855.5,371.5
2541,42.34203950248756,307,799,567,864,437.0,831.5,347.5
2542,42.35870303633348,306,776,567,840,436.5,808.0,324.0
2543,42.3753665701794,305,753,568,817,436.5,785.0,301.0
2544,42.392030104025324,305,736,569,800,437.0,768.0,284.0
2545,42.40869363787125,305,727,569,790,437.0,758.5,274.5
2546,42.425357171717174,305,720,570,782,437.5,751.0,267.0
2547,42.442020705563095,306,717,570,780,438.0,748.5,264.5
2548,42.45868423940902,307,718,571,781,439.0,749.5,265.5
2549,42.47534777325494,309,721,574,784,441.5,752.5,268.5
2550,42.49201130710086,310,728,575,790,442.5,759.0,275.0
2551,42.50867484094678,312,737,575,800,443.5,768.5,284.5
2552,42.5253383747927,313,749,575,813,444.0,781.0,297.0
2553,42.542001908638625,316,766,576,830,446.0,798.0,314.0
2554,42.558665442484546,317,788,577,850,447.0,819.0,335.0
2555,42.57532897633047,320,811,578,876,449.0,843.5,359.5
2556,42.59199251017639,321,837,578,902,449.5,869.5,385.5
2557,42.60865604402231,320,861,578,926,449.0,893.5,409.5
2558,42.62531957786823,319,885,580,948,449.5,916.5,432.5
2559,42.641983111714154,319,904,580,967,449.5,935.5,451.5
2560,42.658646645560076,319,920,581,982,450.0,951.0,467.0
2561,42.675310179406,318,931,581,994,449.5,962.5,478.5
2562,42.69197371325192,318,941,580,1002,449.0,971.5,487.5
2563,42.70863724709784,318,948,580,1009,449.0,978.5,494.5
2564,42.72530078094376,317,952,578,1013,447.5,982.5,498.5
2565,42.74196431478968,315,953,577,1014,446.0,983.5,499.5
2566,42.75862784863561,314,948,577,1010,445.5,979.0,495.0
2567,42.775291382481534,313,939,575,1000,444.0,969.5,485.5
2568,42.791954916327455,313,922,573,984,443.0,953.0,469.0
2569,42.80861845017338,310,902,571,964,440.5,933.0,449.0
2570,42.8252819840193,310,879,570,942,440.0,910.5,426.5
2571,42.84194551786522,310,855,568,920,439.0,887.5,403.5
2572,42.85860905171114,308,833,567,896,437.5,864.5,380.5
2573,42.87527258555706,306,812,567,876,436.5,844.0,360.0
2574,42.891936119402985,305,794,566,856,435.5,825.0,341.0
2575,42.908599653248906,304,775,567,838,435.5,806.5,322.5
2576,42.92526318709483,303,758,567,822,435.0,790.0,306.0
2577,42.94192672094075,304,742,567,806,435.5,774.0,290.0
2578,42.95859025478667,304,730,567,792,435.5,761.0,277.0
2579,42.97525378863259,305,718,568,782,436.5,750.0,266.0
2580,42.991917322478514,305,713,568,776,436.5,744.5,260.5
2581,43.008580856324436,305,713,568,776,436.5,744.5,260.5
2582,43.02524439017036,307,720,571,784,439.0,752.0,268.0
2583,43.04190792401628,309,731,571,794,440.0,762.5,278.5
2584,43.0585714578622,310,745,572,809,441.0,777.0,293.0
2585,43.07523499170812,312,762,574,827,443.0,794.5,310.5
2586,43.09189852555404,313,782,576,846,444.5,814.0,330.0
2587,43.10856205939997,315,801,574,865,444.5,833.0,349.0
2588,43.125225593245894,315,821,578,884,446.5,852.5,368.5
2589,43.141889127091815,317,841,578,904,447.5,872.5,388.5
2590,43.15855266093774,320,862,579,926,449.5,894.0,410.0
2591,43.17521619478366,322,883,580,947,451.0,915.0,431.0
2592,43.19187972862958,322,905,580,968,451.0,936.5,452.5
2593,43.2085432624755,320,924,581,986,450.5,955.0,471.0
2594,43.22520679632142,320,939,582,1002,451.0,970.5,486.5
2595,43.241870330167345,319,950,581,1010,450.0,980.0,496.0
2596,43.258533864013266,320,953,580,1014,450.0,983.5,499.5
2597,43.27519739785919,319,951,580,1012,449.5,981.5,497.5
2598,43.29186093170511,318,944,579,1007,448.5,975.5,491.5
2599,43.30852446555103,316,935,577,998,446.5,966.5,482.5
2600,43.32518799939695,316,922,576,986,446.0,954.0,470.0
2601,43.341851533242874,313,909,575,972,444.0,940.5,456.5
2602,43.358515067088796,312,894,574,958,443.0,926.0,442.0
2603,43.37517860093472,311,876,572,938,441.5,907.0,423.0
2604,43.39184213478064,309,855,570,918,439.5,886.5,402.5
2605,43.40850566862656,310,831,570,896,440.0,863.5,379.5
2606,43.42516920247248,307,808,568,871,437.5,839.5,355.5
2607,43.4418327363184,307,786,566,848,436.5,817.0,333.0
2608,43.45849627016433,306,764,566,827,436.0,795.5,311.5
2609,43.475159804010254,305,747,568,810,436.5,778.5,294.5
2610,43.491823337856175,303,734,567,798,435.0,766.0,282.0
2611,43.5084868717021,303,727,565,790,434.0,758.5,274.5
2612,43.52515040554802,302,723,565,788,433.5,755.5,271.5
2613,43.54181393939394,304,723,566,786,435.0,754.5,270.5
2614,43.55847747323986,304,724,566,788,435.0,756.0,272.0
2615,43.57514100708578,304,729,568,792,436.0,760.5,276.5
2616,43.591804540931705,306,737,570,798,438.0,767.5,283.5
2617,43.608468074777626,308,748,570,810,439.0,779.0,295.0
2618,43.62513160862355,310,764,571,828,440.5,796.0,312.0
2619,43.64179514246947,311,781,572,847,441.5,814.0,330.0
2620,43.65845867631539,314,805,572,870,443.0,837.5,353.5
2621,43.67512221016131,315,830,575,895,445.0,862.5,378.5
2622,43.691785744007234,316,853,576,917,446.0,885.0,401.0
2623,43.708449277853155,317,876,578,940,447.5,908.0,424.0
2624,43.72511281169908,319,894,579,958,449.0,926.0,442.0
2625,43.741776345545,319,909,581,972,450.0,940.5,456.5
2626,43.75843987939092,319,922,581,984,450.0,953.0,469.0
2627,43.77510341323684,320,932,583,994,451.5,963.0,479.0
2628,43.79176694708276,320,941,583,1002,451.5,971.5,487.5
2629,43.80843048092869,320,946,583,1008,451.5,977.0,493.0
2630,43.82509401477461,319,947,583,1008,451.0,977.5,493.5
2631,43.841757548620535,319,947,583,1007,451.0,977.0,493.0
2632,43.85842108246646,318,938,581,1000,449.5,969.0,485.0
2633,43.87508461631238,317,923,578,986,447.5,954.5,470.5
2634,43.8917481501583,316,904,577,968,446.5,936.0,452.0
2635,43.90841168400422,315,883,576,947,445.5,915.0,431.0
2636,43.92507521785014,315,860,575,926,445.0,893.0,409.0
2637,43.941738751696064,312,840,572,904,442.0,872.0,388.0
2638,43.958402285541986,311,821,572,884,441.5,852.5,368.5
2639,43.97506581938791,310,802,571,864,440.5,833.0,349.0
2640,43.99172935323383,307,784,569,847,438.0,815.5,331.5
2641,44.00839288707975,306,768,568,830,437.0,799.0,315.0
2642,44.02505642092567,304,752,566,814,435.0,783.0,299.0
2643,44.041719954771594,304,737,567,801,435.5,769.0,285.0
2644,44.058383488617515,304,727,566,790,435.0,758.5,274.5
2645,44.07504702246344,303,720,567,782,435.0,751.0,267.0
2646,44.09171055630936,304,719,567,781,435.5,750.0,266.0
2647,44.10837409015528,303,723,567,785,435.0,754.0,270.0
2648,44.1250376240012,305,732,567,795,436.0,763.5,279.5
2649,44.14170115784713,305,745,566,808,435.5,776.5,292.5
2650,44.15836469169305,308,761,568,824,438.0,792.5,308.5
2651,44.17502822553897,308,778,569,841,438.5,809.5,325.5
2652,44.191691759384895,310,796,572,860,441.0,828.0,344.0
2653,44.20835529323082,312,816,572,879,442.0,847.5,363.5
2654,44.22501882707674,315,833,573,896,444.0,864.5,380.5
2655,44.24168236092266,316,854,576,917,446.0,885.5,401.5
2656,44.25834589476858,317,874,577,938,447.0,906.0,422.0
2657,44.2750094286145,318,896,578,959,448.0,927.5,443.5
2658,44.291672962460424,317,913,579,977,448.0,945.0,461.0
2659,44.308336496306346,319,931,580,992,449.5,961.5,477.5
2660,44.32500003015227,320,942,580,1003,450.0,972.5,488.5
2661,44.34166356399819,319,947,580,1008,449.5,977.5,493.5
2662,44.35832709784411,318,947,580,1008,449.0,977.5,493.5
2663,44.37499063169003,318,942,580,1003,449.0,972.5,488.5
2664,44.391654165535954,319,935,581,996,450.0,965.5,481.5
2665,44.408317699381875,319,924,580,986,449.5,955.0,471.0
2666,44.4249812332278,318,912,579,974,448.5,943.0,459.0
2667,44.44164476707372,317,896,578,961,447.5,928.5,444.5
2668,44.45830830091964,317,882,578,944,447.5,913.0,429.0
2669,44.47497183476556,315,862,575,925,445.0,893.5,409.5
2670,44.49163536861149,315,841,574,904,444.5,872.5,388.5
2671,44.50829890245741,312,816,573,879,442.5,847.5,363.5
2672,44.52496243630333,312,793,572,857,442.0,825.0,341.0
2673,44.541625970149255,309,774,569,836,439.0,805.0,321.0
2674,44.55828950399518,308,756,569,819,438.5,787.5,303.5
2675,44.5749530378411,305,744,568,806,436.5,775.0,291.0
2676,44.59161657168702,305,735,567,798,436.0,766.5,282.5
2677,44.60828010553294,304,731,567,794,435.5,762.5,278.5
2678,44.62494363937886,304,728,567,792,435.5,760.0,276.0
2679,44.641607173224784,303,729,567,792,435.0,760.5,276.5
2680,44.658270707070706,303,732,568,795,435.5,763.5,279.5
2681,44.67493424091663,303,738,567,800,435.0,769.0,285.0
2682,44.69159777476255,304,747,567,810,435.5,778.5,294.5
2683,44.70826130860847,305,762,568,824,436.5,793.0,309.0
2684,44.72492484245439,306,779,568,842,437.0,810.5,326.5
2685,44.741588376300314,308,800,570,865,439.0,832.5,348.5
2686,44.758251910146235,309,823,569,887,439.0,855.0,371.0
2687,44.77491544399216,311,846,570,910,440.5,878.0,394.0
2688,44.79157897783808,314,867,574,931,444.0,899.0,415.0
2689,44.808242511684,314,885,575,948,444.5,916.5,432.5
2690,44.82490604552992,315,901,575,964,445.0,932.5,448.5
2691,44.84156957937585,317,915,579,976,448.0,945.5,461.5
2692,44.85823311322177,318,925,580,987,449.0,956.0,472.0
2693,44.87489664706769,320,934,581,997,450.5,965.5,481.5
2694,44.891560180913615,319,941,583,1002,451.0,971.5,487.5
2695,44.90822371475954,320,943,582,1005,451.0,974.0,490.0
2696,44.92488724860546,320,943,582,1004,451.0,973.5,489.5
2697,44.94155078245138,320,936,582,998,451.0,967.0,483.0
2698,44.9582143162973,320,924,582,986,451.0,955.0,471.0
2699,44.97487785014322,321,907,581,970,451.0,938.5,454.5
2700,44.991541383989144,321,887,581,950,451.0,918.5,434.5
2701,45.008204917835066,320,867,579,930,449.5,898.5,414.5
2702,45.02486845168099,319,846,578,910,448.5,878.0,394.0
2703,45.04153198552691,318,828,578,890,448.0,859.0,375.0
2704,45.05819551937283,315,810,576,874,445.5,842.0,358.0
2705,45.07485905321875,313,793,573,856,443.0,824.5,340.5
2706,45.091522587064674,310,776,573,838,441.5,807.0,323.0
2707,45.108186120910595,310,760,571,823,440.5,791.5,307.5
2708,45.12484965475652,307,746,570,809,438.5,777.5,293.5
2709,45.14151318860244,306,734,570,797,438.0,765.5,281.5
2710,45.15817672244836,305,725,569,789,437.0,757.0,273.0
2711,45.17484025629428,305,723,568,786,436.5,754.5,270.5
2712,45.19150379014021,304,726,568,789,436.0,757.5,273.5
2713,45.20816732398613,304,734,567,797,435.5,765.5,281.5
2714,45.22483085783205,304,746,567,808,435.5,777.0,293.0
2715,45.241494391677975,304,761,567,823,435.5,792.0,308.0
2716,45.258157925523896,306,775,567,838,436.5,806.5,322.5
2717,45.27482145936982,305,791,567,855,436.0,823.0,339.0
2718,45.29148499321574,305,808,568,872,436.5,840.0,356.0
2719,45.30814852706166,307,826,569,890,438.0,858.0,374.0
2720,45.32481206090758,308,846,569,909,438.5,877.5,393.5
2721,45.341475594753504,311,866,570,929,440.5,897.5,413.5
2722,45.358139128599426,311,887,573,950,442.0,918.5,434.5
2723,45.37480266244535,312,905,573,969,442.5,937.0,453.0
2724,45.39146619629127,313,921,574,984,443.5,952.5,468.5
2725,45.40812973013719,314,934,576,996,445.0,965.0,481.0
2726,45.42479326398311,314,940,578,1002,446.0,971.0,487.0
2727,45.441456797829034,315,940,577,1002,446.0,971.0,487.0
2728,45.458120331674955,318,938,578,999,448.0,968.5,484.5
2729,45.47478386552088,319,932,580,993,449.5,962.5,478.5
2730,45.4914473993668,319,922,582,985,450.5,953.5,469.5
2731,45.50811093321272,318,914,581,974,449.5,944.0,460.0
2732,45.52477446705865,319,901,580,962,449.5,931.5,447.5
2733,45.54143800090457,318,885,580,948,449.0,916.5,432.5
2734,45.55810153475049,318,868,579,930,448.5,899.0,415.0
2735,45.57476506859641,318,846,578,910,448.0,878.0,394.0
2736,45.591428602442335,318,824,578,888,448.0,856.0,372.0
2737,45.608092136288256,317,801,576,865,446.5,833.0,349.0
2738,45.62475567013418,314,783,575,845,444.5,814.0,330.0
2739,45.6414192039801,312,765,575,828,443.5,796.5,312.5
2740,45.65808273782602,312,751,574,815,443.0,783.0,299.0
2741,45.67474627167194,310,743,572,806,441.0,774.5,290.5
2742,45.691409805517864,309,736,571,799,440.0,767.5,283.5
2743,45.708073339363786,308,734,571,796,439.5,765.0,281.0
2744,45.72473687320971,308,734,570,796,439.0,765.0,281.0
2745,45.74140040705563,306,734,569,798,437.5,766.0,282.0
2746,45.75806394090155,306,739,567,802,436.5,770.5,286.5
2747,45.77472747474747,306,747,568,810,437.0,778.5,294.5
2748,45.79139100859339,305,759,568,824,436.5,791.5,307.5
2749,45.808054542439315,305,775,567,840,436.0,807.5,323.5
2750,45.82471807628524,304,795,566,860,435.0,827.5,343.5
2751,45.84138161013116,308,817,567,880,437.5,848.5,364.5
2752,45.85804514397708,309,839,568,903,438.5,871.0,387.0
2753,45.87470867782301,309,858,570,922,439.5,890.0,406.0
2754,45.89137221166893,309,877,569,940,439.0,908.5,424.5
2755,45.90803574551485,310,893,571,957,440.5,925.0,441.0
2756,45.92469927936077,311,906,573,968,442.0,937.0,453.0
2757,45.941362813206695,313,917,573,980,443.0,948.5,464.5
2758,45.958026347052616,313,926,575,988,444.0,957.0,473.0
2759,45.97468988089854,314,934,576,997,445.0,965.5,481.5
2760,45.99135341474446,314,939,576,1000,445.0,969.5,485.5
2761,46.00801694859038,315,940,576,1001,445.5,970.5,486.5
2762,46.0246804824363,316,934,578,995,447.0,964.5,480.5
2763,46.041344016282224,318,923,578,986,448.0,954.5,470.5
2764,46.058007550128146,318,909,579,972,448.5,940.5,456.5
2765,46.07467108397407,320,890,578,954,449.0,922.0,438.0
2766,46.09133461781999,320,871,579,934,449.5,902.5,418.5
2767,46.10799815166591,319,853,578,916,448.5,884.5,400.5
2768,46.12466168551183,318,834,578,898,448.0,866.0,382.0
2769,46.14132521935775,316,817,578,880,447.0,848.5,364.5
2770,46.157988753203675,315,802,578,864,446.5,833.0,349.0
2771,46.1746522870496,315,784,578,847,446.5,815.5,331.5
2772,46.19131582089552,313,768,576,830,444.5,799.0,315.0
2773,46.20797935474144,313,753,575,817,444.0,785.0,301.0
2774,46.22464288858737,311,740,575,804,443.0,772.0,288.0
2775,46.24130642243329,311,733,573,796,442.0,764.5,280.5
2776,46.25796995627921,310,729,573,792,441.5,760.5,276.5
2777,46.27463349012513,309,730,573,792,441.0,761.0,277.0
2778,46.291297023971055,308,736,570,799,439.0,767.5,283.5
2779,46.307960557816976,307,747,569,809,438.0,778.0,294.0
2780,46.3246240916629,307,758,570,822,438.5,790.0,306.0
2781,46.34128762550882,306,773,569,836,437.5,804.5,320.5
2782,46.35795115935474,305,786,568,850,436.5,818.0,334.0
2783,46.37461469320066,305,804,568,866,436.5,835.0,351.0
2784,46.391278227046584,306,820,568,883,437.0,851.5,367.5
2785,46.407941760892506,307,838,568,902,437.5,870.0,386.0
2786,46.42460529473843,308,856,567,920,437.5,888.0,404.0
2787,46.44126882858435,308,877,569,940,438.5,908.5,424.5
2788,46.45793236243027,307,897,568,959,437.5,928.0,444.0
2789,46.47459589627619,308,914,570,977,439.0,945.5,461.5
2790,46.49125943012211,308,926,572,988,440.0,957.0,473.0
2791,46.507922963968035,309,934,572,995,440.5,964.5,480.5
2792,46.52458649781396,310,935,572,997,441.0,966.0,482.0
2793,46.54125003165988,313,934,573,996,443.0,965.0,481.0
2794,46.5579135655058,314,929,575,990,444.5,959.5,475.5
2795,46.57457709935173,314,922,576,984,445.0,953.0,469.0
2796,46.59124063319765,315,913,576,975,445.5,944.0,460.0
2797,46.60790416704357,315,903,577,964,446.0,933.5,449.5
2798,46.62456770088949,315,890,577,952,446.0,921.0,437.0
2799,46.641231234735415,316,873,578,936,447.0,904.5,420.5
2800,46.657894768581336,317,853,578,916,447.5,884.5,400.5
2801,46.67455830242726,318,831,578,894,448.0,862.5,378.5
2802,46.69122183627318,317,809,577,872,447.0,840.5,356.5
2803,46.7078853701191,317,789,578,852,447.5,820.5,336.5
2804,46.72454890396502,317,771,577,836,447.0,803.5,319.5
2805,46.741212437810944,315,760,577,822,446.0,791.0,307.0
2806,46.757875971656865,313,751,577,813,445.0,782.0,298.0
2807,46.77453950550279,314,743,577,806,445.5,774.5,290.5
2808,46.79120303934871,312,739,576,802,444.0,770.5,286.5
2809,46.80786657319463,311,738,575,800,443.0,769.0,285.0
2810,46.82453010704055,311,738,575,801,443.0,769.5,285.5
2811,46.84119364088647,311,741,574,804,442.5,772.5,288.5
2812,46.857857174732395,310,747,573,810,441.5,778.5,294.5
2813,46.874520708578316,309,758,571,822,440.0,790.0,306.0
2814,46.89118424242424,310,772,571,836,440.5,804.0,320.0
2815,46.90784777627017,309,791,569,854,439.0,822.5,338.5
2816,46.92451131011609,309,811,570,876,439.5,843.5,359.5
2817,46.94117484396201,309,831,569,896,439.0,863.5,379.5
2818,46.95783837780793,308,851,570,914,439.0,882.5,398.5
2819,46.97450191165385,307,868,570,933,438.5,900.5,416.5
2820,46.991165445499774,307,884,570,948,438.5,916.0,432.0
2821,47.007828979345696,307,899,571,960,439.0,929.5,445.5
2822,47.02449251319162,308,910,571,973,439.5,941.5,457.5
2823,47.04115604703754,310,919,570,982,440.0,950.5,466.5
2824,47.05781958088346,309,929,572,990,440.5,959.5,475.5
2825,47.07448311472938,311,934,573,996,442.0,965.0,481.0
2826,47.091146648575304,310,936,573,997,441.5,966.5,482.5
2827,47.107810182421225,310,932,573,994,441.5,963.0,479.0
2828,47.12447371626715,312,923,574,985,443.0,954.0,470.0
2829,47.14113725011307,313,910,576,972,444.5,941.0,457.0
2830,47.15780078395899,313,893,574,956,443.5,924.5,440.5
2831,47.17446431780491,313,877,575,939,444.0,908.0,424.0
2832,47.19112785165083,314,859,576,921,445.0,890.0,406.0
2833,47.207791385496755,315,842,577,904,446.0,873.0,389.0
2834,47.224454919342676,315,824,576,888,445.5,856.0,372.0
2835,47.2411184531886,315,807,577,872,446.0,839.5,355.5
2836,47.25778198703453,314,793,577,856,445.5,824.5,340.5
2837,47.27444552088045,313,776,576,839,444.5,807.5,323.5
2838,47.29110905472637,314,761,576,826,445.0,793.5,309.5
2839,47.30777258857229,314,748,578,811,446.0,779.5,295.5
2840,47.32443612241821,314,739,577,802,445.5,770.5,286.5
2841,47.341099656264134,313,734,576,797,444.5,765.5,281.5
2842,47.357763190110056,313,734,576,797,444.5,765.5,281.5
2843,47.37442672395598,312,739,575,802,443.5,770.5,286.5
2844,47.3910902578019,312,747,575,810,443.5,778.5,294.5
2845,47.40775379164782,312,759,575,822,443.5,790.5,306.5
2846,47.42441732549374,311,771,574,834,442.5,802.5,318.5
2847,47.441080859339664,311,785,573,848,442.0,816.5,332.5
2848,47.457744393185585,310,800,574,862,442.0,831.0,347.0
2849,47.47440792703151,310,814,572,878,441.0,846.0,362.0
2850,47.49107146087743,311,833,570,896,440.5,864.5,380.5
2851,47.50773499472335,310,851,572,914,441.0,882.5,398.5
2852,47.52439852856927,311,870,570,934,440.5,902.0,418.0
2853,47.54106206241519,309,889,571,952,440.0,920.5,436.5
2854,47.557725596261115,309,905,571,968,440.0,936.5,452.5
2855,47.574389130107036,309,918,570,981,439.5,949.5,465.5
2856,47.59105266395296,308,928,572,988,440.0,958.0,474.0
2857,47.60771619779889,310,929,570,991,440.0,960.0,476.0
2858,47.62437973164481,310,929,570,991,440.0,960.0,476.0
2859,47.64104326549073,310,926,572,988,441.0,957.0,473.0
2860,47.65770679933665,311,921,572,982,441.5,951.5,467.5
2861,47.67437033318257,311,915,572,976,441.5,945.5,461.5
2862,47.691033867028494,311,904,572,966,441.5,935.0,451.0
2863,47.707697400874416,311,892,573,954,442.0,923.0,439.0
2864,47.72436093472034,313,876,574,938,443.5,907.0,423.0
2865,47.74102446856626,312,859,573,921,442.5,890.0,406.0
2866,47.75768800241218,313,837,573,900,443.0,868.5,384.5
2867,47.7743515362581,315,817,575,880,445.0,848.5,364.5
2868,47.791015070104024,314,797,576,861,445.0,829.0,345.0
2869,47.807678603949945,315,781,576,844,445.5,812.5,328.5
2870,47.82434213779587,313,767,575,830,444.0,798.5,314.5
2871,47.84100567164179,314,758,577,820,445.5,789.0,305.0
2872,47.85766920548771,314,750,577,814,445.5,782.0,298.0
2873,47.87433273933363,314,745,576,808,445.0,776.5,292.5
2874,47.89099627317955,313,742,576,804,444.5,773.0,289.0
2875,47.907659807025475,313,742,576,804,444.5,773.0,289.0
2876,47.924323340871396,312,743,576,805,444.0,774.0,290.0
2877,47.94098687471732,313,749,577,810,445.0,779.5,295.5
2878,47.95765040856325,314,758,575,820,444.5,789.0,305.0
2879,47.97431394240917,313,770,576,833,444.5,801.5,317.5
2880,47.99097747625509,314,788,575,850,444.5,819.0,335.0
2881,48.00764101010101,313,807,575,869,444.0,838.0,354.0
2882,48.02430454394693,312,827,575,889,443.5,858.0,374.0
2883,48.040968077792854,312,844,573,908,442.5,876.0,392.0
2884,48.057631611638776,311,863,573,925,442.0,894.0,410.0
2885,48.0742951454847,311,878,573,939,442.0,908.5,424.5
2886,48.09095867933062,310,891,573,952,441.5,921.5,437.5
2887,48.10762221317654,310,902,573,964,441.5,933.0,449.0
2888,48.12428574702246,310,912,573,974,441.5,943.0,459.0
2889,48.140949280868384,310,922,573,984,441.5,953.0,469.0
2890,48.157612814714305,309,928,572,990,440.5,959.0,475.0
2891,48.17427634856023,307,930,571,992,439.0,961.0,477.0
2892,48.19093988240615,308,929,571,992,439.5,960.5,476.5
2893,48.20760341625207,308,922,571,984,439.5,953.0,469.0
2894,48.22426695009799,309,911,572,973,440.5,942.0,458.0
2895,48.24093048394391,308,896,571,958,439.5,927.0,443.0
2896,48.257594017789835,311,879,571,942,441.0,910.5,426.5
2897,48.274257551635756,310,863,572,926,441.0,894.5,410.5
2898,48.29092108548168,310,847,572,910,441.0,878.5,394.5
2899,48.307584619327606,311,829,573,893,442.0,861.0,377.0
2900,48.32424815317353,311,815,574,879,442.5,847.0,363.0
2901,48.34091168701945,311,799,573,863,442.0,831.0,347.0
2902,48.35757522086537,312,782,574,847,443.0,814.5,330.5
2903,48.37423875471129,312,769,575,832,443.5,800.5,316.5
2904,48.390902288557214,313,753,576,818,444.5,785.5,301.5
2905,48.407565822403136,313,745,576,808,444.5,776.5,292.5
2906,48.42422935624906,313,739,576,802,444.5,770.5,286.5
2907,48.44089289009498,314,739,576,801,445.0,770.0,286.0
2908,48.4575564239409,313,742,576,804,444.5,773.0,289.0
2909,48.47421995778682,314,749,577,811,445.5,780.0,296.0
2910,48.490883491632744,315,758,578,822,446.5,790.0,306.0
2911,48.507547025478665,315,770,577,832,446.0,801.0,317.0
2912,48.52421055932459,315,782,577,844,446.0,813.0,329.0
2913,48.54087409317051,315,795,577,858,446.0,826.5,342.5
2914,48.55753762701643,316,808,577,872,446.5,840.0,356.0
2915,48.57420116086235,315,825,576,888,445.5,856.5,372.5
2916,48.59086469470827,316,843,576,907,446.0,875.0,391.0
2917,48.607528228554195,315,864,576,926,445.5,895.0,411.0
2918,48.624191762400116,315,882,576,944,445.5,913.0,429.0
2919,48.640855296246045,313,898,576,960,444.5,929.0,445.0
2920,48.657518830091966,313,910,575,972,444.0,941.0,457.0
2921,48.67418236393789,312,919,575,982,443.5,950.5,466.5
2922,48.69084589778381,312,925,574,986,443.0,955.5,471.5
2923,48.70750943162973,313,925,575,986,444.0,955.5,471.5
2924,48.72417296547565,312,923,574,985,443.0,954.0,470.0
2925,48.740836499321574,311,918,572,980,441.5,949.0,465.0
2926,48.757500033167496,309,913,572,974,440.5,943.5,459.5
2927,48.77416356701342,309,905,571,967,440.0,936.0,452.0
2928,48.79082710085934,309,894,571,956,440.0,925.0,441.0
2929,48.80749063470526,309,880,571,942,440.0,911.0,427.0
2930,48.82415416855118,309,863,571,924,440.0,893.5,409.5
2931,48.8408177023971,310,845,571,906,440.5,875.5,391.5
2932,48.857481236243025,310,825,570,888,440.0,856.5,372.5
2933,48.87414477008895,310,806,571,868,440.5,837.0,353.0
2934,48.89080830393487,309,789,572,851,440.5,820.0,336.0
2935,48.90747183778079,310,774,572,838,441.0,806.0,322.0
2936,48.92413537162671,310,764,573,828,441.5,796.0,312.0
2937,48.94079890547263,310,755,573,820,441.5,787.5,303.5
2938,48.957462439318554,311,750,574,814,442.5,782.0,298.0
2939,48.974125973164476,311,746,574,810,442.5,778.0,294.0
2940,48.990789507010405,311,745,575,808,443.0,776.5,292.5
2941,49.007453040856326,312,745,576,808,444.0,776.5,292.5
2942,49.02411657470225,313,749,577,812,445.0,780.5,296.5
2943,49.04078010854817,315,757,577,820,446.0,788.5,304.5
2944,49.05744364239409,314,768,577,831,445.5,799.5,315.5
2945,49.07410717624001,315,784,577,847,446.0,815.5,331.5
2946,49.090770710085934,316,803,577,865,446.5,834.0,350.0
2947,49.107434243931856,317,820,577,884,447.0,852.0,368.0
2948,49.12409777777778,316,837,577,902,446.5,869.5,385.5
2949,49.1407613116237,317,855,578,917,447.5,886.0,402.0
2950,49.15742484546962,315,869,578,932,446.5,900.5,416.5
2951,49.17408837931554,316,883,578,945,447.0,914.0,430.0
2952,49.19075191316146,315,896,577,958,446.0,927.0,443.0
2953,49.207415447007385,315,906,577,968,446.0,937.0,453.0
2954,49.22407898085331,314,916,577,978,445.5,947.0,463.0
2955,49.24074251469923,313,923,575,985,444.0,954.0,470.0
2956,49.25740604854515,313,925,575,989,444.0,957.0,473.0
2957,49.27406958239107,312,926,575,988,443.5,957.0,473.0
2958,49.29073311623699,310,922,573,983,441.5,952.5,468.5
2959,49.307396650082914,310,912,572,973,441.0,942.5,458.5
2960,49.324060183928836,310,897,572,960,441.0,928.5,444.5
2961,49.340723717774765,309,881,571,946,440.0,913.5,429.5
2962,49.357387251620686,309,867,570,930,439.5,898.5,414.5
2963,49.37405078546661,309,852,569,915,439.0,883.5,399.5
2964,49.39071431931253,307,837,570,900,438.5,868.5,384.5
2965,49.40737785315845,308,822,571,885,439.5,853.5,369.5
2966,49.42404138700437,308,807,569,870,438.5,838.5,354.5
2967,49.440704920850294,308,792,569,855,438.5,823.5,339.5
2968,49.457368454696216,307,776,570,840,438.5,808.0,324.0
2969,49.47403198854214,308,764,570,825,439.0,794.5,310.5
2970,49.49069552238806,309,752,571,814,440.0,783.0,299.0
2971,49.50735905623398,310,746,572,808,441.0,777.0,293.0
2972,49.5240225900799,309,744,573,806,441.0,775.0,291.0
2973,49.54068612392582,309,746,572,808,440.5,777.0,293.0
2974,49.557349657771745,311,751,574,814,442.5,782.5,298.5
2975,49.57401319161767,313,758,575,822,444.0,790.0,306.0
2976,49.59067672546359,313,769,575,831,444.0,800.0,316.0
2977,49.60734025930951,314,780,576,844,445.0,812.0,328.0
2978,49.62400379315543,316,792,577,854,446.5,823.0,339.0
2979,49.64066732700135,315,805,578,868,446.5,836.5,352.5
2980,49.657330860847274,317,820,578,883,447.5,851.5,367.5
2981,49.673994394693196,317,836,579,900,448.0,868.0,384.0
2982,49.690657928539125,318,855,579,918,448.5,886.5,402.5
2983,49.707321462385046,317,875,579,938,448.0,906.5,422.5
2984,49.72398499623097,317,890,578,953,447.5,921.5,437.5
2985,49.74064853007689,316,904,578,966,447.0,935.0,451.0
2986,49.75731206392281,316,914,579,974,447.5,944.0,460.0
2987,49.77397559776873,315,919,578,980,446.5,949.5,465.5
2988,49.790639131614654,315,919,577,982,446.0,950.5,466.5
2989,49.807302665460575,314,919,576,982,445.0,950.5,466.5
2990,49.8239661993065,314,917,576,978,445.0,947.5,463.5
2991,49.84062973315242,311,912,574,974,442.5,943.0,459.0
2992,49.85729326699834,311,905,574,968,442.5,936.5,452.5
2993,49.87395680084426,309,896,573,958,441.0,927.0,443.0
2994,49.89062033469018,308,884,572,945,440.0,914.5,430.5
2995,49.907283868536105,307,867,571,930,439.0,898.5,414.5
2996,49.923947402382026,308,849,568,912,438.0,880.5,396.5
2997,49.94061093622795,306,830,568,893,437.0,861.5,377.5
2998,49.95727447007387,305,812,568,876,436.5,844.0,360.0
2999,49.97393800391979,305,796,568,860,436.5,828.0,344.0
3000,49.99060153776571,305,783,568,846,436.5,814.5,330.5
3001,50.007265071611634,305,772,568,834,436.5,803.0,319.0
3002,50.02392860545756,305,763,569,826,437.0,794.5,310.5
3003,50.040592139303484,305,757,568,820,436.5,788.5,304.5
3004,50.057255673149406,305,752,568,816,436.5,784.0,300.0
3005,50.07391920699533,306,749,570,812,438.0,780.5,296.5
3006,50.09058274084125,307,748,570,812,438.5,780.0,296.0
3007,50.10724627468717,308,751,571,814,439.5,782.5,298.5
3008,50.12390980853309,309,757,573,821,441.0,789.0,305.0
3009,50.140573342379014,312,768,575,830,443.5,799.0,315.0
3010,50.157236876224935,312,782,575,846,443.5,814.0,330.0
3011,50.17390041007086,313,798,576,862,444.5,830.0,346.0
3012,50.19056394391678,313,817,577,879,445.0,848.0,364.0
3013,50.2072274777627,316,834,578,895,447.0,864.5,380.5
3014,50.22389101160862,316,849,578,910,447.0,879.5,395.5
3015,50.24055454545454,318,863,579,925,448.5,894.0,410.0
3016,50.257218079300465,317,874,579,937,448.0,905.5,421.5
3017,50.273881613146386,320,888,580,949,450.0,918.5,434.5
3018,50.29054514699231,318,899,578,961,448.0,930.0,446.0
3019,50.30720868083823,319,909,581,972,450.0,940.5,456.5
3020,50.32387221468415,317,917,578,979,447.5,948.0,464.0
3021,50.34053574853007,318,923,578,984,448.0,953.5,469.5
3022,50.357199282375994,318,923,578,984,448.0,953.5,469.5
3023,50.37386281622192,316,920,578,981,447.0,950.5,466.5
3024,50.390526350067844,313,910,576,972,444.5,941.0,457.0
3025,50.407189883913766,312,897,575,960,443.5,928.5,444.5
3026,50.42385341775969,312,884,574,947,443.0,915.5,431.5
3027,50.44051695160561,311,871,572,933,441.5,902.0,418.0
3028,50.45718048545153,310,856,572,920,441.0,888.0,404.0
3029,50.47384401929745,308,842,571,906,439.5,874.0,390.0
3030,50.490507553143374,307,828,569,892,438.0,860.0,376.0
3031,50.507171086989295,305,814,569,877,437.0,845.5,361.5
3032,50.52383462083522,305,798,568,861,436.5,829.5,345.5
3033,50.54049815468114,305,783,568,846,436.5,814.5,330.5
3034,50.55716168852706,305,769,568,832,436.5,800.5,316.5
3035,50.57382522237298,305,758,569,822,437.0,790.0,306.0
3036,50.5904887562189,305,750,567,814,436.0,782.0,298.0
3037,50.607152290064825,305,749,568,811,436.5,780.0,296.0
3038,50.623815823910746,305,749,568,811,436.5,780.0,296.0
3039,50.64047935775667,306,754,570,817,438.0,785.5,301.5
3040,50.65714289160259,307,760,571,824,439.0,792.0,308.0
3041,50.67380642544851,309,769,572,831,440.5,800.0,316.0
3042,50.69046995929443,309,779,572,842,440.5,810.5,326.5
3043,50.707133493140354,311,789,574,852,442.5,820.5,336.5
3044,50.72379702698628,312,802,575,865,443.5,833.5,349.5
3045,50.740460560832204,313,816,575,878,444.0,847.0,363.0
3046,50.757124094678126,314,833,577,894,445.5,863.5,379.5
3047,50.77378762852405,316,849,577,912,446.5,880.5,396.5
3048,50.79045116236997,316,866,578,930,447.0,898.0,414.0
3049,50.80711469621589,317,884,579,946,448.0,915.0,431.0
3050,50.82377823006181,317,897,579,958,448.0,927.5,443.5
3051,50.840441763907734,318,906,579,968,448.5,937.0,453.0
3052,50.857105297753655,318,912,581,974,449.5,943.0,459.0
3053,50.87376883159958,318,914,580,977,449.0,945.5,461.5
3054,50.8904323654455,317,915,581,977,449.0,946.0,462.0
3055,50.90709589929142,317,913,580,974,448.5,943.5,459.5
3056,50.92375943313734,316,911,580,972,448.0,941.5,457.5
3057,50.94042296698326,316,905,577,966,446.5,935.5,451.5
3058,50.957086500829185,313,896,577,959,445.0,927.5,443.5
3059,50.973750034675106,313,886,575,949,444.0,917.5,433.5
3060,50.99041356852103,312,870,572,933,442.0,901.5,417.5
3061,51.00707710236695,313,854,572,916,442.5,885.0,401.0
3062,51.02374063621287,309,836,572,899,440.5,867.5,383.5
3063,51.04040417005879,308,819,571,882,439.5,850.5,366.5
3064,51.057067703904714,309,803,571,866,440.0,834.5,350.5
3065,51.07373123775064,306,789,568,853,437.0,821.0,337.0
3066,51.090394771596564,305,779,568,842,436.5,810.5,326.5
3067,51.107058305442486,305,770,568,833,436.5,801.5,317.5
3068,51.12372183928841,305,764,568,826,436.5,795.0,311.0
3069,51.14038537313433,305,759,568,821,436.5,790.0,306.0
3070,51.15704890698025,305,755,568,817,436.5,786.0,302.0
3071,51.17371244082617,305,752,569,815,437.0,783.5,299.5
3072,51.190375974672094,305,753,568,816,436.5,784.5,300.5
3073,51.207039508518015,306,760,569,823,437.5,791.5,307.5
3074,51.22370304236394,307,769,569,831,438.0,800.0,316.0
3075,51.24036657620986,309,780,571,845,440.0,812.5,328.5
3076,51.25703011005578,310,797,573,860,441.5,828.5,344.5
3077,51.2736936439017,311,811,572,876,441.5,843.5,359.5
3078,51.29035717774762,312,828,575,890,443.5,859.0,375.0
3079,51.307020711593545,312,842,576,905,444.0,873.5,389.5
3080,51.323684245439466,314,856,575,918,444.5,887.0,403.0
3081,51.34034777928539,316,869,576,931,446.0,900.0,416.0
3082,51.35701131313131,317,880,578,942,447.5,911.0,427.0
3083,51.37367484697723,317,892,578,954,447.5,923.0,439.0
3084,51.39033838082315,317,903,579,964,448.0,933.5,449.5
3085,51.407001914669074,318,911,579,974,448.5,942.5,458.5
3086,51.423665448515,318,918,580,979,449.0,948.5,464.5
3087,51.440328982360924,318,919,580,980,449.0,949.5,465.5
3088,51.456992516206846,318,917,579,979,448.5,948.0,464.0
3089,51.47365605005277,317,909,579,970,448.0,939.5,455.5
3090,51.49031958389869,317,899,577,960,447.0,929.5,445.5
3091,51.50698311774461,316,886,577,948,446.5,917.0,433.0
3092,51.52364665159053,315,873,577,937,446.0,905.0,421.0
3093,51.540310185436454,313,861,575,924,444.0,892.5,408.5
3094,51.556973719282375,313,848,574,910,443.5,879.0,395.0
3095,51.5736372531283,310,834,573,898,441.5,866.0,382.0
3096,51.59030078697422,309,819,571,883,440.0,851.0,367.0
3097,51.60696432082014,309,804,571,867,440.0,835.5,351.5
3098,51.62362785466606,307,789,569,852,438.0,820.5,336.5
3099,51.64029138851198,306,775,569,839,437.5,807.0,323.0
3100,51.656954922357905,305,764,569,828,437.0,796.0,312.0
3101,51.673618456203826,305,757,569,820,437.0,788.5,304.5
3102,51.69028199004975,305,753,567,816,436.0,784.5,300.5
3103,51.70694552389567,305,753,568,815,436.5,784.0,300.0
3104,51.72360905774159,305,756,568,820,436.5,788.0,304.0
3105,51.74027259158751,304,762,568,825,436.0,793.5,309.5
3106,51.75693612543344,304,769,567,832,435.5,800.5,316.5
3107,51.77359965927936,305,778,568,840,436.5,809.0,325.0
3108,51.790263193125284,307,788,569,850,438.0,819.0,335.0
3109,51.806926726971206,307,798,569,861,438.0,829.5,345.5
3110,51.82359026081713,308,810,570,874,439.0,842.0,358.0
3111,51.84025379466305,310,827,571,890,440.5,858.5,374.5
3112,51.85691732850897,311,844,573,907,442.0,875.5,391.5
3113,51.87358086235489,313,861,575,924,444.0,892.5,408.5
3114,51.89024439620081,313,877,576,939,444.5,908.0,424.0
3115,51.906907930046735,314,890,577,952,445.5,921.0,437.0
3116,51.92357146389266,314,899,577,961,445.5,930.0,446.0
3117,51.94023499773858,315,906,578,968,446.5,937.0,453.0
3118,51.9568985315845,316,909,579,970,447.5,939.5,455.5
3119,51.97356206543042,318,910,578,972,448.0,941.0,457.0
3120,51.99022559927634,317,909,578,972,447.5,940.5,456.5
3121,52.006889133122264,318,908,579,970,448.5,939.0,455.0
3122,52.023552666968186,318,904,580,966,449.0,935.0,451.0
3123,52.04021620081411,318,896,580,958,449.0,927.0,443.0
3124,52.05687973466003,318,885,579,949,448.5,917.0,433.0
3125,52.07354326850595,316,873,578,936,447.0,904.5,420.5
3126,52.09020680235187,316,857,577,920,446.5,888.5,404.5
3127,52.1068703361978,317,842,578,904,447.5,873.0,389.0
3128,52.12353387004372,314,824,576,887,445.0,855.5,371.5
3129,52.140197403889644,314,809,575,872,444.5,840.5,356.5
3130,52.156860937735566,311,796,573,860,442.0,828.0,344.0
3131,52.17352447158149,310,786,573,849,441.5,817.5,333.5
3132,52.19018800542741,309,777,572,840,440.5,808.5,324.5
3133,52.20685153927333,308,770,572,833,440.0,801.5,317.5
3134,52.22351507311925,307,764,570,826,438.5,795.0,311.0
3135,52.24017860696517,306,759,569,822,437.5,790.5,306.5
3136,52.256842140811095,305,758,569,820,437.0,789.0,305.0
3137,52.27350567465702,305,757,569,820,437.0,788.5,304.5
3138,52.29016920850294,305,759,569,824,437.0,791.5,307.5
3139,52.30683274234886,305,769,568,831,436.5,800.0,316.0
3140,52.32349627619478,306,779,569,842,437.5,810.5,326.5
3141,52.3401598100407,307,794,569,857,438.0,825.5,341.5
3142,52.356823343886624,307,808,570,872,438.5,840.0,356.0
3143,52.373486877732546,308,822,569,886,438.5,854.0,370.0
3144,52.39015041157847,308,837,572,900,440.0,868.5,384.5
3145,52.40681394542439,309,850,573,913,441.0,881.5,397.5
3146,52.42347747927031,311,862,574,925,442.5,893.5,409.5
3147,52.44014101311623,312,874,575,936,443.5,905.0,421.0
3148,52.45680454696216,314,886,575,948,444.5,917.0,433.0
3149,52.47346808080808,313,897,576,958,444.5,927.5,443.5
3150,52.490131614654004,314,907,577,968,445.5,937.5,453.5
3151,52.506795148499926,314,913,578,974,446.0,943.5,459.5
3152,52.52345868234585,314,914,578,975,446.0,944.5,460.5
3153,52.54012221619177,314,913,578,974,446.0,943.5,459.5
3154,52.55678575003769,317,907,580,968,448.5,937.5,453.5
3155,52.57344928388361,318,898,579,959,448.5,928.5,444.5
3156,52.59011281772953,317,887,579,950,448.0,918.5,434.5
3157,52.606776351575455,317,875,579,938,448.0,906.5,422.5
3158,52.62343988542138,317,863,578,926,447.5,894.5,410.5
3159,52.6401034192673,316,851,579,914,447.5,882.5,398.5
3160,52.65676695311322,315,839,577,902,446.0,870.5,386.5
3161,52.67343048695914,314,827,576,889,445.0,858.0,374.0
3162,52.69009402080506,313,811,576,874,444.5,842.5,358.5
3163,52.706757554650984,312,797,574,859,443.0,828.0,344.0
3164,52.723421088496906,312,782,574,845,443.0,813.5,329.5
3165,52.74008462234283,310,771,573,834,441.5,802.5,318.5
3166,52.75674815618875,310,763,572,826,441.0,794.5,310.5
3167,52.77341169003467,310,759,571,822,440.5,790.5,306.5
3168,52.79007522388059,308,758,571,820,439.5,789.0,305.0
3169,52.80673875772652,307,760,570,823,438.5,791.5,307.5
3170,52.82340229157244,305,765,570,828,437.5,796.5,312.5
3171,52.840065825418364,306,770,569,834,437.5,802.0,318.0
3172,52.856729359264286,305,777,570,840,437.5,808.5,324.5
3173,52.87339289311021,306,785,569,848,437.5,816.5,332.5
3174,52.89005642695613,307,796,568,858,437.5,827.0,343.0
3175,52.90671996080205,307,808,570,872,438.5,840.0,356.0
3176,52.92338349464797,309,822,570,886,439.5,854.0,370.0
3177,52.94004702849389,309,838,570,903,439.5,870.5,386.5
3178,52.956710562339815,309,854,571,918,440.0,886.0,402.0
3179,52.97337409618574,310,870,572,934,441.0,902.0,418.0
3180,52.99003763003166,310,883,572,946,441.0,914.5,430.5
3181,53.00670116387758,310,894,573,956,441.5,925.0,441.0
3182,53.0233646977235,313,901,575,962,444.0,931.5,447.5
3183,53.04002823156942,313,904,575,966,444.0,935.0,451.0
3184,53.056691765415344,313,905,575,967,444.0,936.0,452.0
3185,53.073355299261266,314,906,575,968,444.5,937.0,453.0
3186,53.09001883310719,315,907,576,968,445.5,937.5,453.5
3187,53.10668236695311,316,903,578,964,447.0,933.5,449.5
3188,53.12334590079903,317,897,579,958,448.0,927.5,443.5
3189,53.14000943464496,317,888,579,950,448.0,919.0,435.0
3190,53.15667296849088,318,876,579,939,448.5,907.5,423.5
3191,53.1733365023368,317,860,579,924,448.0,892.0,408.0
3192,53.190000036182724,316,845,578,908,447.0,876.5,392.5
3193,53.206663570028645,316,829,577,892,446.5,860.5,376.5
3194,53.22332710387457,315,816,576,878,445.5,847.0,363.0
3195,53.23999063772049,315,802,578,864,446.5,833.0,349.0
3196,53.25665417156641,315,791,576,855,445.5,823.0,339.0
3197,53.27331770541233,313,783,575,846,444.0,814.5,330.5
3198,53.28998123925825,313,776,574,838,443.5,807.0,323.0
3199,53.306644773104175,313,768,576,831,444.5,799.5,315.5
3200,53.323308306950096,312,764,574,826,443.0,795.0,311.0
3201,53.33997184079602,313,761,572,823,442.5,792.0,308.0
3202,53.35663537464194,311,761,572,823,441.5,792.0,308.0
3203,53.37329890848786,308,764,570,826,439.0,795.0,311.0
3204,53.38996244233378,306,768,570,831,438.0,799.5,315.5
3205,53.406625976179704,307,780,571,842,439.0,811.0,327.0
3206,53.423289510025626,308,793,570,854,439.0,823.5,339.5
3207,53.43995304387155,307,806,570,869,438.5,837.5,353.5
3208,53.45661657771747,308,820,570,882,439.0,851.0,367.0
3209,53.47328011156339,308,833,570,894,439.0,863.5,379.5
3210,53.48994364540932,308,846,571,906,439.5,876.0,392.0
3211,53.50660717925524,309,857,572,919,440.5,888.0,404.0
3212,53.52327071310116,310,868,572,930,441.0,899.0,415.0
3213,53.539934246947084,309,879,572,942,440.5,910.5,426.5
3214,53.556597780793005,310,891,573,952,441.5,921.5,437.5
3215,53.57326131463893,311,900,574,962,442.5,931.0,447.0
3216,53.58992484848485,311,907,575,968,443.0,937.5,453.5
3217,53.60658838233077,311,910,574,972,442.5,941.0,457.0
3218,53.62325191617669,311,910,575,972,443.0,941.0,457.0
3219,53.63991545002261,313,904,575,966,444.0,935.0,451.0
3220,53.656578983868535,314,897,576,959,445.0,928.0,444.0
3221,53.673242517714456,315,888,577,950,446.0,919.0,435.0
3222,53.68990605156038,315,877,578,940,446.5,908.5,424.5
3223,53.7065695854063,316,867,578,929,447.0,898.0,414.0
3224,53.72323311925222,316,854,578,918,447.0,886.0,402.0
3225,53.73989665309814,316,843,578,906,447.0,874.5,390.5
3226,53.756560186944064,314,831,577,894,445.5,862.5,378.5
3227,53.773223720789986,315,816,577,878,446.0,847.0,363.0
3228,53.78988725463591,315,802,577,865,446.0,833.5,349.5
3229,53.80655078848183,315,789,578,852,446.5,820.5,336.5
3230,53.82321432232775,313,777,575,840,444.0,808.5,324.5
3231,53.83987785617368,314,769,576,831,445.0,800.0,316.0
3232,53.8565413900196,314,764,576,826,445.0,795.0,311.0
3233,53.87320492386552,312,763,575,825,443.5,794.0,310.0
3234,53.889868457711444,312,763,575,826,443.5,794.5,310.5
3235,53.906531991557365,311,765,574,829,442.5,797.0,313.0
3236,53.92319552540329,310,769,574,834,442.0,801.5,317.5
3237,53.93985905924921,310,777,573,840,441.5,808.5,324.5
3238,53.95652259309513,309,783,572,847,440.5,815.0,331.0
3239,53.97318612694105,310,792,573,856,441.5,824.0,340.0
3240,53.98984966078697,309,805,571,867,440.0,836.0,352.0
3241,54.006513194632895,308,818,571,880,439.5,849.0,365.0
3242,54.023176728478816,311,834,570,895,440.5,864.5,380.5
3243,54.03984026232474,309,849,570,912,439.5,880.5,396.5
3244,54.05650379617066,309,864,571,926,440.0,895.0,411.0
3245,54.07316733001658,308,877,570,939,439.0,908.0,424.0
3246,54.0898308638625,308,887,572,950,440.0,918.5,434.5
3247,54.106494397708424,310,896,571,956,440.5,926.0,442.0
3248,54.123157931554346,309,899,572,960,440.5,929.5,445.5
3249,54.13982146540027,309,901,571,964,440.0,932.5,448.5
3250,54.15648499924619,310,903,572,964,441.0,933.5,449.5
3251,54.17314853309211,311,903,572,964,441.5,933.5,449.5
3252,54.18981206693804,311,900,573,963,442.0,931.5,447.5
3253,54.20647560078396,312,897,574,958,443.0,927.5,443.5
3254,54.22313913462988,312,889,575,951,443.5,920.0,436.0
3255,54.239802668475804,313,878,576,940,444.5,909.0,425.0
3256,54.256466202321725,313,864,575,926,444.0,895.0,411.0
3257,54.27312973616765,314,849,576,912,445.0,880.5,396.5
3258,54.28979327001357,314,835,577,897,445.5,866.0,382.0
3259,54.30645680385949,314,821,577,883,445.5,852.0,368.0
3260,54.32312033770541,313,809,576,871,444.5,840.0,356.0
3261,54.33978387155133,313,798,577,860,445.0,829.0,345.0
3262,54.356447405397255,313,789,577,852,445.0,820.5,336.5
3263,54.373110939243176,312,782,577,844,444.5,813.0,329.0
3264,54.3897744730891,313,774,576,837,444.5,805.5,321.5
3265,54.40643800693502,312,768,577,830,444.5,799.0,315.0
3266,54.42310154078094,312,764,575,826,443.5,795.0,311.0
3267,54.43976507462686,312,763,575,825,443.5,794.0,310.0
3268,54.456428608472784,312,764,575,826,443.5,795.0,311.0
3269,54.473092142318706,311,770,575,833,443.0,801.5,317.5
3270,54.48975567616463,310,779,574,843,442.0,811.0,327.0
3271,54.50641921001055,311,789,573,854,442.0,821.5,337.5
3272,54.52308274385647,310,803,574,866,442.0,834.5,350.5
3273,54.5397462777024,310,817,573,879,441.5,848.0,364.0
3274,54.55640981154832,310,828,572,891,441.0,859.5,375.5
3275,54.57307334539424,309,841,572,903,440.5,872.0,388.0
3276,54.589736879240164,309,852,573,914,441.0,883.0,399.0
3277,54.606400413086085,311,864,572,924,441.5,894.0,410.0
3278,54.62306394693201,310,875,571,937,440.5,906.0,422.0
3279,54.63972748077793,310,885,571,948,440.5,916.5,432.5
3280,54.65639101462385,310,895,571,957,440.5,926.0,442.0
3281,54.67305454846977,310,902,573,964,441.5,933.0,449.0
3282,54.68971808231569,310,907,572,968,441.0,937.5,453.5
3283,54.706381616161615,309,907,572,968,440.5,937.5,453.5
3284,54.723045150007536,310,903,573,965,441.5,934.0,450.0
3285,54.73970868385346,311,897,574,958,442.5,927.5,443.5
3286,54.75637221769938,312,887,575,950,443.5,918.5,434.5
3287,54.7730357515453,312,878,574,941,443.0,909.5,425.5
3288,54.78969928539122,313,869,575,931,444.0,900.0,416.0
3289,54.806362819237144,313,858,575,920,444.0,889.0,405.0
3290,54.823026353083065,313,848,575,910,444.0,879.0,395.0
3291,54.83968988692899,314,835,575,898,444.5,866.5,382.5
3292,54.85635342077491,313,822,575,884,444.0,853.0,369.0
3293,54.87301695462084,312,809,576,871,444.0,840.0,356.0
3294,54.88968048846676,313,795,576,858,444.5,826.5,342.5
3295,54.90634402231268,313,783,575,846,444.0,814.5,330.5
3296,54.9230075561586,313,774,575,836,444.0,805.0,321.0
3297,54.93967109000452,313,768,576,831,444.5,799.5,315.5
3298,54.956334623850445,313,768,576,830,444.5,799.0,315.0
3299,54.97299815769637,312,767,576,830,444.0,798.5,314.5
3300,54.98966169154229,312,769,576,832,444.0,800.5,316.5
3301,55.00632522538821,312,773,575,836,443.5,804.5,320.5
3302,55.02298875923413,312,778,576,840,444.0,809.0,325.0
3303,55.03965229308005,312,784,576,848,444.0,816.0,332.0
3304,55.056315826925974,312,793,576,855,444.0,824.0,340.0
3305,55.072979360771896,312,801,575,865,443.5,833.0,349.0
3306,55.08964289461782,313,814,575,878,444.0,846.0,362.0
3307,55.10630642846374,312,829,573,892,442.5,860.5,376.5
3308,55.12296996230966,311,845,573,907,442.0,876.0,392.0
3309,55.13963349615558,311,860,573,922,442.0,891.0,407.0
3310,55.156297030001504,310,872,573,934,441.5,903.0,419.0
3311,55.172960563847425,309,882,573,944,441.0,913.0,429.0
3312,55.18962409769335,310,889,573,951,441.5,920.0,436.0
3313,55.20628763153927,310,893,572,956,441.0,924.5,440.5
3314,55.2229511653852,310,898,572,958,441.0,928.0,444.0
3315,55.23961469923112,308,900,571,961,439.5,930.5,446.5
3316,55.25627823307704,309,900,570,962,439.5,931.0,447.0
3317,55.27294176692296,309,898,571,960,440.0,929.0,445.0
3318,55.28960530076888,309,896,571,958,440.0,927.0,443.0
3319,55.306268834614805,309,890,572,951,440.5,920.5,436.5
3320,55.32293236846073,309,879,572,942,440.5,910.5,426.5
3321,55.33959590230665,310,865,572,928,441.0,896.5,412.5
3322,55.35625943615257,310,852,573,915,441.5,883.5,399.5
3323,55.37292296999849,309,837,574,902,441.5,869.5,385.5
3324,55.38958650384441,312,824,574,888,443.0,856.0,372.0
3325,55.406250037690334,312,813,575,876,443.5,844.5,360.5
3326,55.422913571536256,311,803,574,866,442.5,834.5,350.5
3327,55.43957710538218,311,795,574,857,442.5,826.0,342.0
3328,55.4562406392281,311,787,575,850,443.0,818.5,334.5
3329,55.47290417307402,311,780,576,842,443.5,811.0,327.0
3330,55.48956770691994,312,773,576,836,444.0,804.5,320.5
3331,55.506231240765864,313,768,576,830,444.5,799.0,315.0
3332,55.522894774611785,313,766,576,828,444.5,797.0,313.0
3333,55.53955830845771,312,766,576,828,444.0,797.0,313.0
3334,55.55622184230363,313,770,576,834,444.5,802.0,318.0
3335,55.57288537614956,313,780,575,842,444.0,811.0,327.0
3336,55.58954890999548,313,789,575,852,444.0,820.5,336.5
3337,55.6062124438414,313,802,576,864,444.5,833.0,349.0
3338,55.62287597768732,313,814,576,876,444.5,845.0,361.0
3339,55.63953951153324,314,825,577,888,445.5,856.5,372.5
3340,55.656203045379165,314,836,576,898,445.0,867.0,383.0
3341,55.67286657922509,313,846,575,908,444.0,877.0,393.0
3342,55.68953011307101,313,857,575,920,444.0,888.5,404.5
3343,55.70619364691693,313,869,574,931,443.5,900.0,416.0
3344,55.72285718076285,312,880,574,942,443.0,911.0,427.0
3345,55.73952071460877,311,889,573,951,442.0,920.0,436.0
3346,55.756184248454694,311,897,573,959,442.0,928.0,444.0
3347,55.772847782300616,310,903,572,964,441.0,933.5,449.5
3348,55.78951131614654,309,904,572,965,440.5,934.5,450.5
3349,55.80617484999246,309,901,570,963,439.5,932.0,448.0
3350,55.82283838383838,310,895,570,957,440.0,926.0,442.0
3351,55.8395019176843,309,887,571,950,440.0,918.5,434.5
3352,55.856165451530224,309,880,570,941,439.5,910.5,426.5
3353,55.872828985376145,309,872,570,932,439.5,902.0,418.0
3354,55.88949251922207,308,862,570,924,439.0,893.0,409.0
3355,55.90615605306799,309,851,570,914,439.5,882.5,398.5
3356,55.92281958691392,309,840,571,902,440.0,871.0,387.0
3357,55.93948312075984,308,826,571,890,439.5,858.0,374.0
3358,55.95614665460576,309,814,572,876,440.5,845.0,361.0
3359,55.97281018845168,309,801,572,864,440.5,832.5,348.5
3360,55.9894737222976,310,789,574,852,442.0,820.5,336.5
3361,56.006137256143525,310,779,572,842,441.0,810.5,326.5
3362,56.02280078998945,311,774,572,836,441.5,805.0,321.0
3363,56.03946432383537,311,770,574,834,442.5,802.0,318.0
3364,56.05612785768129,311,770,575,834,443.0,802.0,318.0
3365,56.07279139152721,311,772,574,835,442.5,803.5,319.5
3366,56.08945492537313,313,775,576,837,444.5,806.0,322.0
3367,56.106118459219054,313,779,576,842,444.5,810.5,326.5
3368,56.122781993064976,314,784,576,847,445.0,815.5,331.5
3369,56.1394455269109,313,792,576,854,444.5,823.0,339.0
3370,56.15610906075682,313,800,577,863,445.0,831.5,347.5
3371,56.17277259460274,314,812,577,874,445.5,843.0,359.0
3372,56.18943612844866,314,826,577,888,445.5,857.0,373.0
3373,56.206099662294584,313,841,576,901,444.5,871.0,387.0
3374,56.222763196140505,314,854,576,916,445.0,885.0,401.0
3375,56.23942672998643,314,866,577,928,445.5,897.0,413.0
3376,56.256090263832355,313,875,577,938,445.0,906.5,422.5
3377,56.27275379767828,313,883,576,944,444.5,913.5,429.5
3378,56.2894173315242,313,889,576,950,444.5,919.5,435.5
3379,56.30608086537012,312,892,574,954,443.0,923.0,439.0
3380,56.32274439921604,311,895,575,956,443.0,925.5,441.5
3381,56.33940793306196,310,897,573,958,441.5,927.5,443.5
3382,56.356071466907885,310,897,573,958,441.5,927.5,443.5
3383,56.372735000753806,310,895,572,956,441.0,925.5,441.5
3384,56.38939853459973,310,890,570,951,440.0,920.5,436.5
3385,56.40606206844565,309,881,570,942,439.5,911.5,427.5
3386,56.42272560229157,309,868,570,931,439.5,899.5,415.5
3387,56.43938913613749,309,855,570,918,439.5,886.5,402.5
3388,56.456052669983414,310,842,569,905,439.5,873.5,389.5
3389,56.472716203829336,308,830,571,891,439.5,860.5,376.5
3390,56.48937973767526,309,819,571,881,440.0,850.0,366.0
3391,56.50604327152118,308,809,571,871,439.5,840.0,356.0
3392,56.5227068053671,308,800,570,862,439.0,831.0,347.0
3393,56.53937033921302,306,792,570,854,438.0,823.0,339.0
3394,56.556033873058944,309,784,572,846,440.5,815.0,331.0
3395,56.572697406904865,308,778,572,840,440.0,809.0,325.0
3396,56.58936094075079,309,772,573,834,441.0,803.0,319.0
3397,56.606024474596715,309,769,573,832,441.0,800.5,316.5
3398,56.62268800844264,309,769,573,832,441.0,800.5,316.5
3399,56.63935154228856,310,771,573,834,441.5,802.5,318.5
3400,56.65601507613448,311,779,574,842,442.5,810.5,326.5
3401,56.6726786099804,313,789,575,852,444.0,820.5,336.5
3402,56.68934214382632,313,799,576,862,444.5,830.5,346.5
3403,56.706005677672245,313,811,577,873,445.0,842.0,358.0
3404,56.722669211518166,314,821,577,884,445.5,852.5,368.5
3405,56.73933274536409,316,832,577,894,446.5,863.0,379.0
3406,56.75599627921001,314,842,577,904,445.5,873.0,389.0
3407,56.77265981305593,316,852,578,914,447.0,883.0,399.0
3408,56.78932334690185,316,863,577,926,446.5,894.5,410.5
3409,56.805986880747774,315,873,578,936,446.5,904.5,420.5
3410,56.822650414593696,314,884,577,946,445.5,915.0,431.0
3411,56.83931394843962,313,892,576,954,444.5,923.0,439.0
3412,56.85597748228554,314,897,576,959,445.0,928.0,444.0
3413,56.87264101613146,313,898,575,960,444.0,929.0,445.0
3414,56.88930454997738,313,898,576,960,444.5,929.0,445.0
3415,56.9059680838233,312,892,574,954,443.0,923.0,439.0
3416,56.922631617669225,312,887,574,949,443.0,918.0,434.0
3417,56.93929515151515,311,879,574,941,442.5,910.0,426.0
3418,56.955958685361075,309,871,573,933,441.0,902.0,418.0
3419,56.972622219207,310,864,572,925,441.0,894.5,410.5
3420,56.98928575305292,309,853,571,916,440.0,884.5,400.5
3421,57.00594928689884,309,843,571,905,440.0,874.0,390.0
3422,57.02261282074476,308,832,570,893,439.0,862.5,378.5
3423,57.03927635459068,307,818,569,880,438.0,849.0,365.0
3424,57.055939888436605,308,806,570,868,439.0,837.0,353.0
3425,57.072603422282526,307,794,569,856,438.0,825.0,341.0
3426,57.08926695612845,307,785,569,848,438.0,816.5,332.5
3427,57.10593048997437,307,779,569,841,438.0,810.0,326.0
3428,57.12259402382029,307,776,571,838,439.0,807.0,323.0
3429,57.13925755766621,307,776,571,838,439.0,807.0,323.0
3430,57.155921091512134,308,776,571,838,439.5,807.0,323.0
3431,57.172584625358056,308,777,572,840,440.0,808.5,324.5
3432,57.18924815920398,308,779,572,842,440.0,810.5,326.5
3433,57.2059116930499,310,783,572,848,441.0,815.5,331.5
3434,57.22257522689582,312,790,576,853,444.0,821.5,337.5
3435,57.23923876074174,313,799,574,862,443.5,830.5,346.5
3436,57.25590229458766,314,809,576,872,445.0,840.5,356.5
3437,57.272565828433585,314,822,577,884,445.5,853.0,369.0
3438,57.28922936227951,315,834,576,898,445.5,866.0,382.0
3439,57.305892896125435,316,847,577,911,446.5,879.0,395.0
3440,57.32255642997136,315,861,577,923,446.0,892.0,408.0
3441,57.33921996381728,315,871,578,933,446.5,902.0,418.0
3442,57.3558834976632,315,878,578,940,446.5,909.0,425.0
3443,57.37254703150912,316,883,579,946,447.5,914.5,430.5
3444,57.38921056535504,316,888,578,950,447.0,919.0,435.0
3445,57.405874099200965,315,892,577,954,446.0,923.0,439.0
3446,57.422537633046886,314,894,577,956,445.5,925.0,441.0
3447,57.43920116689281,315,894,577,956,446.0,925.0,441.0
3448,57.45586470073873,314,893,576,955,445.0,924.0,440.0
3449,57.47252823458465,313,888,575,950,444.0,919.0,435.0
3450,57.48919176843057,311,879,574,942,442.5,910.5,426.5
3451,57.505855302276494,311,870,574,933,442.5,901.5,417.5
3452,57.522518836122416,311,858,573,920,442.0,889.0,405.0
3453,57.53918236996834,310,846,572,908,441.0,877.0,393.0
3454,57.55584590381426,309,833,570,896,439.5,864.5,380.5
3455,57.57250943766018,308,824,571,886,439.5,855.0,371.0
3456,57.5891729715061,308,814,570,876,439.0,845.0,361.0
3457,57.60583650535202,307,806,570,867,438.5,836.5,352.5
3458,57.622500039197945,306,796,569,858,437.5,827.0,343.0
3459,57.639163573043874,307,789,570,852,438.5,820.5,336.5
3460,57.655827106889795,307,781,570,844,438.5,812.5,328.5
3461,57.67249064073572,308,776,569,839,438.5,807.5,323.5
3462,57.68915417458164,308,774,570,836,439.0,805.0,321.0
3463,57.70581770842756,307,772,570,835,438.5,803.5,319.5
3464,57.72248124227348,307,775,570,838,438.5,806.5,322.5
3465,57.7391447761194,308,782,572,843,440.0,812.5,328.5
3466,57.755808309965325,309,789,572,852,440.5,820.5,336.5
3467,57.772471843811246,309,799,574,862,441.5,830.5,346.5
3468,57.78913537765717,312,809,575,870,443.5,839.5,355.5
3469,57.80579891150309,312,818,575,880,443.5,849.0,365.0
3470,57.82246244534901,313,828,577,890,445.0,859.0,375.0
3471,57.83912597919493,315,838,578,900,446.5,869.0,385.0
3472,57.855789513040854,315,848,577,910,446.0,879.0,395.0
3473,57.872453046886775,315,858,577,920,446.0,889.0,405.0
3474,57.8891165807327,315,869,579,931,447.0,900.0,416.0
3475,57.90578011457862,316,879,580,941,448.0,910.0,426.0
3476,57.92244364842454,316,887,580,949,448.0,918.0,434.0
3477,57.93910718227046,316,893,579,955,447.5,924.0,440.0
3478,57.95577071611638,316,894,580,957,448.0,925.5,441.5
3479,57.972434249962305,316,894,580,956,448.0,925.0,441.0
3480,57.98909778380823,315,891,578,953,446.5,922.0,438.0
3481,58.005761317654155,316,886,577,948,446.5,917.0,433.0
3482,58.02242485150008,314,880,576,941,445.0,910.5,426.5
3483,58.039088385346,314,873,576,934,445.0,903.5,419.5
3484,58.05575191919192,312,864,575,927,443.5,895.5,411.5
3485,58.07241545303784,311,856,575,918,443.0,887.0,403.0
3486,58.08907898688376,309,847,574,910,441.5,878.5,394.5
3487,58.105742520729684,309,835,572,898,440.5,866.5,382.5
3488,58.122406054575606,308,822,572,885,440.0,853.5,369.5
3489,58.13906958842153,308,809,570,872,439.0,840.5,356.5
3490,58.15573312226745,306,799,570,862,438.0,830.5,346.5
3491,58.17239665611337,307,790,570,853,438.5,821.5,337.5
3492,58.18906018995929,307,783,571,846,439.0,814.5,330.5
3493,58.205723723805214,306,779,570,843,438.0,811.0,327.0
3494,58.222387257651135,306,778,570,840,438.0,809.0,325.0
3495,58.23905079149706,306,778,570,840,438.0,809.0,325.0
3496,58.25571432534298,305,780,570,842,437.5,811.0,327.0
3497,58.2723778591889,306,782,570,844,438.0,813.0,329.0
3498,58.28904139303482,309,785,572,848,440.5,816.5,332.5
3499,58.30570492688074,309,790,572,853,440.5,821.5,337.5
3500,58.322368460726665,310,798,574,860,442.0,829.0,345.0
3501,58.33903199457259,311,807,573,870,442.0,838.5,354.5
3502,58.355695528418515,311,819,574,882,442.5,850.5,366.5
3503,58.37235906226444,312,832,575,894,443.5,863.0,379.0
3504,58.38902259611036,314,844,576,907,445.0,875.5,391.5
3505,58.40568612995628,314,856,577,918,445.5,887.0,403.0
3506,58.4223496638022,315,866,577,928,446.0,897.0,413.0
3507,58.43901319764812,315,874,578,936,446.5,905.0,421.0
3508,58.455676731494044,316,879,579,941,447.5,910.0,426.0
3509,58.472340265339966,316,883,579,946,447.5,914.5,430.5
3510,58.48900379918589,316,887,579,950,447.5,918.5,434.5
3511,58.50566733303181,316,891,579,953,447.5,922.0,438.0
3512,58.52233086687773,316,891,579,954,447.5,922.5,438.5
3513,58.53899440072365,316,891,579,953,447.5,922.0,438.0
3514,58.555657934569574,316,887,579,949,447.5,918.0,434.0
3515,58.572321468415495,316,882,577,942,446.5,912.0,428.0
3516,58.58898500226142,314,872,577,934,445.5,903.0,419.0
3517,58.60564853610734,314,862,577,924,445.5,893.0,409.0
3518,58.62231206995326,313,850,576,912,444.5,881.0,397.0
3519,58.63897560379918,313,838,575,900,444.0,869.0,385.0
3520,58.6556391376451,310,827,575,890,442.5,858.5,374.5
3521,58.672302671491025,309,819,573,880,441.0,849.5,365.5
3522,58.68896620533695,309,811,572,874,440.5,842.5,358.5
3523,58.705629739182875,308,802,570,864,439.0,833.0,349.0
3524,58.7222932730288,307,795,570,856,438.5,825.5,341.5
3525,58.73895680687472,307,787,570,849,438.5,818.0,334.0
3526,58.75562034072064,307,782,570,844,438.5,813.0,329.0
3527,58.77228387456656,306,776,569,840,437.5,808.0,324.0
3528,58.78894740841248,306,775,569,838,437.5,806.5,322.5
3529,58.805610942258404,306,775,569,838,437.5,806.5,322.5
3530,58.822274476104326,306,781,570,844,438.0,812.5,328.5
3531,58.83893800995025,307,789,571,852,439.0,820.5,336.5
3532,58.85560154379617,307,798,570,860,438.5,829.0,345.0
3533,58.87226507764209,307,807,572,870,439.5,838.5,354.5
3534,58.88892861148801,310,816,572,878,441.0,847.0,363.0
3535,58.905592145333934,310,825,572,887,441.0,856.0,372.0
3536,58.922255679179855,311,835,573,896,442.0,865.5,381.5
3537,58.93891921302578,312,843,575,906,443.5,874.5,390.5
3538,58.9555827468717,313,854,576,916,444.5,885.0,401.0
3539,58.97224628071762,314,864,576,926,445.0,895.0,411.0
3540,58.98890981456354,314,873,576,936,445.0,904.5,420.5
3541,59.00557334840946,315,883,578,945,446.5,914.0,430.0
3542,59.022236882255385,316,889,579,950,447.5,919.5,435.5
3543,59.03890041610131,316,891,579,953,447.5,922.0,438.0
3544,59.055563949947235,316,891,579,953,447.5,922.0,438.0
3545,59.07222748379316,317,889,580,950,448.5,919.5,435.5
3546,59.08889101763908,317,884,580,947,448.5,915.5,431.5
3547,59.105554551485,317,879,578,940,447.5,909.5,425.5
3548,59.12221808533092,316,873,579,935,447.5,904.0,420.0
3549,59.13888161917684,316,867,578,928,447.0,897.5,413.5
3550,59.155545153022764,315,859,577,921,446.0,890.0,406.0
3551,59.172208686868686,314,852,576,912,445.0,882.0,398.0
3552,59.18887222071461,314,840,576,902,445.0,871.0,387.0
3553,59.20553575456053,312,828,576,890,444.0,859.0,375.0
3554,59.22219928840645,311,816,574,877,442.5,846.5,362.5
3555,59.23886282225237,311,804,573,867,442.0,835.5,351.5
3556,59.255526356098294,309,795,572,858,440.5,826.5,342.5
3557,59.272189889944215,309,789,572,851,440.5,820.0,336.0
3558,59.28885342379014,309,785,571,848,440.0,816.5,332.5
3559,59.30551695763606,308,783,571,845,439.5,814.0,330.0
3560,59.32218049148198,308,782,570,844,439.0,813.0,329.0
3561,59.3388440253279,306,782,569,844,437.5,813.0,329.0
3562,59.35550755917382,305,784,569,846,437.0,815.0,331.0
3563,59.37217109301975,306,786,568,848,437.0,817.0,333.0
3564,59.38883462686567,307,790,568,853,437.5,821.5,337.5
3565,59.405498160711595,307,796,570,858,438.5,827.0,343.0
3566,59.422161694557516,307,805,569,868,438.0,836.5,352.5
3567,59.43882522840344,308,816,571,878,439.5,847.0,363.0
3568,59.45548876224936,308,828,571,890,439.5,859.0,375.0
3569,59.47215229609528,309,840,572,902,440.5,871.0,387.0
3570,59.4888158299412,309,851,572,914,440.5,882.5,398.5
3571,59.505479363787124,310,860,573,923,441.5,891.5,407.5
3572,59.522142897633046,312,869,575,930,443.5,899.5,415.5
3573,59.53880643147897,310,874,575,936,442.5,905.0,421.0
3574,59.55546996532489,315,879,577,940,446.0,909.5,425.5
3575,59.57213349917081,315,884,576,945,445.5,914.5,430.5
3576,59.58879703301673,315,887,577,948,446.0,917.5,433.5
3577,59.605460566862654,315,889,578,950,446.5,919.5,435.5
3578,59.622124100708575,315,889,578,950,446.5,919.5,435.5
3579,59.6387876345545,316,887,579,948,447.5,917.5,433.5
3580,59.65545116840042,315,881,578,942,446.5,911.5,427.5
3581,59.67211470224634,315,871,579,934,447.0,902.5,418.5
3582,59.68877823609226,315,861,578,924,446.5,892.5,408.5
3583,59.70544176993818,315,851,577,914,446.0,882.5,398.5
3584,59.72210530378411,315,842,577,904,446.0,873.0,389.0
3585,59.73876883763003,314,832,577,894,445.5,863.0,379.0
3586,59.755432371475955,313,822,576,885,444.5,853.5,369.5
3587,59.772095905321876,312,815,575,876,443.5,845.5,361.5
3588,59.7887594391678,312,806,575,869,443.5,837.5,353.5
3589,59.80542297301372,311,799,574,861,442.5,830.0,346.0
3590,59.82208650685964,310,791,572,854,441.0,822.5,338.5
3591,59.83875004070556,309,785,572,846,440.5,815.5,331.5
3592,59.855413574551484,309,782,572,843,440.5,812.5,328.5
3593,59.872077108397406,308,779,571,840,439.5,809.5,325.5
3594,59.88874064224333,307,779,571,841,439.0,810.0,326.0
3595,59.90540417608925,306,783,569,845,437.5,814.0,330.0
3596,59.92206770993517,307,790,569,852,438.0,821.0,337.0
3597,59.93873124378109,307,797,569,860,438.0,828.5,344.5
3598,59.95539477762701,308,806,570,868,439.0,837.0,353.0
3599,59.972058311472935,307,814,569,876,438.0,845.0,361.0
3600,59.98872184531886,308,821,569,884,438.5,852.5,368.5
3601,60.00538537916478,309,830,570,893,439.5,861.5,377.5
3602,60.0220489130107,309,840,571,902,440.0,871.0,387.0
3603,60.03871244685662,310,849,572,911,441.0,880.0,396.0
3604,60.05537598070254,310,860,572,922,441.0,891.0,407.0
3605,60.07203951454847,312,869,573,931,442.5,900.0,416.0
3606,60.08870304839439,311,879,574,940,442.5,909.5,425.5
3607,60.105366582240315,313,884,575,946,444.0,915.0,431.0
3608,60.122030116086236,313,888,575,950,444.0,919.0,435.0
3609,60.13869364993216,313,888,575,950,444.0,919.0,435.0
3610,60.15535718377808,313,886,576,948,444.5,917.0,433.0
3611,60.172020717624,316,882,578,944,447.0,913.0,429.0
3612,60.18868425146992,316,878,578,940,447.0,909.0,425.0
3613,60.205347785315844,316,873,579,935,447.5,904.0,420.0
3614,60.222011319161766,316,866,579,929,447.5,897.5,413.5
3615,60.23867485300769,316,860,578,922,447.0,891.0,407.0
3616,60.25533838685361,315,852,578,915,446.5,883.5,399.5
3617,60.27200192069953,315,841,577,904,446.0,872.5,388.5
3618,60.28866545454545,315,831,577,894,446.0,862.5,378.5
3619,60.30532898839137,314,820,577,881,445.5,850.5,366.5
3620,60.321992522237295,315,808,577,871,446.0,839.5,355.5
3621,60.33865605608322,313,800,577,862,445.0,831.0,347.0
3622,60.35531958992914,312,792,575,855,443.5,823.5,339.5
3623,60.37198312377506,312,788,574,850,443.0,819.0,335.0
3624,60.38864665762098,311,785,575,848,443.0,816.5,332.5
3625,60.4053101914669,310,784,574,847,442.0,815.5,331.5
3626,60.42197372531283,310,784,574,847,442.0,815.5,331.5
3627,60.43863725915875,310,785,574,847,442.0,816.0,332.0
3628,60.455300793004675,308,787,572,849,440.0,818.0,334.0
3629,60.471964326850596,308,791,571,853,439.5,822.0,338.0
3630,60.48862786069652,307,796,571,858,439.0,827.0,343.0
3631,60.50529139454244,310,804,571,866,440.5,835.0,351.0
3632,60.52195492838836,307,814,570,876,438.5,845.0,361.0
3633,60.53861846223428,307,826,570,888,438.5,857.0,373.0
3634,60.555281996080204,308,836,570,899,439.0,867.5,383.5
3635,60.571945529926126,308,847,569,909,438.5,878.0,394.0
3636,60.58860906377205,308,857,571,918,439.5,887.5,403.5
3637,60.60527259761797,308,864,571,926,439.5,895.0,411.0
3638,60.62193613146389,310,870,572,932,441.0,901.0,417.0
3639,60.63859966530981,310,875,573,936,441.5,905.5,421.5
3640,60.65526319915573,309,878,572,941,440.5,909.5,425.5
3641,60.671926733001655,311,883,573,944,442.0,913.5,429.5
3642,60.68859026684758,313,886,574,948,443.5,917.0,433.0
3643,60.7052538006935,313,886,575,948,444.0,917.0,433.0
3644,60.72191733453942,311,885,575,947,443.0,916.0,432.0
3645,60.73858086838534,312,880,577,942,444.5,911.0,427.0
3646,60.75524440223127,313,872,576,934,444.5,903.0,419.0
3647,60.77190793607719,315,863,577,924,446.0,893.5,409.5
3648,60.78857146992311,314,853,577,915,445.5,884.0,400.0
3649,60.805235003769035,316,843,577,905,446.5,874.0,390.0
3650,60.821898537614956,315,834,577,896,446.0,865.0,381.0
3651,60.83856207146088,315,826,577,888,446.0,857.0,373.0
3652,60.8552256053068,314,818,577,880,445.5,849.0,365.0
3653,60.87188913915272,313,810,577,873,445.0,841.5,357.5
3654,60.88855267299864,313,802,576,866,444.5,834.0,350.0
3655,60.905216206844564,313,796,577,858,445.0,827.0,343.0
3656,60.921879740690486,314,788,575,851,444.5,819.5,335.5
3657,60.93854327453641,313,783,576,846,444.5,814.5,330.5
3658,60.95520680838233,312,781,575,844,443.5,812.5,328.5
3659,60.97187034222825,312,781,575,844,443.5,812.5,328.5
3660,60.98853387607417,311,784,573,847,442.0,815.5,331.5
3661,61.00519740992009,310,790,574,853,442.0,821.5,337.5
3662,61.021860943766015,308,797,573,859,440.5,828.0,344.0
3663,61.03852447761194,309,805,572,868,440.5,836.5,352.5
3664,61.05518801145786,309,812,572,874,440.5,843.0,359.0
3665,61.07185154530378,309,819,571,882,440.0,850.5,366.5
3666,61.0885150791497,310,827,572,889,441.0,858.0,374.0
3667,61.10517861299563,309,835,571,898,440.0,866.5,382.5
3668,61.12184214684155,310,845,571,907,440.5,876.0,392.0
3669,61.13850568068747,309,856,572,918,440.5,887.0,403.0
3670,61.155169214533394,309,864,571,928,440.0,896.0,412.0
3671,61.171832748379316,309,873,571,935,440.0,904.0,420.0
3672,61.18849628222524,310,880,570,942,440.0,911.0,427.0
3673,61.20515981607116,310,884,572,946,441.0,915.0,431.0
3674,61.22182334991708,310,885,571,947,440.5,916.0,432.0
3675,61.238486883763,311,884,572,946,441.5,915.0,431.0
3676,61.255150417608924,311,881,572,942,441.5,911.5,427.5
3677,61.271813951454845,311,877,574,939,442.5,908.0,424.0
3678,61.28847748530077,312,874,575,935,443.5,904.5,420.5
3679,61.30514101914669,313,868,576,930,444.5,899.0,415.0
3680,61.32180455299261,313,862,576,924,444.5,893.0,409.0
3681,61.33846808683853,314,854,577,916,445.5,885.0,401.0
3682,61.35513162068445,314,846,577,908,445.5,877.0,393.0
3683,61.371795154530375,314,835,576,896,445.0,865.5,381.5
3684,61.388458688376296,313,824,576,886,444.5,855.0,371.0
