frame_index,time_s,x_min,y_min,x_max,y_max,x_center,y_center,dy_px
0,0.0,330,1103,557,1179,443.5,1141.0,0.0
1,0.016663529987076042,324,1164,561,1230,442.5,1197.0,56.0
2,0.033327059974152085,322,1208,562,1272,442.0,1240.0,99.0
3,0.04999058996122813,318,1242,567,1306,442.5,1274.0,133.0
4,0.06665411994830417,313,1266,569,1328,441.0,1297.0,156.0
5,0.08331764993538021,310,1275,569,1334,439.5,1304.5,163.5
6,0.09998117992245625,314,1258,570,1319,442.0,1288.5,147.5
7,0.1166447099095323,322,1223,568,1288,445.0,1255.5,114.5
8,0.13330823989660834,328,1166,563,1237,445.5,1201.5,60.5
9,0.14997176988368438,335,1094,562,1178,448.5,1136.0,-5.0
10,0.16663529987076042,338,1027,560,1103,449.0,1065.0,-76.0
11,0.18329882985783646,338,945,556,1027,447.0,986.0,-155.0
12,0.1999623598449125,342,860,557,948,449.5,904.0,-237.0
13,0.21662588983198855,341,789,555,872,448.0,830.5,-310.5
14,0.2332894198190646,337,718,555,797,446.0,757.5,-383.5
15,0.24995294980614063,334,640,557,727,445.5,683.5,-457.5
16,0.2666164797932167,329,568,554,655,441.5,611.5,-529.5
17,0.2832800097802927,329,505,562,592,445.5,548.5,-592.5
18,0.29994353976736876,320,441,562,536,441.0,488.5,-652.5
19,0.3166070697544448,312,422,570,495,441.0,458.5,-682.5
20,0.33327059974152085,310,405,573,472,441.5,438.5,-702.5
21,0.3499341297285969,310,402,573,469,441.5,435.5,-705.5
22,0.36659765971567293,312,415,571,482,441.5,448.5,-692.5
23,0.38326118970274897,318,441,570,513,444.0,477.0,-664.0
24,0.399924719689825,322,482,562,560,442.0,521.0,-620.0
25,0.41658824967690106,326,533,557,616,441.5,574.5,-566.5
26,0.4332517796639771,327,592,557,677,442.0,634.5,-506.5
27,0.44991530965105314,334,647,551,742,442.5,694.5,-446.5
28,0.4665788396381292,336,721,548,814,442.0,767.5,-373.5
29,0.4832423696252052,335,809,544,891,439.5,850.0,-291.0
30,0.49990589961228127,337,887,546,972,441.5,929.5,-211.5
31,0.5165694295993573,333,969,547,1056,440.0,1012.5,-128.5
32,0.5332329595864334,332,1047,552,1131,442.0,1089.0,-52.0
33,0.5498964895735093,330,1107,556,1199,443.0,1153.0,12.0
34,0.5665600195605854,323,1172,567,1254,445.0,1213.0,72.0
35,0.5832235495476614,317,1234,570,1294,443.5,1264.0,123.0
36,0.5998870795347375,312,1254,572,1314,442.0,1284.0,143.0
37,0.6165506095218135,311,1260,571,1319,441.0,1289.5,148.5
38,0.6332141395088896,313,1249,573,1309,443.0,1279.0,138.0
39,0.6498776694959656,314,1226,568,1288,441.0,1257.0,116.0
40,0.6665411994830417,316,1194,566,1257,441.0,1225.5,84.5
41,0.6832047294701177,319,1154,561,1216,440.0,1185.0,44.0
42,0.6998682594571938,324,1094,554,1162,439.0,1128.0,-13.0
43,0.7165317894442698,326,1022,547,1098,436.5,1060.0,-81.0
44,0.7331953194313459,335,934,547,1022,441.0,978.0,-163.0
45,0.7498588494184218,333,852,544,941,438.5,896.5,-244.5
46,0.7665223794054979,337,765,549,851,443.0,808.0,-333.0
47,0.7831859093925739,338,688,546,768,442.0,728.0,-413.0
48,0.79984943937965,329,609,552,690,440.5,649.5,-491.5
49,0.816512969366726,328,546,564,626,446.0,586.0,-555.0
50,0.8331764993538021,323,497,568,572,445.5,534.5,-606.5
51,0.8498400293408781,318,463,572,536,445.0,499.5,-641.5
52,0.8665035593279542,311,444,573,508,442.0,476.0,-665.0
53,0.8831670893150302,310,428,573,492,441.5,460.0,-681.0
54,0.8998306193021063,310,424,573,490,441.5,457.0,-684.0
55,0.9164941492891823,311,432,571,498,441.0,465.0,-676.0
56,0.9331576792762584,314,452,568,522,441.0,487.0,-654.0
57,0.9498212092633344,321,490,564,562,442.5,526.0,-615.0
58,0.9664847392504105,330,536,559,616,444.5,576.0,-565.0
59,0.9831482692374864,344,602,557,685,450.5,643.5,-497.5
60,0.9998117992245625,346,678,552,765,449.0,721.5,-419.5
61,1.0164753292116386,344,764,550,847,447.0,805.5,-335.5
62,1.0331388591987145,341,846,554,930,447.5,888.0,-253.0
63,1.0498023891857906,338,920,560,1007,449.0,963.5,-177.5
64,1.0664659191728667,336,999,558,1078,447.0,1038.5,-102.5
65,1.0831294491599428,335,1060,561,1141,448.0,1100.5,-40.5
66,1.0997929791470187,332,1117,567,1198,449.5,1157.5,16.5
67,1.1164565091340948,325,1168,568,1244,446.5,1206.0,65.0
68,1.1331200391211709,319,1220,567,1282,443.0,1251.0,110.0
69,1.149783569108247,314,1246,569,1308,441.5,1277.0,136.0
70,1.1664470990953228,312,1261,573,1321,442.5,1291.0,150.0
71,1.183110629082399,312,1255,570,1316,441.0,1285.5,144.5
72,1.199774159069475,314,1230,568,1295,441.0,1262.5,121.5
73,1.2164376890565511,322,1179,561,1250,441.5,1214.5,73.5
74,1.233101219043627,325,1112,554,1195,439.5,1153.5,12.5
75,1.2497647490307031,328,1048,550,1130,439.0,1089.0,-52.0
76,1.2664282790177792,328,980,550,1058,439.0,1019.0,-122.0
77,1.2830918090048553,327,904,547,985,437.0,944.5,-196.5
78,1.2997553389919312,330,829,546,909,438.0,869.0,-272.0
79,1.3164188689790073,328,756,545,836,436.5,796.0,-345.0
80,1.3330823989660834,324,679,545,765,434.5,722.0,-419.0
81,1.3497459289531595,323,606,544,696,433.5,651.0,-490.0
82,1.3664094589402354,320,538,548,628,434.0,583.0,-558.0
83,1.3830729889273115,320,474,552,568,436.0,521.0,-620.0
84,1.3997365189143876,313,448,562,522,437.5,485.0,-656.0
85,1.4164000489014636,306,424,568,492,437.0,458.0,-683.0
86,1.4330635788885395,306,416,569,482,437.5,449.0,-692.0
87,1.4497271088756156,309,422,572,490,440.5,456.0,-685.0
88,1.4663906388626917,313,437,570,511,441.5,474.0,-667.0
89,1.4830541688497678,321,471,568,548,444.5,509.5,-631.5
90,1.4997176988368437,327,514,562,596,444.5,555.0,-586.0
91,1.5163812288239198,333,556,566,653,449.5,604.5,-536.5
92,1.5330447588109959,337,620,565,712,451.0,666.0,-475.0
93,1.549708288798072,337,703,560,780,448.5,741.5,-399.5
94,1.5663718187851479,344,771,558,854,451.0,812.5,-328.5
95,1.583035348772224,344,846,561,933,452.5,889.5,-251.5
96,1.5996988787593,347,926,555,1014,451.0,970.0,-171.0
97,1.6163624087463762,344,1004,563,1091,453.5,1047.5,-93.5
98,1.633025938733452,337,1083,567,1161,452.0,1122.0,-19.0
99,1.6496894687205281,336,1143,570,1220,453.0,1181.5,40.5
100,1.6663529987076042,327,1189,575,1265,451.0,1227.0,86.0
101,1.6830165286946803,320,1230,578,1292,449.0,1261.0,120.0
102,1.6996800586817562,319,1244,578,1304,448.5,1274.0,133.0
103,1.7163435886688323,318,1239,577,1300,447.5,1269.5,128.5
104,1.7330071186559084,316,1226,571,1287,443.5,1256.5,115.5
105,1.7496706486429845,315,1202,568,1262,441.5,1232.0,91.0
106,1.7663341786300604,319,1164,560,1228,439.5,1196.0,55.0
107,1.7829977086171365,322,1110,557,1181,439.5,1145.5,4.5
108,1.7996612386042126,326,1039,550,1122,438.0,1080.5,-60.5
109,1.8163247685912884,329,967,550,1053,439.5,1010.0,-131.0
110,1.8329882985783645,328,892,539,976,433.5,934.0,-207.0
111,1.8496518285654406,334,809,541,891,437.5,850.0,-291.0
112,1.8663153585525167,328,724,540,809,434.0,766.5,-374.5
113,1.8829788885395926,324,648,544,731,434.0,689.5,-451.5
114,1.8996424185266687,319,587,549,662,434.0,624.5,-516.5
115,1.9163059485137448,313,530,553,608,433.0,569.0,-572.0
116,1.932969478500821,308,493,558,566,433.0,529.5,-611.5
117,1.9496330084878968,305,466,561,535,433.0,500.5,-640.5
118,1.9662965384749729,301,446,563,511,432.0,478.5,-662.5
119,1.982960068462049,302,436,566,500,434.0,468.0,-673.0
120,1.999623598449125,303,436,567,501,435.0,468.5,-672.5
121,2.016287128436201,310,448,568,518,439.0,483.0,-658.0
122,2.0329506584232773,320,476,566,551,443.0,513.5,-627.5
123,2.049614188410353,330,521,562,599,446.0,560.0,-581.0
124,2.066277718397429,337,576,559,659,448.0,617.5,-523.5
125,2.0829412483845053,342,654,560,735,451.0,694.5,-446.5
126,2.099604778371581,350,730,560,814,455.0,772.0,-369.0
127,2.116268308358657,349,816,560,893,454.5,854.5,-286.5
128,2.1329318383457334,339,888,565,970,452.0,929.0,-212.0
129,2.1495953683328093,343,960,568,1038,455.5,999.0,-142.0
130,2.1662588983198856,343,1021,572,1102,457.5,1061.5,-79.5
131,2.1829224283069615,337,1081,569,1160,453.0,1120.5,-20.5
132,2.1995859582940374,333,1150,573,1213,453.0,1181.5,40.5
133,2.2162494882811137,327,1193,576,1254,451.5,1223.5,82.5
134,2.2329130182681896,324,1224,580,1287,452.0,1255.5,114.5
135,2.2495765482552654,319,1246,580,1306,449.5,1276.0,135.0
136,2.2662400782423417,316,1248,578,1308,447.0,1278.0,137.0
137,2.2829036082294176,319,1232,575,1292,447.0,1262.0,121.0
138,2.299567138216494,323,1192,571,1258,447.0,1225.0,84.0
139,2.31623066820357,325,1140,556,1210,440.5,1175.0,34.0
140,2.3328941981906457,326,1077,553,1151,439.5,1114.0,-27.0
141,2.349557728177722,325,1002,551,1086,438.0,1044.0,-97.0
142,2.366221258164798,322,929,545,1018,433.5,973.5,-167.5
143,2.3828847881518738,322,859,542,948,432.0,903.5,-237.5
144,2.39954831813895,320,775,542,874,431.0,824.5,-316.5
145,2.416211848126026,314,718,541,803,427.5,760.5,-380.5
146,2.4328753781131023,318,647,538,733,428.0,690.0,-451.0
147,2.449538908100178,316,581,542,666,429.0,623.5,-517.5
148,2.466202438087254,312,521,545,602,428.5,561.5,-579.5
149,2.4828659680743304,306,477,550,550,428.0,513.5,-627.5
150,2.4995294980614062,299,449,558,514,428.5,481.5,-659.5
151,2.516193028048482,297,433,562,497,429.5,465.0,-676.0
152,2.5328565580355584,298,433,563,498,430.5,465.5,-675.5
153,2.5495200880226343,304,444,564,514,434.0,479.0,-662.0
154,2.5661836180097106,311,470,561,543,436.0,506.5,-634.5
155,2.5828471479967865,316,508,562,584,439.0,546.0,-595.0
156,2.5995106779838624,328,552,562,630,445.0,591.0,-550.0
157,2.6161742079709387,328,611,561,687,444.5,649.0,-492.0
158,2.6328377379580146,337,673,561,750,449.0,711.5,-429.5
159,2.6495012679450904,340,742,562,821,451.0,781.5,-359.5
160,2.6661647979321668,351,813,561,897,456.0,855.0,-286.0
161,2.6828283279192426,352,894,562,976,457.0,935.0,-206.0
162,2.699491857906319,350,974,568,1054,459.0,1014.0,-127.0
163,2.716155387893395,348,1045,572,1126,460.0,1085.5,-55.5
164,2.7328189178804707,344,1108,576,1188,460.0,1148.0,7.0
165,2.749482447867547,337,1166,582,1233,459.5,1199.5,58.5
166,2.766145977854623,333,1205,586,1266,459.5,1235.5,94.5
167,2.782809507841699,326,1222,585,1284,455.5,1253.0,112.0
168,2.799473037828775,325,1227,583,1288,454.0,1257.5,116.5
169,2.816136567815851,324,1218,580,1282,452.0,1250.0,109.0
170,2.8328000978029273,324,1201,578,1264,451.0,1232.5,91.5
171,2.849463627790003,322,1174,573,1236,447.5,1205.0,64.0
172,2.866127157777079,325,1132,567,1198,446.0,1165.0,24.0
173,2.8827906877641554,328,1062,560,1147,444.0,1104.5,-36.5
174,2.8994542177512312,332,1001,550,1083,441.0,1042.0,-99.0
175,2.916117747738307,333,921,546,1005,439.5,963.0,-178.0
176,2.9327812777253834,335,841,546,927,440.5,884.0,-257.0
177,2.9494448077124593,323,767,544,844,433.5,805.5,-335.5
178,2.9661083376995356,321,688,544,768,432.5,728.0,-413.0
179,2.9827718676866115,314,625,545,701,429.5,663.0,-478.0
180,2.9994353976736874,306,547,547,642,426.5,594.5,-546.5
181,3.0160989276607637,302,522,551,596,426.5,559.0,-582.0
182,3.0327624576478396,293,488,553,561,423.0,524.5,-616.5
183,3.0494259876349155,291,464,554,534,422.5,499.0,-642.0
184,3.0660895176219918,294,449,557,516,425.5,482.5,-658.5
185,3.0827530476090677,295,444,559,510,427.0,477.0,-664.0
186,3.099416577596144,296,450,561,519,428.5,484.5,-656.5
187,3.11608010758322,306,470,560,544,433.0,507.0,-634.0
188,3.1327436375702957,311,492,558,586,434.5,539.0,-602.0
189,3.149407167557372,324,548,551,640,437.5,594.0,-547.0
190,3.166070697544448,334,615,551,707,442.5,661.0,-480.0
191,3.182734227531524,338,692,552,782,445.0,737.0,-404.0
192,3.1993977575186,343,768,559,859,451.0,813.5,-327.5
193,3.216061287505676,342,843,559,933,450.5,888.0,-253.0
194,3.2327248174927523,343,921,563,1002,453.0,961.5,-179.5
195,3.249388347479828,343,991,570,1066,456.5,1028.5,-112.5
196,3.266051877466904,342,1043,571,1123,456.5,1083.0,-58.0
197,3.2827154074539804,341,1103,576,1178,458.5,1140.5,-0.5
198,3.2993789374410563,338,1161,582,1226,460.0,1193.5,52.5
199,3.316042467428132,335,1202,586,1266,460.5,1234.0,93.0
200,3.3327059974152085,328,1226,589,1288,458.5,1257.0,116.0
201,3.3493695274022843,328,1236,588,1296,458.0,1266.0,125.0
202,3.3660330573893606,327,1227,586,1288,456.5,1257.5,116.5
203,3.3826965873764365,331,1200,579,1263,455.0,1231.5,90.5
204,3.3993601173635124,336,1154,575,1221,455.5,1187.5,46.5
205,3.4160236473505887,335,1084,564,1169,449.5,1126.5,-14.5
206,3.4326871773376646,336,1024,563,1108,449.5,1066.0,-75.0
207,3.4493507073247405,333,968,554,1043,443.5,1005.5,-135.5
208,3.466014237311817,328,906,551,979,439.5,942.5,-198.5
209,3.4826777672988927,326,823,550,910,438.0,866.5,-274.5
210,3.499341297285969,323,759,545,839,434.0,799.0,-342.0
211,3.516004827273045,325,689,540,768,432.5,728.5,-412.5
212,3.5326683572601207,316,620,543,700,429.5,660.0,-481.0
213,3.549331887247197,312,557,546,636,429.0,596.5,-544.5
214,3.565995417234273,310,507,547,582,428.5,544.5,-596.5
215,3.582658947221349,297,469,554,540,425.5,504.5,-636.5
216,3.599322477208425,293,449,557,516,425.0,482.5,-658.5
217,3.615986007195501,294,446,557,510,425.5,478.0,-663.0
218,3.632649537182577,297,449,558,520,427.5,484.5,-656.5
219,3.649313067169653,299,473,557,543,428.0,508.0,-633.0
220,3.665976597156729,308,504,556,576,432.0,540.0,-601.0
221,3.6826401271438054,312,544,553,617,432.5,580.5,-560.5
222,3.6993036571308813,320,594,557,667,438.5,630.5,-510.5
223,3.715967187117957,326,649,554,726,440.0,687.5,-453.5
224,3.7326307171050335,332,706,554,790,443.0,748.0,-393.0
225,3.7492942470921093,340,777,556,863,448.0,820.0,-321.0
226,3.765957777079185,342,863,559,938,450.5,900.5,-240.5
227,3.7826213070662615,346,933,560,1016,453.0,974.5,-166.5
228,3.7992848370533374,345,1006,567,1089,456.0,1047.5,-93.5
229,3.8159483670404137,343,1075,574,1154,458.5,1114.5,-26.5
230,3.8326118970274896,338,1128,583,1203,460.5,1165.5,24.5
231,3.8492754270145655,334,1176,588,1240,461.0,1208.0,67.0
232,3.865938957001642,330,1201,590,1263,460.0,1232.0,91.0
233,3.8826024869887177,330,1213,590,1274,460.0,1243.5,102.5
234,3.8992660169757936,329,1214,590,1274,459.5,1244.0,103.0
235,3.91592954696287,329,1201,588,1263,458.5,1232.0,91.0
236,3.9325930769499458,329,1177,584,1241,456.5,1209.0,68.0
237,3.949256606937022,332,1143,580,1208,456.0,1175.5,34.5
238,3.965920136924098,334,1078,573,1163,453.5,1120.5,-20.5
239,3.982583666911174,340,1023,565,1106,452.5,1064.5,-76.5
240,3.99924719689825,338,946,560,1036,449.0,991.0,-150.0
241,4.015910726885326,335,873,553,957,444.0,915.0,-226.0
242,4.032574256872402,335,796,551,877,443.0,836.5,-304.5
243,4.049237786859478,326,717,546,804,436.0,760.5,-380.5
244,4.0659013168465545,324,651,546,736,435.0,693.5,-447.5
245,4.08256484683363,313,592,548,679,430.5,635.5,-505.5
246,4.099228376820706,305,549,550,626,427.5,587.5,-553.5
247,4.115891906807782,299,513,552,586,425.5,549.5,-591.5
248,4.132555436794858,295,481,552,555,423.5,518.0,-623.0
249,4.149218966781935,290,462,552,532,421.0,497.0,-644.0
250,4.165882496769011,290,456,553,522,421.5,489.0,-652.0
251,4.1825460267560866,290,456,554,522,422.0,489.0,-652.0
252,4.199209556743162,296,471,555,540,425.5,505.5,-635.5
253,4.215873086730238,306,498,549,574,427.5,536.0,-605.0
254,4.232536616717314,316,545,546,625,431.0,585.0,-556.0
255,4.249200146704391,320,604,548,686,434.0,645.0,-496.0
256,4.265863676691467,327,673,547,755,437.0,714.0,-427.0
257,4.282527206678543,328,745,551,828,439.5,786.5,-354.5
258,4.299190736665619,328,808,550,897,439.0,852.5,-288.5
259,4.3158542666526944,330,884,559,968,444.5,926.0,-215.0
260,4.332517796639771,334,951,563,1032,448.5,991.5,-149.5
261,4.349181326626847,338,1007,568,1091,453.0,1049.0,-92.0
262,4.365844856613923,339,1072,572,1146,455.5,1109.0,-32.0
263,4.382508386600999,338,1129,577,1197,457.5,1163.0,22.0
264,4.399171916588075,336,1178,582,1242,459.0,1210.0,69.0
265,4.4158354465751515,332,1208,588,1272,460.0,1240.0,99.0
266,4.432498976562227,330,1223,591,1283,460.5,1253.0,112.0
267,4.449162506549303,330,1218,591,1280,460.5,1249.0,108.0
268,4.465826036536379,333,1198,588,1260,460.5,1229.0,88.0
269,4.482489566523455,338,1162,584,1226,461.0,1194.0,53.0
270,4.499153096510531,344,1101,577,1180,460.5,1140.5,-0.5
271,4.515816626497608,344,1045,574,1127,459.0,1086.0,-55.0
272,4.5324801564846835,341,987,568,1068,454.5,1027.5,-113.5
273,4.549143686471759,335,926,568,1006,451.5,966.0,-175.0
274,4.565807216458835,334,858,560,942,447.0,900.0,-241.0
275,4.582470746445911,331,778,555,874,443.0,826.0,-315.0
276,4.599134276432988,331,723,556,801,443.5,762.0,-379.0
277,4.615797806420064,327,654,554,734,440.5,694.0,-447.0
278,4.63246133640714,323,592,553,668,438.0,630.0,-511.0
279,4.6491248663942155,318,538,554,611,436.0,574.5,-566.5
280,4.665788396381291,306,489,557,565,431.5,527.0,-614.0
281,4.682451926368368,298,469,558,537,428.0,503.0,-638.0
282,4.699115456355444,295,459,559,525,427.0,492.0,-649.0
283,4.71577898634252,293,463,556,528,424.5,495.5,-645.5
284,4.732442516329596,296,479,555,544,425.5,511.5,-629.5
285,4.749106046316672,296,483,553,571,424.5,527.0,-614.0
286,4.7657695763037475,301,534,551,605,426.0,569.5,-571.5
287,4.782433106290824,308,563,550,649,429.0,606.0,-535.0
288,4.7990966362779,315,618,550,702,432.5,660.0,-481.0
289,4.815760166264976,321,681,544,762,432.5,721.5,-419.5
290,4.832423696252052,324,751,544,834,434.0,792.5,-348.5
291,4.849087226239128,331,825,546,907,438.5,866.0,-275.0
292,4.865750756226205,335,894,551,982,443.0,938.0,-203.0
293,4.88241428621328,335,974,555,1056,445.0,1015.0,-126.0
294,4.899077816200356,336,1046,564,1122,450.0,1084.0,-57.0
295,4.915741346187432,331,1094,568,1172,449.5,1133.0,-8.0
296,4.932404876174508,328,1152,577,1213,452.5,1182.5,41.5
297,4.949068406161585,324,1179,581,1240,452.5,1209.5,68.5
298,4.965731936148661,323,1197,585,1256,454.0,1226.5,85.5
299,4.982395466135737,326,1204,587,1263,456.5,1233.5,92.5
300,4.9990589961228125,327,1200,587,1258,457.0,1229.0,88.0
301,5.015722526109888,328,1182,587,1243,457.5,1212.5,71.5
302,5.032386056096964,329,1152,584,1215,456.5,1183.5,42.5
303,5.049049586084041,336,1104,578,1176,457.0,1140.0,-1.0
304,5.065713116071117,339,1026,575,1124,457.0,1075.0,-66.0
305,5.082376646058193,344,973,566,1060,455.0,1016.5,-124.5
306,5.099040176045269,344,902,562,988,453.0,945.0,-196.0
307,5.1157037060323445,344,824,561,912,452.5,868.0,-273.0
308,5.132367236019421,338,761,556,838,447.0,799.5,-341.5
309,5.149030766006497,334,695,561,770,447.5,732.5,-408.5
310,5.165694295993573,322,640,561,712,441.5,676.0,-465.0
311,5.182357825980649,318,578,559,660,438.5,619.0,-522.0
312,5.199021355967725,311,537,557,615,434.0,576.0,-565.0
313,5.2156848859548015,306,503,561,578,433.5,540.5,-600.5
314,5.232348415941877,297,478,560,552,428.5,515.0,-626.0
315,5.249011945928953,297,470,561,536,429.0,503.0,-638.0
316,5.265675475916029,297,466,561,532,429.0,499.0,-642.0
317,5.282339005903105,297,475,559,541,428.0,508.0,-633.0
318,5.299002535890181,300,495,554,568,427.0,531.5,-609.5
319,5.315666065877258,311,540,546,611,428.5,575.5,-565.5
320,5.3323295958643335,314,593,546,668,430.0,630.5,-510.5
321,5.348993125851409,318,654,545,734,431.5,694.0,-447.0
322,5.365656655838485,322,716,546,798,434.0,757.0,-384.0
323,5.382320185825561,322,782,545,866,433.5,824.0,-317.0
324,5.398983715812638,324,850,548,935,436.0,892.5,-248.5
325,5.415647245799714,325,918,549,1000,437.0,959.0,-182.0
326,5.43231077578679,326,978,556,1059,441.0,1018.5,-122.5
327,5.4489743057738655,330,1039,563,1116,446.5,1077.5,-63.5
328,5.465637835760941,328,1090,568,1169,448.0,1129.5,-11.5
329,5.482301365748017,326,1150,575,1214,450.5,1182.0,41.0
330,5.498964895735094,326,1186,579,1250,452.5,1218.0,77.0
331,5.51562842572217,322,1209,584,1270,453.0,1239.5,98.5
332,5.532291955709246,323,1211,584,1272,453.5,1241.5,100.5
333,5.548955485696322,328,1196,585,1258,456.5,1227.0,86.0
334,5.565619015683398,336,1161,583,1231,459.5,1196.0,55.0
335,5.582282545670474,336,1120,578,1192,457.0,1156.0,15.0
336,5.59894607565755,339,1066,574,1144,456.5,1105.0,-36.0
337,5.615609605644626,341,1014,574,1091,457.5,1052.5,-88.5
338,5.632273135631702,336,955,572,1029,454.0,992.0,-149.0
339,5.648936665618778,336,894,565,971,450.5,932.5,-208.5
340,5.665600195605855,337,831,561,906,449.0,868.5,-272.5
341,5.6822637255929305,336,733,560,839,448.0,786.0,-355.0
342,5.698927255580006,335,681,559,766,447.0,723.5,-417.5
343,5.715590785567082,334,614,560,700,447.0,657.0,-484.0
344,5.732254315554158,323,549,563,642,443.0,595.5,-545.5
345,5.748917845541234,318,528,565,595,441.5,561.5,-579.5
346,5.765581375528311,307,494,567,559,437.0,526.5,-614.5
347,5.782244905515387,302,477,565,543,433.5,510.0,-631.0
348,5.7989084355024625,299,475,562,539,430.5,507.0,-634.0
349,5.815571965489538,298,483,560,550,429.0,516.5,-624.5
350,5.832235495476614,299,503,560,570,429.5,536.5,-604.5
351,5.848899025463691,303,524,556,600,429.5,562.0,-579.0
352,5.865562555450767,306,548,552,635,429.0,591.5,-549.5
353,5.882226085437843,309,607,547,683,428.0,645.0,-496.0
354,5.898889615424919,317,662,543,739,430.0,700.5,-440.5
355,5.9155531454119945,322,721,541,807,431.5,764.0,-377.0
356,5.932216675399071,327,784,544,875,435.5,829.5,-311.5
357,5.948880205386147,324,868,544,950,434.0,909.0,-232.0
358,5.965543735373223,327,941,549,1022,438.0,981.5,-159.5
359,5.982207265360299,325,993,554,1088,439.5,1040.5,-100.5
360,5.998870795347375,321,1073,561,1144,441.0,1108.5,-32.5
361,6.015534325334451,319,1113,568,1187,443.5,1150.0,9.0
362,6.032197855321527,314,1156,572,1218,443.0,1187.0,46.0
363,6.048861385308603,317,1178,576,1238,446.5,1208.0,67.0
364,6.065524915295679,318,1190,578,1249,448.0,1219.5,78.5
365,6.082188445282755,321,1191,579,1252,450.0,1221.5,80.5
366,6.098851975269831,322,1183,581,1242,451.5,1212.5,71.5
367,6.115515505256908,322,1158,580,1221,451.0,1189.5,48.5
368,6.1321790352439836,330,1121,579,1186,454.5,1153.5,12.5
369,6.148842565231059,336,1066,574,1139,455.0,1102.5,-38.5
370,6.165506095218135,344,1002,569,1080,456.5,1041.0,-100.0
371,6.182169625205211,342,933,565,1016,453.5,974.5,-166.5
372,6.198833155192288,344,858,566,942,455.0,900.0,-241.0
373,6.215496685179364,338,784,561,872,449.5,828.0,-313.0
374,6.23216021516644,337,725,564,800,450.5,762.5,-378.5
375,6.248823745153516,331,666,565,744,448.0,705.0,-436.0
376,6.2654872751405914,328,616,567,689,447.5,652.5,-488.5
377,6.282150805127667,323,571,567,644,445.0,607.5,-533.5
378,6.298814335114744,320,534,568,602,444.0,568.0,-573.0
379,6.31547786510182,311,502,568,571,439.5,536.5,-604.5
380,6.332141395088896,307,485,569,550,438.0,517.5,-623.5
381,6.348804925075972,305,476,570,541,437.5,508.5,-632.5
382,6.365468455063048,306,481,568,546,437.0,513.5,-627.5
383,6.382131985050124,306,494,563,566,434.5,530.0,-611.0
384,6.3987955150372,314,526,558,604,436.0,565.0,-576.0
385,6.415459045024276,318,574,552,655,435.0,614.5,-526.5
386,6.432122575011352,319,633,552,713,435.5,673.0,-468.0
387,6.448786104998428,318,694,548,775,433.0,734.5,-406.5
388,6.465449634985505,323,757,547,837,435.0,797.0,-344.0
389,6.4821131649725805,320,824,548,903,434.0,863.5,-277.5
390,6.498776694959656,323,884,550,966,436.5,925.0,-216.0
391,6.515440224946732,323,946,554,1028,438.5,987.0,-154.0
392,6.532103754933808,324,1005,557,1085,440.5,1045.0,-96.0
393,6.548767284920884,322,1062,560,1142,441.0,1102.0,-39.0
394,6.565430814907961,322,1119,562,1189,442.0,1154.0,13.0
395,6.582094344895037,320,1162,570,1227,445.0,1194.5,53.5
396,6.5987578748821125,313,1193,573,1253,443.0,1223.0,82.0
397,6.615421404869188,313,1201,575,1262,444.0,1231.5,90.5
398,6.632084934856264,315,1192,576,1254,445.5,1223.0,82.0
399,6.648748464843341,319,1168,575,1230,447.0,1199.0,58.0
400,6.665411994830417,323,1132,573,1199,448.0,1165.5,24.5
401,6.682075524817493,328,1078,568,1156,448.0,1117.0,-24.0
402,6.698739054804569,331,1030,567,1109,449.0,1069.5,-71.5
403,6.7154025847916445,337,976,572,1053,454.5,1014.5,-126.5
404,6.732066114778721,332,918,566,997,449.0,957.5,-183.5
405,6.748729644765797,338,848,564,937,451.0,892.5,-248.5
406,6.765393174752873,335,780,566,869,450.5,824.5,-316.5
407,6.782056704739949,336,711,566,800,451.0,755.5,-385.5
408,6.798720234727025,336,647,568,734,452.0,690.5,-450.5
409,6.815383764714101,328,585,564,670,446.0,627.5,-513.5
410,6.832047294701177,322,543,570,621,446.0,582.0,-559.0
411,6.848710824688253,315,518,571,584,443.0,551.0,-590.0
412,6.865374354675329,310,496,572,562,441.0,529.0,-612.0
413,6.882037884662405,308,489,570,554,439.0,521.5,-619.5
414,6.898701414649481,308,492,570,556,439.0,524.0,-617.0
415,6.915364944636558,308,505,569,571,438.5,538.0,-603.0
416,6.932028474623634,308,522,567,597,437.5,559.5,-581.5
417,6.9486920046107095,312,549,564,628,438.0,588.5,-552.5
418,6.965355534597785,316,596,560,668,438.0,632.0,-509.0
419,6.982019064584861,322,639,559,717,440.5,678.0,-463.0
420,6.998682594571938,323,697,551,780,437.0,738.5,-402.5
421,7.015346124559014,328,766,547,846,437.5,806.0,-335.0
422,7.03200965454609,327,835,550,919,438.5,877.0,-264.0
423,7.048673184533166,324,905,548,990,436.0,947.5,-193.5
424,7.0653367145202415,327,973,553,1056,440.0,1014.5,-126.5
425,7.082000244507317,320,1042,557,1112,438.5,1077.0,-64.0
426,7.098663774494394,316,1095,561,1160,438.5,1127.5,-13.5
427,7.11532730448147,314,1131,567,1194,440.5,1162.5,21.5
428,7.131990834468546,312,1154,570,1219,441.0,1186.5,45.5
429,7.148654364455622,314,1172,570,1234,442.0,1203.0,62.0
430,7.165317894442698,315,1180,572,1241,443.5,1210.5,69.5
431,7.181981424429774,315,1178,573,1240,444.0,1209.0,68.0
432,7.19864495441685,316,1162,573,1224,444.5,1193.0,52.0
433,7.215308484403926,321,1132,569,1195,445.0,1163.5,22.5
434,7.231972014391002,328,1086,568,1153,448.0,1119.5,-21.5
435,7.248635544378078,334,1019,565,1099,449.5,1059.0,-82.0
436,7.265299074365154,335,957,563,1037,449.0,997.0,-144.0
437,7.2819626043522305,335,887,558,970,446.5,928.5,-212.5
438,7.298626134339306,337,820,557,900,447.0,860.0,-281.0
439,7.315289664326382,334,755,562,835,448.0,795.0,-346.0
440,7.331953194313458,329,697,562,773,445.5,735.0,-406.0
441,7.348616724300534,329,644,568,720,448.5,682.0,-459.0
442,7.365280254287611,328,597,567,672,447.5,634.5,-506.5
443,7.381943784274687,322,560,571,628,446.5,594.0,-547.0
444,7.3986073142617625,318,526,571,593,444.5,559.5,-581.5
445,7.415270844248838,312,501,575,568,443.5,534.5,-606.5
446,7.431934374235914,311,488,575,553,443.0,520.5,-620.5
447,7.448597904222991,311,489,575,554,443.0,521.5,-619.5
448,7.465261434210067,312,496,570,568,441.0,532.0,-609.0
449,7.481924964197143,314,522,566,597,440.0,559.5,-581.5
450,7.498588494184219,320,545,561,641,440.5,593.0,-548.0
451,7.515252024171295,322,596,557,695,439.5,645.5,-495.5
452,7.53191555415837,327,653,558,755,442.5,704.0,-437.0
453,7.548579084145447,323,736,559,812,441.0,774.0,-367.0
454,7.565242614132523,328,793,557,874,442.5,833.5,-307.5
455,7.581906144119599,328,857,556,934,442.0,895.5,-245.5
456,7.598569674106675,326,919,553,994,439.5,956.5,-184.5
457,7.615233204093751,326,973,559,1055,442.5,1014.0,-127.0
458,7.6318967340808275,323,1031,559,1112,441.0,1071.5,-69.5
459,7.648560264067903,323,1084,563,1162,443.0,1123.0,-18.0
460,7.665223794054979,317,1138,565,1202,441.0,1170.0,29.0
461,7.681887324042055,311,1168,568,1232,439.5,1200.0,59.0
462,7.698550854029131,308,1187,568,1248,438.0,1217.5,76.5
463,7.715214384016208,309,1186,569,1246,439.0,1216.0,75.0
464,7.731877914003284,310,1166,569,1228,439.5,1197.0,56.0
465,7.7485414439903595,315,1138,567,1201,441.0,1169.5,28.5
466,7.765204973977435,318,1097,566,1164,442.0,1130.5,-10.5
467,7.781868503964511,323,1048,566,1124,444.5,1086.0,-55.0
468,7.798532033951587,324,994,561,1073,442.5,1033.5,-107.5
469,7.815195563938664,328,929,559,1020,443.5,974.5,-166.5
470,7.83185909392574,328,866,560,960,444.0,913.0,-228.0
471,7.848522623912816,326,806,557,896,441.5,851.0,-290.0
472,7.8651861538998915,332,743,557,830,444.5,786.5,-354.5
473,7.881849683886967,331,676,557,763,444.0,719.5,-421.5
474,7.898513213874044,325,623,557,701,441.0,662.0,-479.0
475,7.91517674386112,320,572,566,649,443.0,610.5,-530.5
476,7.931840273848196,312,540,568,608,440.0,574.0,-567.0
477,7.948503803835272,311,517,571,583,441.0,550.0,-591.0
478,7.965167333822348,310,504,574,570,442.0,537.0,-604.0
479,7.981830863809424,309,503,573,568,441.0,535.5,-605.5
480,7.9984943937965,311,510,574,576,442.5,543.0,-598.0
481,8.015157923783576,312,528,575,593,443.5,560.5,-580.5
482,8.031821453770652,317,546,571,619,444.0,582.5,-558.5
483,8.048484983757728,324,582,570,656,447.0,619.0,-522.0
484,8.065148513744804,328,620,564,701,446.0,660.5,-480.5
485,8.08181204373188,327,680,562,761,444.5,720.5,-420.5
486,8.098475573718956,338,738,560,822,449.0,780.0,-361.0
487,8.115139103706033,336,812,560,889,448.0,850.5,-290.5
488,8.131802633693109,334,880,557,960,445.5,920.0,-221.0
489,8.148466163680185,330,950,561,1025,445.5,987.5,-153.5
490,8.16512969366726,328,1010,564,1081,446.0,1045.5,-95.5
491,8.181793223654337,327,1062,565,1129,446.0,1095.5,-45.5
492,8.198456753641413,321,1104,568,1168,444.5,1136.0,-5.0
493,8.215120283628488,315,1136,568,1196,441.5,1166.0,25.0
494,8.231783813615564,316,1156,570,1218,443.0,1187.0,46.0
495,8.24844734360264,314,1168,570,1228,442.0,1198.0,57.0
496,8.265110873589716,314,1169,571,1230,442.5,1199.5,58.5
497,8.281774403576792,311,1162,571,1223,441.0,1192.5,51.5
498,8.29843793356387,314,1137,568,1200,441.0,1168.5,27.5
499,8.315101463550945,316,1091,561,1166,438.5,1128.5,-12.5
500,8.331764993538021,326,1040,557,1114,441.5,1077.0,-64.0
501,8.348428523525097,324,979,552,1055,438.0,1017.0,-124.0
502,8.365092053512173,325,918,552,992,438.5,955.0,-186.0
503,8.381755583499249,324,848,556,929,440.0,888.5,-252.5
504,8.398419113486325,324,785,555,862,439.5,823.5,-317.5
505,8.4150826434734,325,726,556,802,440.5,764.0,-377.0
506,8.431746173460477,321,675,559,750,440.0,712.5,-428.5
507,8.448409703447552,320,622,562,702,441.0,662.0,-479.0
508,8.465073233434628,316,577,564,657,440.0,617.0,-524.0
509,8.481736763421706,314,540,566,619,440.0,579.5,-561.5
510,8.498400293408782,312,516,568,588,440.0,552.0,-589.0
511,8.515063823395858,307,500,571,568,439.0,534.0,-607.0
512,8.531727353382934,307,496,572,562,439.5,529.0,-612.0
513,8.54839088337001,309,505,572,571,440.5,538.0,-603.0
514,8.565054413357085,316,523,570,596,443.0,559.5,-581.5
515,8.581717943344161,321,545,568,633,444.5,589.0,-552.0
516,8.598381473331237,324,599,568,682,446.0,640.5,-500.5
517,8.615045003318313,328,648,568,735,448.0,691.5,-449.5
518,8.631708533305389,326,693,566,791,446.0,742.0,-399.0
519,8.648372063292467,328,769,565,850,446.5,809.5,-331.5
520,8.665035593279542,332,826,562,909,447.0,867.5,-273.5
521,8.681699123266618,334,889,569,966,451.5,927.5,-213.5
522,8.698362653253694,336,944,567,1026,451.5,985.0,-156.0
523,8.71502618324077,336,1001,566,1082,451.0,1041.5,-99.5
524,8.731689713227846,328,1062,569,1136,448.5,1099.0,-42.0
525,8.748353243214922,327,1112,569,1178,448.0,1145.0,4.0
526,8.765016773201998,317,1145,574,1211,445.5,1178.0,37.0
527,8.781680303189074,312,1167,573,1230,442.5,1198.5,57.5
528,8.79834383317615,310,1173,574,1234,442.0,1203.5,62.5
529,8.815007363163225,312,1162,571,1224,441.5,1193.0,52.0
530,8.831670893150303,312,1139,568,1200,440.0,1169.5,28.5
531,8.848334423137379,313,1106,568,1170,440.5,1138.0,-3.0
532,8.864997953124455,320,1066,564,1133,442.0,1099.5,-41.5
533,8.88166148311153,317,1022,556,1090,436.5,1056.0,-85.0
534,8.898325013098606,322,970,558,1041,440.0,1005.5,-135.5
535,8.914988543085682,324,905,552,985,438.0,945.0,-196.0
536,8.931652073072758,322,844,549,928,435.5,886.0,-255.0
537,8.948315603059834,324,783,546,857,435.0,820.0,-321.0
538,8.96497913304691,322,713,545,793,433.5,753.0,-388.0
539,8.981642663033986,318,650,550,730,434.0,690.0,-451.0
540,8.998306193021062,316,604,556,677,436.0,640.5,-500.5
541,9.01496972300814,312,557,559,633,435.5,595.0,-546.0
542,9.031633252995215,306,534,565,604,435.5,569.0,-572.0
543,9.048296782982291,305,523,568,588,436.5,555.5,-585.5
544,9.064960312969367,306,517,568,582,437.0,549.5,-591.5
545,9.081623842956443,306,520,570,584,438.0,552.0,-589.0
546,9.098287372943519,311,529,572,594,441.5,561.5,-579.5
547,9.114950902930595,313,547,573,616,443.0,581.5,-559.5
548,9.13161443291767,322,573,574,648,448.0,610.5,-530.5
549,9.148277962904746,323,614,570,686,446.5,650.0,-491.0
550,9.164941492891822,330,659,565,736,447.5,697.5,-443.5
551,9.181605022878898,337,716,563,797,450.0,756.5,-384.5
552,9.198268552865976,341,783,563,863,452.0,823.0,-318.0
553,9.214932082853052,338,848,568,931,453.0,889.5,-251.5
554,9.231595612840128,334,916,563,996,448.5,956.0,-185.0
555,9.248259142827203,336,975,573,1052,454.5,1013.5,-127.5
556,9.26492267281428,329,1024,574,1101,451.5,1062.5,-78.5
557,9.281586202801355,328,1078,576,1140,452.0,1109.0,-32.0
558,9.298249732788431,326,1112,577,1176,451.5,1144.0,3.0
559,9.314913262775507,322,1135,578,1198,450.0,1166.5,25.5
560,9.331576792762583,320,1152,578,1215,449.0,1183.5,42.5
561,9.348240322749659,319,1160,577,1220,448.0,1190.0,49.0
562,9.364903852736736,316,1156,577,1216,446.5,1186.0,45.0
563,9.381567382723812,313,1139,572,1200,442.5,1169.5,28.5
564,9.398230912710888,321,1107,566,1172,443.5,1139.5,-1.5
565,9.414894442697964,318,1055,558,1128,438.0,1091.5,-49.5
566,9.43155797268504,320,1001,554,1074,437.0,1037.5,-103.5
567,9.448221502672116,323,933,555,1013,439.0,973.0,-168.0
568,9.464885032659192,321,877,552,952,436.5,914.5,-226.5
569,9.481548562646267,320,817,552,890,436.0,853.5,-287.5
570,9.498212092633343,317,760,549,834,433.0,797.0,-344.0
571,9.51487562262042,312,706,552,779,432.0,742.5,-398.5
572,9.531539152607495,314,655,556,729,435.0,692.0,-449.0
573,9.548202682594573,310,603,556,683,433.0,643.0,-498.0
574,9.564866212581649,307,562,558,641,432.5,601.5,-539.5
575,9.581529742568724,305,530,559,607,432.0,568.5,-572.5
576,9.5981932725558,301,515,563,583,432.0,549.0,-592.0
577,9.614856802542876,301,508,566,572,433.5,540.0,-601.0
578,9.631520332529952,303,513,566,576,434.5,544.5,-596.5
579,9.648183862517028,311,528,568,597,439.5,562.5,-578.5
580,9.664847392504104,313,551,564,629,438.5,590.0,-551.0
581,9.68151092249118,321,590,566,670,443.5,630.0,-511.0
582,9.698174452478256,328,631,566,717,447.0,674.0,-467.0
583,9.714837982465331,326,692,568,770,447.0,731.0,-410.0
584,9.73150151245241,334,753,570,826,452.0,789.5,-351.5
585,9.748165042439485,336,807,568,880,452.0,843.5,-297.5
586,9.76482857242656,335,857,569,937,452.0,897.0,-244.0
587,9.781492102413637,338,917,571,996,454.5,956.5,-184.5
588,9.798155632400713,341,976,574,1053,457.5,1014.5,-126.5
589,9.814819162387789,332,1033,570,1107,451.0,1070.0,-71.0
590,9.831482692374864,334,1092,576,1154,455.0,1123.0,-18.0
591,9.84814622236194,328,1129,580,1188,454.0,1158.5,17.5
592,9.864809752349016,323,1150,583,1211,453.0,1180.5,39.5
593,9.881473282336092,320,1161,582,1221,451.0,1191.0,50.0
594,9.89813681232317,321,1155,579,1216,450.0,1185.5,44.5
595,9.914800342310246,322,1137,578,1199,450.0,1168.0,27.0
596,9.931463872297321,320,1112,573,1174,446.5,1143.0,2.0
597,9.948127402284397,322,1075,572,1142,447.0,1108.5,-32.5
598,9.964790932271473,319,1036,568,1102,443.5,1069.0,-72.0
599,9.981454462258549,321,981,566,1058,443.5,1019.5,-121.5
600,9.998117992245625,322,935,558,1007,440.0,971.0,-170.0
601,10.0147815222327,324,871,550,950,437.0,910.5,-230.5
602,10.031445052219777,323,813,548,886,435.5,849.5,-291.5
603,10.048108582206853,315,739,549,822,432.0,780.5,-360.5
604,10.064772112193928,318,680,548,760,433.0,720.0,-421.0
605,10.081435642181006,314,628,554,704,434.0,666.0,-475.0
606,10.098099172168082,304,584,551,658,427.5,621.0,-520.0
607,10.114762702155158,300,559,557,626,428.5,592.5,-548.5
608,10.131426232142234,298,541,561,606,429.5,573.5,-567.5
609,10.14808976212931,297,531,561,596,429.0,563.5,-577.5
610,10.164753292116385,298,529,561,594,429.5,561.5,-579.5
611,10.181416822103461,301,535,564,600,432.5,567.5,-573.5
612,10.198080352090537,304,550,567,614,435.5,582.0,-559.0
613,10.214743882077613,309,571,567,638,438.0,604.5,-536.5
614,10.231407412064689,318,603,568,674,443.0,638.5,-502.5
615,10.248070942051765,323,642,568,722,445.5,682.0,-459.0
616,10.264734472038842,328,695,562,776,445.0,735.5,-405.5
617,10.281398002025918,336,758,566,841,451.0,799.5,-341.5
618,10.298061532012994,337,824,563,904,450.0,864.0,-277.0
619,10.31472506200007,337,885,570,967,453.5,926.0,-215.0
620,10.331388591987146,334,953,574,1025,454.0,989.0,-152.0
621,10.348052121974222,334,1008,580,1075,457.0,1041.5,-99.5
622,10.364715651961298,334,1050,581,1115,457.5,1082.5,-58.5
623,10.381379181948374,333,1087,584,1150,458.5,1118.5,-22.5
624,10.39804271193545,328,1114,585,1178,456.5,1146.0,5.0
625,10.414706241922525,327,1137,585,1198,456.0,1167.5,26.5
626,10.431369771909603,324,1149,585,1210,454.5,1179.5,38.5
627,10.448033301896679,323,1150,585,1210,454.0,1180.0,39.0
628,10.464696831883755,321,1136,582,1198,451.5,1167.0,26.0
629,10.48136036187083,321,1112,578,1177,449.5,1144.5,3.5
630,10.498023891857907,327,1069,574,1136,450.5,1102.5,-38.5
631,10.514687421844982,329,1004,565,1088,447.0,1046.0,-95.0
632,10.531350951832058,327,952,558,1034,442.5,993.0,-148.0
633,10.548014481819134,325,898,560,973,442.5,935.5,-205.5
634,10.56467801180621,322,842,554,915,438.0,878.5,-262.5
635,10.581341541793286,319,783,553,860,436.0,821.5,-319.5
636,10.598005071780362,315,732,554,809,434.5,770.5,-370.5
637,10.61466860176744,312,670,551,756,431.5,713.0,-428.0
638,10.631332131754515,307,627,550,708,428.5,667.5,-473.5
639,10.647995661741591,305,581,552,666,428.5,623.5,-517.5
640,10.664659191728667,298,554,554,630,426.0,592.0,-549.0
641,10.681322721715743,299,535,558,602,428.5,568.5,-572.5
642,10.697986251702819,296,520,558,586,427.0,553.0,-588.0
643,10.714649781689895,296,520,559,586,427.5,553.0,-588.0
644,10.73131331167697,301,528,559,600,430.0,564.0,-577.0
645,10.747976841664046,303,553,559,625,431.0,589.0,-552.0
646,10.764640371651122,312,587,560,664,436.0,625.5,-515.5
647,10.781303901638198,315,629,560,704,437.5,666.5,-474.5
648,10.797967431625276,320,679,558,755,439.0,717.0,-424.0
649,10.814630961612352,322,725,561,803,441.5,764.0,-377.0
650,10.831294491599428,328,778,560,858,444.0,818.0,-323.0
651,10.847958021586503,329,833,569,912,449.0,872.5,-268.5
652,10.86462155157358,330,889,565,970,447.5,929.5,-211.5
653,10.881285081560655,337,946,568,1025,452.5,985.5,-155.5
654,10.897948611547731,340,1004,572,1080,456.0,1042.0,-99.0
655,10.914612141534807,333,1056,575,1128,454.0,1092.0,-49.0
656,10.931275671521883,329,1105,580,1168,454.5,1136.5,-4.5
657,10.947939201508959,327,1132,586,1192,456.5,1162.0,21.0
658,10.964602731496035,328,1144,586,1206,457.0,1175.0,34.0
659,10.981266261483112,328,1144,586,1206,457.0,1175.0,34.0
660,10.997929791470188,326,1134,585,1194,455.5,1164.0,23.0
661,11.014593321457264,329,1112,584,1174,456.5,1143.0,2.0
662,11.03125685144434,326,1082,579,1145,452.5,1113.5,-27.5
663,11.047920381431416,328,1049,576,1111,452.0,1080.0,-61.0
664,11.064583911418492,326,1006,572,1071,449.0,1038.5,-102.5
665,11.081247441405567,324,950,570,1026,447.0,988.0,-153.0
666,11.097910971392643,322,893,560,974,441.0,933.5,-207.5
667,11.11457450137972,327,830,555,910,441.0,870.0,-271.0
668,11.131238031366795,320,752,557,850,438.5,801.0,-340.0
669,11.147901561353873,321,708,551,786,436.0,747.0,-394.0
670,11.164565091340949,311,654,552,731,431.5,692.5,-448.5
671,11.181228621328025,310,613,555,685,432.5,649.0,-492.0
672,11.1978921513151,302,583,556,649,429.0,616.0,-525.0
673,11.214555681302176,297,558,558,624,427.5,591.0,-550.0
674,11.231219211289252,294,545,558,610,426.0,577.5,-563.5
675,11.247882741276328,295,540,558,606,426.5,573.0,-568.0
676,11.264546271263404,295,542,557,608,426.0,575.0,-566.0
677,11.28120980125048,296,553,557,617,426.5,585.0,-556.0
678,11.297873331237556,296,568,559,636,427.5,602.0,-539.0
679,11.314536861224632,305,598,558,666,431.5,632.0,-509.0
680,11.33120039121171,310,636,551,708,430.5,672.0,-469.0
681,11.347863921198785,320,680,552,759,436.0,719.5,-421.5
682,11.364527451185861,323,740,557,818,440.0,779.0,-362.0
683,11.381190981172937,328,787,556,879,442.0,833.0,-308.0
684,11.397854511160013,330,865,561,942,445.5,903.5,-237.5
685,11.414518041147089,332,922,569,999,450.5,960.5,-180.5
686,11.431181571134164,332,982,571,1048,451.5,1015.0,-126.0
687,11.44784510112124,326,1025,576,1090,451.0,1057.5,-83.5
688,11.464508631108316,329,1063,580,1126,454.5,1094.5,-46.5
689,11.481172161095392,328,1092,583,1157,455.5,1124.5,-16.5
690,11.497835691082468,327,1118,584,1180,455.5,1149.0,8.0
691,11.514499221069546,326,1137,586,1196,456.0,1166.5,25.5
692,11.531162751056621,327,1142,586,1202,456.5,1172.0,31.0
693,11.547826281043697,326,1135,587,1196,456.5,1165.5,24.5
694,11.564489811030773,328,1111,584,1174,456.0,1142.5,1.5
695,11.581153341017849,331,1065,578,1142,454.5,1103.5,-37.5
696,11.597816871004925,334,1023,574,1099,454.0,1061.0,-80.0
697,11.614480400992,337,969,574,1048,455.5,1008.5,-132.5
698,11.631143930979077,332,915,568,994,450.0,954.5,-186.5
699,11.647807460966153,328,858,565,936,446.5,897.0,-244.0
700,11.664470990953228,325,804,565,884,445.0,844.0,-297.0
701,11.681134520940306,322,758,562,832,442.0,795.0,-346.0
702,11.697798050927382,316,711,561,784,438.5,747.5,-393.5
703,11.714461580914458,316,663,558,733,437.0,698.0,-443.0
704,11.731125110901534,312,615,556,687,434.0,651.0,-490.0
705,11.74778864088861,306,577,558,650,432.0,613.5,-527.5
706,11.764452170875686,301,551,559,619,430.0,585.0,-556.0
707,11.781115700862761,296,536,559,600,427.5,568.0,-573.0
708,11.797779230849837,296,531,558,595,427.0,563.0,-578.0
709,11.814442760836913,297,538,559,603,428.0,570.5,-570.5
710,11.831106290823989,300,555,555,625,427.5,590.0,-551.0
711,11.847769820811065,301,586,556,657,428.5,621.5,-519.5
712,11.864433350798143,309,621,555,697,432.0,659.0,-482.0
713,11.881096880785218,309,664,557,740,433.0,702.0,-439.0
714,11.897760410772294,316,708,552,788,434.0,748.0,-393.0
715,11.91442394075937,322,754,556,835,439.0,794.5,-346.5
716,11.931087470746446,324,813,554,889,439.0,851.0,-290.0
717,11.947751000733522,324,864,562,943,443.0,903.5,-237.5
718,11.964414530720598,327,920,562,999,444.5,959.5,-181.5
719,11.981078060707674,332,972,567,1052,449.5,1012.0,-129.0
720,11.99774159069475,328,1024,568,1102,448.0,1063.0,-78.0
721,12.014405120681825,323,1082,576,1144,449.5,1113.0,-28.0
722,12.031068650668901,324,1112,582,1174,453.0,1143.0,2.0
723,12.047732180655979,324,1129,586,1190,455.0,1159.5,18.5
724,12.064395710643055,325,1132,586,1192,455.5,1162.0,21.0
725,12.08105924063013,328,1126,587,1187,457.5,1156.5,15.5
726,12.097722770617207,326,1110,585,1171,455.5,1140.5,-0.5
727,12.114386300604282,328,1089,584,1150,456.0,1119.5,-21.5
728,12.131049830591358,331,1054,584,1122,457.5,1088.0,-53.0
729,12.147713360578434,326,1018,576,1084,451.0,1051.0,-90.0
730,12.16437689056551,329,937,573,1041,451.0,989.0,-152.0
731,12.181040420552586,327,922,568,991,447.5,956.5,-184.5
732,12.197703950539662,330,848,565,933,447.5,890.5,-250.5
733,12.21436748052674,330,779,561,874,445.5,826.5,-314.5
734,12.231031010513815,328,717,562,811,445.0,764.0,-377.0
735,12.247694540500891,323,684,561,758,442.0,721.0,-420.0
736,12.264358070487967,318,637,567,709,442.5,673.0,-468.0
737,12.281021600475043,310,604,565,674,437.5,639.0,-502.0
738,12.297685130462119,303,577,564,644,433.5,610.5,-530.5
739,12.314348660449195,298,562,563,626,430.5,594.0,-547.0
740,12.33101219043627,297,552,561,616,429.0,584.0,-557.0
741,12.347675720423346,297,552,561,616,429.0,584.0,-557.0
742,12.364339250410422,295,557,559,622,427.0,589.5,-551.5
743,12.381002780397498,296,570,558,637,427.0,603.5,-537.5
744,12.397666310384576,301,592,554,660,427.5,626.0,-515.0
745,12.414329840371652,308,624,552,696,430.0,660.0,-481.0
746,12.430993370358728,314,672,555,746,434.5,709.0,-432.0
747,12.447656900345804,318,726,551,803,434.5,764.5,-376.5
748,12.46432043033288,321,785,557,860,439.0,822.5,-318.5
749,12.480983960319955,321,834,554,915,437.5,874.5,-266.5
750,12.497647490307031,323,895,559,973,441.0,934.0,-207.0
751,12.514311020294107,324,945,567,1023,445.5,984.0,-157.0
752,12.530974550281183,322,1001,569,1065,445.5,1033.0,-108.0
753,12.547638080268259,320,1040,570,1104,445.0,1072.0,-69.0
754,12.564301610255335,323,1072,575,1135,449.0,1103.5,-37.5
755,12.580965140242412,322,1097,577,1162,449.5,1129.5,-11.5
756,12.597628670229488,320,1120,581,1182,450.5,1151.0,10.0
757,12.614292200216564,322,1133,581,1192,451.5,1162.5,21.5
758,12.63095573020364,322,1129,584,1189,453.0,1159.0,18.0
759,12.647619260190716,326,1111,584,1173,455.0,1142.0,1.0
760,12.664282790177792,330,1080,582,1146,456.0,1113.0,-28.0
761,12.680946320164868,334,1040,578,1107,456.0,1073.5,-67.5
762,12.697609850151943,339,995,572,1062,455.5,1028.5,-112.5
763,12.71427338013902,338,939,576,1010,457.0,974.5,-166.5
764,12.730936910126095,337,884,572,957,454.5,920.5,-220.5
765,12.747600440113171,334,827,570,905,452.0,866.0,-275.0
766,12.764263970100249,328,781,572,854,450.0,817.5,-323.5
767,12.780927500087325,324,728,567,806,445.5,767.0,-374.0
768,12.7975910300744,323,679,560,760,441.5,719.5,-421.5
769,12.814254560061476,320,641,567,713,443.5,677.0,-464.0
770,12.830918090048552,316,602,566,670,441.0,636.0,-505.0
771,12.847581620035628,307,571,568,638,437.5,604.5,-536.5
772,12.864245150022704,304,550,566,618,435.0,584.0,-557.0
773,12.88090868000978,301,544,566,608,433.5,576.0,-565.0
774,12.897572209996856,301,545,565,610,433.0,577.5,-563.5
775,12.914235739983932,300,561,562,626,431.0,593.5,-547.5
776,12.93089926997101,304,587,562,654,433.0,620.5,-520.5
777,12.947562799958085,307,618,559,689,433.0,653.5,-487.5
778,12.964226329945161,307,656,558,727,432.5,691.5,-449.5
779,12.980889859932237,312,697,552,770,432.0,733.5,-407.5
780,12.997553389919313,310,744,551,814,430.5,779.0,-362.0
781,13.014216919906389,313,786,553,867,433.0,826.5,-314.5
782,13.030880449893465,319,838,553,919,436.0,878.5,-262.5
783,13.04754397988054,324,902,553,975,438.5,938.5,-202.5
784,13.064207509867616,322,958,558,1028,440.0,993.0,-148.0
785,13.080871039854692,323,1009,567,1079,445.0,1044.0,-97.0
786,13.097534569841768,316,1050,568,1121,442.0,1085.5,-55.5
787,13.114198099828846,316,1092,574,1154,445.0,1123.0,-18.0
788,13.130861629815922,315,1112,576,1172,445.5,1142.0,1.0
789,13.147525159802997,317,1120,579,1180,448.0,1150.0,9.0
790,13.164188689790073,319,1117,580,1177,449.5,1147.0,6.0
791,13.18085221977715,320,1106,581,1168,450.5,1137.0,-4.0
792,13.197515749764225,321,1087,580,1149,450.5,1118.0,-23.0
793,13.214179279751301,324,1063,579,1125,451.5,1094.0,-47.0
794,13.230842809738377,328,1029,575,1092,451.5,1060.5,-80.5
795,13.247506339725453,329,986,577,1054,453.0,1020.0,-121.0
796,13.264169869712529,332,913,572,1008,452.0,960.5,-180.5
797,13.280833399699604,332,877,568,955,450.0,916.0,-225.0
798,13.297496929686682,332,819,560,894,446.0,856.5,-284.5
799,13.314160459673758,334,755,568,837,451.0,796.0,-345.0
800,13.330823989660834,329,704,567,780,448.0,742.0,-399.0
801,13.34748751964791,327,658,570,732,448.5,695.0,-446.0
802,13.364151049634986,318,626,572,695,445.0,660.5,-480.5
803,13.380814579622061,312,599,572,666,442.0,632.5,-508.5
804,13.397478109609137,308,579,570,646,439.0,612.5,-528.5
805,13.414141639596213,306,566,570,631,438.0,598.5,-542.5
806,13.430805169583289,304,561,567,626,435.5,593.5,-547.5
807,13.447468699570365,303,563,567,628,435.0,595.5,-545.5
808,13.464132229557443,304,573,565,637,434.5,605.0,-536.0
809,13.480795759544518,306,586,564,658,435.0,622.0,-519.0
810,13.497459289531594,311,617,562,688,436.5,652.5,-488.5
811,13.51412281951867,314,659,554,734,434.0,696.5,-444.5
812,13.530786349505746,316,709,554,785,435.0,747.0,-394.0
813,13.547449879492822,318,764,552,840,435.0,802.0,-339.0
814,13.564113409479898,318,817,553,897,435.5,857.0,-284.0
815,13.580776939466974,319,880,556,948,437.5,914.0,-227.0
816,13.59744046945405,316,925,559,998,437.5,961.5,-179.5
817,13.614103999441125,318,977,560,1044,439.0,1010.5,-130.5
818,13.630767529428201,312,1015,566,1080,439.0,1047.5,-93.5
819,13.647431059415279,314,1053,568,1114,441.0,1083.5,-57.5
820,13.664094589402355,316,1081,571,1143,443.5,1112.0,-29.0
821,13.68075811938943,315,1097,573,1165,444.0,1131.0,-10.0
822,13.697421649376507,313,1118,575,1179,444.0,1148.5,7.5
823,13.714085179363583,314,1122,576,1182,445.0,1152.0,11.0
824,13.730748709350658,317,1108,577,1171,447.0,1139.5,-1.5
825,13.747412239337734,320,1084,576,1148,448.0,1116.0,-25.0
826,13.76407576932481,328,1040,575,1114,451.5,1077.0,-64.0
827,13.780739299311886,328,1002,573,1071,450.5,1036.5,-104.5
828,13.797402829298962,329,951,571,1028,450.0,989.5,-151.5
829,13.814066359286038,326,906,571,977,448.5,941.5,-199.5
830,13.830729889273115,328,855,568,926,448.0,890.5,-250.5
831,13.847393419260191,328,807,569,879,448.5,843.0,-298.0
832,13.864056949247267,328,752,568,830,448.0,791.0,-350.0
833,13.880720479234343,326,708,568,782,447.0,745.0,-396.0
834,13.897384009221419,327,660,566,738,446.5,699.0,-442.0
835,13.914047539208495,322,618,570,693,446.0,655.5,-485.5
836,13.93071106919557,316,590,572,658,444.0,624.0,-517.0
837,13.947374599182647,312,567,573,633,442.5,600.0,-541.0
838,13.964038129169722,309,556,573,620,441.0,588.0,-553.0
839,13.980701659156798,307,557,571,620,439.0,588.5,-552.5
840,13.997365189143876,307,566,568,632,437.5,599.0,-542.0
841,14.014028719130952,307,583,567,653,437.0,618.0,-523.0
842,14.030692249118028,312,602,563,682,437.5,642.0,-499.0
843,14.047355779105104,312,640,566,718,439.0,679.0,-462.0
844,14.06401930909218,312,680,559,759,435.5,719.5,-421.5
845,14.080682839079255,313,726,563,801,438.0,763.5,-377.5
846,14.097346369066331,314,769,557,847,435.5,808.0,-333.0
847,14.114009899053407,321,821,555,897,438.0,859.0,-282.0
848,14.130673429040483,322,872,554,952,438.0,912.0,-229.0
849,14.147336959027559,319,936,560,1006,439.5,971.0,-170.0
850,14.164000489014635,319,977,559,1054,439.0,1015.5,-125.5
851,14.180664019001712,318,1026,563,1099,440.5,1062.5,-78.5
852,14.197327548988788,312,1069,568,1131,440.0,1100.0,-41.0
853,14.213991078975864,311,1095,570,1157,440.5,1126.0,-15.0
854,14.23065460896294,311,1107,571,1168,441.0,1137.5,-3.5
855,14.247318138950016,313,1106,572,1168,442.5,1137.0,-4.0
856,14.263981668937092,313,1099,573,1162,443.0,1130.5,-10.5
857,14.280645198924168,315,1085,574,1148,444.5,1116.5,-24.5
858,14.297308728911243,315,1065,573,1128,444.0,1096.5,-44.5
859,14.31397225889832,320,1036,574,1100,447.0,1068.0,-73.0
860,14.330635788885395,321,999,571,1066,446.0,1032.5,-108.5
861,14.347299318872471,325,947,568,1020,446.5,983.5,-157.5
862,14.363962848859549,327,896,567,970,447.0,933.0,-208.0
863,14.380626378846625,334,839,565,916,449.5,877.5,-263.5
864,14.3972899088337,332,779,567,859,449.5,819.0,-322.0
865,14.413953438820776,328,730,568,805,448.0,767.5,-373.5
866,14.430616968807852,323,682,569,759,446.0,720.5,-420.5
867,14.447280498794928,320,649,572,717,446.0,683.0,-458.0
868,14.463944028782004,316,620,573,688,444.5,654.0,-487.0
869,14.48060755876908,312,596,573,664,442.5,630.0,-511.0
870,14.497271088756156,311,582,573,647,442.0,614.5,-526.5
871,14.513934618743232,310,572,573,636,441.5,604.0,-537.0
872,14.530598148730308,310,570,573,635,441.5,602.5,-538.5
873,14.547261678717385,311,578,572,640,441.5,609.0,-532.0
874,14.563925208704461,312,593,572,658,442.0,625.5,-515.5
875,14.580588738691537,314,617,568,686,441.0,651.5,-489.5
876,14.597252268678613,318,646,564,721,441.0,683.5,-457.5
877,14.613915798665689,326,695,561,768,443.5,731.5,-409.5
878,14.630579328652765,326,746,562,821,444.0,783.5,-357.5
879,14.64724285863984,323,801,558,877,440.5,839.0,-302.0
880,14.663906388626916,322,855,558,928,440.0,891.5,-249.5
881,14.680569918613992,321,908,560,975,440.5,941.5,-199.5
882,14.697233448601068,318,951,564,1020,441.0,985.5,-155.5
883,14.713896978588146,319,993,565,1059,442.0,1026.0,-115.0
884,14.730560508575222,318,1031,568,1096,443.0,1063.5,-77.5
885,14.747224038562297,315,1062,568,1126,441.5,1094.0,-47.0
886,14.763887568549373,311,1088,568,1152,439.5,1120.0,-21.0
887,14.78055109853645,311,1105,571,1166,441.0,1135.5,-5.5
888,14.797214628523525,310,1113,572,1173,441.0,1143.0,2.0
889,14.813878158510601,310,1107,571,1168,440.5,1137.5,-3.5
890,14.830541688497677,312,1085,571,1148,441.5,1116.5,-24.5
891,14.847205218484753,319,1054,569,1117,444.0,1085.5,-55.5
892,14.863868748471829,322,1008,564,1081,443.0,1044.5,-96.5
893,14.880532278458904,321,971,563,1037,442.0,1004.0,-137.0
894,14.897195808445982,322,928,566,992,444.0,960.0,-181.0
895,14.913859338433058,320,878,564,945,442.0,911.5,-229.5
896,14.930522868420134,324,830,564,899,444.0,864.5,-276.5
897,14.94718639840721,323,764,562,852,442.5,808.0,-333.0
898,14.963849928394286,324,737,563,806,443.5,771.5,-369.5
899,14.980513458381362,322,676,566,760,444.0,718.0,-423.0
900,14.997176988368437,320,639,568,717,444.0,678.0,-463.0
901,15.013840518355513,318,611,568,680,443.0,645.5,-495.5
902,15.03050404834259,313,583,574,651,443.5,617.0,-524.0
903,15.047167578329665,312,571,575,635,443.5,603.0,-538.0
904,15.06383110831674,312,567,576,632,444.0,599.5,-541.5
905,15.080494638303819,312,574,573,639,442.5,606.5,-534.5
906,15.097158168290894,312,591,572,655,442.0,623.0,-518.0
907,15.11382169827797,314,611,571,680,442.5,645.5,-495.5
908,15.130485228265046,315,641,571,712,443.0,676.5,-464.5
909,15.147148758252122,321,676,568,748,444.5,712.0,-429.0
910,15.163812288239198,323,720,565,787,444.0,753.5,-387.5
911,15.180475818226274,326,760,568,830,447.0,795.0,-346.0
912,15.19713934821335,325,800,563,878,444.0,839.0,-302.0
913,15.213802878200426,328,850,561,930,444.5,890.0,-251.0
914,15.230466408187501,329,906,560,983,444.5,944.5,-196.5
915,15.247129938174579,322,956,565,1035,443.5,995.5,-145.5
916,15.263793468161655,319,1004,568,1079,443.5,1041.5,-99.5
917,15.28045699814873,316,1047,571,1112,443.5,1079.5,-61.5
918,15.297120528135807,312,1074,572,1138,442.0,1106.0,-35.0
919,15.313784058122883,311,1089,570,1153,440.5,1121.0,-20.0
920,15.330447588109958,312,1097,570,1158,441.0,1127.5,-13.5
921,15.347111118097034,312,1094,569,1154,440.5,1124.0,-17.0
922,15.36377464808411,313,1082,570,1145,441.5,1113.5,-27.5
923,15.380438178071186,312,1067,568,1128,440.0,1097.5,-43.5
924,15.397101708058262,313,1043,567,1104,440.0,1073.5,-67.5
925,15.413765238045338,313,1009,567,1076,440.0,1042.5,-98.5
926,15.430428768032415,318,961,563,1034,440.5,997.5,-143.5
927,15.447092298019491,322,914,561,987,441.5,950.5,-190.5
928,15.463755828006567,321,855,562,935,441.5,895.0,-246.0
929,15.480419357993643,321,806,561,880,441.0,843.0,-298.0
930,15.497082887980719,323,756,561,830,442.0,793.0,-348.0
931,15.513746417967795,321,706,562,780,441.5,743.0,-398.0
932,15.53040994795487,316,666,568,739,442.0,702.5,-438.5
933,15.547073477941947,314,642,569,706,441.5,674.0,-467.0
934,15.563737007929022,309,618,570,683,439.5,650.5,-490.5
935,15.580400537916098,309,599,572,664,440.5,631.5,-509.5
936,15.597064067903174,308,585,571,650,439.5,617.5,-523.5
937,15.613727597890252,310,579,572,644,441.0,611.5,-529.5
938,15.630391127877328,310,582,572,646,441.0,614.0,-527.0
939,15.647054657864404,312,593,574,659,443.0,626.0,-515.0
940,15.66371818785148,318,615,572,683,445.0,649.0,-492.0
941,15.680381717838555,325,640,572,715,448.5,677.5,-463.5
942,15.697045247825631,324,681,570,756,447.0,718.5,-422.5
943,15.713708777812707,326,725,566,805,446.0,765.0,-376.0
944,15.730372307799783,326,773,564,858,445.0,815.5,-325.5
945,15.747035837786859,327,824,568,908,447.5,866.0,-275.0
946,15.763699367773935,324,876,568,954,446.0,915.0,-226.0
947,15.780362897761012,323,920,573,996,448.0,958.0,-183.0
948,15.797026427748088,322,968,572,1036,447.0,1002.0,-139.0
949,15.813689957735164,321,1007,573,1073,447.0,1040.0,-101.0
950,15.83035348772224,319,1042,574,1106,446.5,1074.0,-67.0
951,15.847017017709316,318,1071,574,1133,446.0,1102.0,-39.0
952,15.863680547696392,314,1091,574,1152,444.0,1121.5,-19.5
953,15.880344077683468,312,1099,574,1162,443.0,1130.5,-10.5
954,15.897007607670544,311,1099,575,1161,443.0,1130.0,-11.0
955,15.91367113765762,312,1084,574,1146,443.0,1115.0,-26.0
956,15.930334667644695,313,1059,568,1120,440.5,1089.5,-51.5
957,15.946998197631771,313,1020,566,1086,439.5,1053.0,-88.0
958,15.963661727618849,315,980,560,1048,437.5,1014.0,-127.0
959,15.980325257605925,315,931,558,1008,436.5,969.5,-171.5
960,15.996988787593,313,896,561,963,437.0,929.5,-211.5
961,16.013652317580075,314,841,558,919,436.0,880.0,-261.0
962,16.030315847567152,316,804,558,875,437.0,839.5,-301.5
963,16.046979377554226,312,756,559,827,435.5,791.5,-349.5
964,16.063642907541304,315,708,558,782,436.5,745.0,-396.0
965,16.08030643752838,312,668,559,739,435.5,703.5,-437.5
966,16.096969967515456,310,626,564,700,437.0,663.0,-478.0
967,16.113633497502533,308,596,568,670,438.0,633.0,-508.0
968,16.130297027489608,308,584,569,649,438.5,616.5,-524.5
969,16.146960557476685,307,580,570,643,438.5,611.5,-529.5
970,16.16362408746376,309,583,571,647,440.0,615.0,-526.0
971,16.180287617450837,310,596,570,660,440.0,628.0,-513.0
972,16.19695114743791,312,615,572,682,442.0,648.5,-492.5
973,16.21361467742499,314,639,571,706,442.5,672.5,-468.5
974,16.230278207412066,321,670,573,737,447.0,703.5,-437.5
975,16.24694173739914,327,706,571,774,449.0,740.0,-401.0
976,16.263605267386218,327,743,572,815,449.5,779.0,-362.0
977,16.280268797373292,329,781,573,862,451.0,821.5,-319.5
978,16.29693232736037,330,832,569,909,449.5,870.5,-270.5
979,16.313595857347444,331,882,572,960,451.5,921.0,-220.0
980,16.33025938733452,328,935,571,1012,449.5,973.5,-167.5
981,16.346922917321596,329,985,574,1055,451.5,1020.0,-121.0
982,16.363586447308673,323,1028,576,1094,449.5,1061.0,-80.0
983,16.380249977295747,318,1056,576,1118,447.0,1087.0,-54.0
984,16.396913507282825,318,1076,578,1135,448.0,1105.5,-35.5
985,16.413577037269903,317,1084,577,1144,447.0,1114.0,-27.0
986,16.430240567256977,316,1084,576,1146,446.0,1115.0,-26.0
987,16.446904097244055,316,1078,574,1140,445.0,1109.0,-32.0
988,16.46356762723113,314,1065,574,1127,444.0,1096.0,-45.0
989,16.480231157218206,313,1046,572,1106,442.5,1076.0,-65.0
990,16.49689468720528,312,1017,568,1081,440.0,1049.0,-92.0
991,16.513558217192358,315,983,564,1045,439.5,1014.0,-127.0
992,16.530221747179432,321,934,560,1004,440.5,969.0,-172.0
993,16.54688527716651,322,872,558,951,440.0,911.5,-229.5
994,16.563548807153584,320,822,555,900,437.5,861.0,-280.0
995,16.58021233714066,314,771,556,848,435.0,809.5,-331.5
996,16.59687586712774,312,729,559,803,435.5,766.0,-375.0
997,16.613539397114813,309,688,558,762,433.5,725.0,-416.0
998,16.63020292710189,305,659,563,728,434.0,693.5,-447.5
999,16.646866457088965,304,633,563,701,433.5,667.0,-474.0
1000,16.663529987076043,303,614,564,680,433.5,647.0,-494.0
1001,16.680193517063117,303,600,566,664,434.5,632.0,-509.0
1002,16.696857047050194,304,591,567,654,435.5,622.5,-518.5
1003,16.71352057703727,303,589,567,653,435.0,621.0,-520.0
1004,16.730184107024346,307,596,569,660,438.0,628.0,-513.0
1005,16.74684763701142,312,614,570,680,441.0,647.0,-494.0
1006,16.763511166998498,316,643,567,712,441.5,677.5,-463.5
1007,16.780174696985576,320,676,567,748,443.5,712.0,-429.0
1008,16.79683822697265,322,722,563,794,442.5,758.0,-383.0
1009,16.813501756959727,324,749,565,840,444.5,794.5,-346.5
1010,16.8301652869468,326,810,567,890,446.5,850.0,-291.0
1011,16.84682881693388,326,861,571,934,448.5,897.5,-243.5
1012,16.863492346920953,328,908,576,975,452.0,941.5,-199.5
1013,16.88015587690803,325,937,577,1014,451.0,975.5,-165.5
1014,16.896819406895105,330,988,579,1052,454.5,1020.0,-121.0
1015,16.913482936882183,328,1010,576,1086,452.0,1048.0,-93.0
1016,16.930146466869257,320,1055,576,1115,448.0,1085.0,-56.0
1017,16.946809996856334,321,1076,581,1138,451.0,1107.0,-34.0
1018,16.963473526843412,318,1089,580,1150,449.0,1119.5,-21.5
1019,16.980137056830486,317,1090,579,1151,448.0,1120.5,-20.5
1020,16.996800586817564,317,1080,575,1142,446.0,1111.0,-30.0
1021,17.013464116804638,317,1058,574,1120,445.5,1089.0,-52.0
1022,17.030127646791716,319,1026,572,1091,445.5,1058.5,-82.5
1023,17.04679117677879,321,980,567,1055,444.0,1017.5,-123.5
1024,17.063454706765867,321,940,564,1017,442.5,978.5,-162.5
1025,17.08011823675294,318,912,560,976,439.0,944.0,-197.0
1026,17.09678176674002,315,868,560,936,437.5,902.0,-239.0
1027,17.113445296727093,314,825,558,894,436.0,859.5,-281.5
1028,17.13010882671417,312,776,558,847,435.0,811.5,-329.5
1029,17.14677235670125,312,728,558,802,435.0,765.0,-376.0
1030,17.163435886688323,313,683,558,759,435.5,721.0,-420.0
1031,17.1800994166754,308,654,560,720,434.0,687.0,-454.0
1032,17.196762946662474,304,616,560,688,432.0,652.0,-489.0
1033,17.213426476649552,302,600,562,666,432.0,633.0,-508.0
1034,17.230090006636626,302,591,564,656,433.0,623.5,-517.5
1035,17.246753536623704,302,592,564,656,433.0,624.0,-517.0
1036,17.263417066610778,304,602,567,665,435.5,633.5,-507.5
1037,17.280080596597855,304,594,567,682,435.5,638.0,-503.0
1038,17.296744126584933,307,629,568,704,437.5,666.5,-474.5
1039,17.313407656572007,310,665,568,732,439.0,698.5,-442.5
1040,17.330071186559085,315,691,568,764,441.5,727.5,-413.5
1041,17.34673471654616,321,728,568,800,444.5,764.0,-377.0
1042,17.363398246533237,322,770,567,843,444.5,806.5,-334.5
1043,17.38006177652031,328,814,574,890,451.0,852.0,-289.0
1044,17.39672530650739,334,861,574,940,454.0,900.5,-240.5
1045,17.413388836494462,330,920,571,988,450.5,954.0,-187.0
1046,17.43005236648154,329,958,575,1034,452.0,996.0,-145.0
1047,17.446715896468614,322,1007,581,1072,451.5,1039.5,-101.5
1048,17.463379426455692,320,1038,580,1100,450.0,1069.0,-72.0
1049,17.48004295644277,321,1058,583,1118,452.0,1088.0,-53.0
1050,17.496706486429844,322,1069,581,1130,451.5,1099.5,-41.5
1051,17.51337001641692,321,1075,580,1135,450.5,1105.0,-36.0
1052,17.530033546403995,321,1072,580,1134,450.5,1103.0,-38.0
1053,17.546697076391073,318,1064,579,1124,448.5,1094.0,-47.0
1054,17.563360606378147,317,1045,577,1108,447.0,1076.5,-64.5
1055,17.580024136365225,318,1020,575,1085,446.5,1052.5,-88.5
1056,17.5966876663523,318,986,573,1054,445.5,1020.0,-121.0
1057,17.613351196339377,322,942,563,1014,442.5,978.0,-163.0
1058,17.63001472632645,322,889,564,967,443.0,928.0,-213.0
1059,17.64667825631353,320,839,564,916,442.0,877.5,-263.5
1060,17.663341786300606,314,796,561,868,437.5,832.0,-309.0
1061,17.68000531628768,314,755,558,824,436.0,789.5,-351.5
1062,17.696668846274758,309,711,560,783,434.5,747.0,-394.0
1063,17.71333237626183,305,681,559,749,432.0,715.0,-426.0
1064,17.72999590624891,302,653,559,720,430.5,686.5,-454.5
1065,17.746659436235984,301,630,561,696,431.0,663.0,-478.0
1066,17.76332296622306,298,614,561,678,429.5,646.0,-495.0
1067,17.779986496210135,299,603,562,666,430.5,634.5,-506.5
1068,17.796650026197213,300,598,563,661,431.5,629.5,-511.5
1069,17.813313556184287,302,601,564,667,433.0,634.0,-507.0
1070,17.829977086171365,302,614,564,679,433.0,646.5,-494.5
1071,17.846640616158442,312,635,563,705,437.5,670.0,-471.0
1072,17.863304146145516,313,670,567,741,440.0,705.5,-435.5
1073,17.879967676132594,318,707,565,784,441.5,745.5,-395.5
1074,17.896631206119668,321,756,566,828,443.5,792.0,-349.0
1075,17.913294736106746,320,795,568,872,444.0,833.5,-307.5
1076,17.92995826609382,325,841,569,915,447.0,878.0,-263.0
1077,17.946621796080898,328,880,575,956,451.5,918.0,-223.0
1078,17.96328532606797,328,921,574,993,451.0,957.0,-184.0
1079,17.97994885605505,328,966,575,1031,451.5,998.5,-142.5
1080,17.996612386042123,328,999,578,1064,453.0,1031.5,-109.5
1081,18.0132759160292,327,1032,582,1097,454.5,1064.5,-76.5
1082,18.02993944601628,323,1058,582,1122,452.5,1090.0,-51.0
1083,18.046602976003353,322,1075,583,1137,452.5,1106.0,-35.0
1084,18.06326650599043,322,1081,583,1142,452.5,1111.5,-29.5
1085,18.079930035977505,321,1073,581,1135,451.0,1104.0,-37.0
1086,18.096593565964582,321,1054,580,1118,450.5,1086.0,-55.0
1087,18.113257095951656,322,1029,575,1095,448.5,1062.0,-79.0
1088,18.129920625938734,326,996,576,1063,451.0,1029.5,-111.5
1089,18.146584155925808,323,962,571,1027,447.0,994.5,-146.5
1090,18.163247685912886,324,923,569,990,446.5,956.5,-184.5
1091,18.17991121589996,317,884,568,950,442.5,917.0,-224.0
1092,18.196574745887037,320,843,568,910,444.0,876.5,-264.5
1093,18.213238275874115,318,796,564,868,441.0,832.0,-309.0
1094,18.22990180586119,318,738,557,823,437.5,780.5,-360.5
1095,18.246565335848267,312,704,558,778,435.0,741.0,-400.0
1096,18.26322886583534,311,672,563,738,437.0,705.0,-436.0
1097,18.27989239582242,304,635,559,706,431.5,670.5,-470.5
1098,18.296555925809493,299,619,560,683,429.5,651.0,-490.0
1099,18.31321945579657,297,606,561,670,429.0,638.0,-503.0
1100,18.329882985783645,298,603,562,667,430.0,635.0,-506.0
1101,18.346546515770722,298,608,561,672,429.5,640.0,-501.0
1102,18.363210045757796,300,621,561,686,430.5,653.5,-487.5
1103,18.379873575744874,302,636,562,704,432.0,670.0,-471.0
1104,18.39653710573195,304,663,565,728,434.5,695.5,-445.5
1105,18.413200635719026,308,689,563,755,435.5,722.0,-419.0
1106,18.429864165706103,312,714,562,789,437.0,751.5,-389.5
1107,18.446527695693177,319,762,564,829,441.5,795.5,-345.5
1108,18.463191225680255,321,798,562,874,441.5,836.0,-305.0
1109,18.47985475566733,324,853,566,922,445.0,887.5,-253.5
1110,18.496518285654407,326,902,565,968,445.5,935.0,-206.0
1111,18.51318181564148,324,946,570,1013,447.0,979.5,-161.5
1112,18.52984534562856,323,988,575,1052,449.0,1020.0,-121.0
1113,18.546508875615636,321,1018,577,1082,449.0,1050.0,-91.0
1114,18.56317240560271,322,1041,582,1102,452.0,1071.5,-69.5
1115,18.579835935589788,322,1055,581,1116,451.5,1085.5,-55.5
1116,18.596499465576862,323,1061,583,1123,453.0,1092.0,-49.0
1117,18.61316299556394,322,1064,584,1125,453.0,1094.5,-46.5
1118,18.629826525551014,323,1059,584,1120,453.5,1089.5,-51.5
1119,18.64649005553809,322,1047,583,1108,452.5,1077.5,-63.5
1120,18.663153585525166,322,1024,582,1088,452.0,1056.0,-85.0
1121,18.679817115512243,321,995,576,1060,448.5,1027.5,-113.5
1122,18.696480645499317,325,955,571,1024,448.0,989.5,-151.5
1123,18.713144175486395,328,911,567,980,447.5,945.5,-195.5
1124,18.729807705473473,326,857,564,934,445.0,895.5,-245.5
1125,18.746471235460547,324,810,562,886,443.0,848.0,-293.0
1126,18.763134765447624,318,770,569,842,443.5,806.0,-335.0
1127,18.7797982954347,316,729,568,803,442.0,766.0,-375.0
1128,18.796461825421776,309,703,565,768,437.0,735.5,-405.5
1129,18.81312535540885,307,675,566,739,436.5,707.0,-434.0
1130,18.829788885395928,302,648,564,714,433.0,681.0,-460.0
1131,18.846452415383002,302,630,563,693,432.5,661.5,-479.5
1132,18.86311594537008,300,615,563,679,431.5,647.0,-494.0
1133,18.879779475357154,298,608,562,672,430.0,640.0,-501.0
1134,18.89644300534423,299,608,562,672,430.5,640.0,-501.0
1135,18.91310653533131,300,620,561,682,430.5,651.0,-490.0
1136,18.929770065318383,304,639,560,703,432.0,671.0,-470.0
1137,18.94643359530546,307,663,558,734,432.5,698.5,-442.5
1138,18.963097125292535,312,701,559,775,435.5,738.0,-403.0
1139,18.979760655279613,312,742,560,814,436.0,778.0,-363.0
1140,18.996424185266687,316,790,560,856,438.0,823.0,-318.0
1141,19.013087715253764,316,822,562,897,439.0,859.5,-281.5
1142,19.02975124524084,320,863,567,938,443.5,900.5,-240.5
1143,19.046414775227916,322,910,566,975,444.0,942.5,-198.5
1144,19.06307830521499,324,944,569,1011,446.5,977.5,-163.5
1145,19.079741835202068,322,980,574,1047,448.0,1013.5,-127.5
1146,19.096405365189145,323,1013,576,1079,449.5,1046.0,-95.0
1147,19.11306889517622,322,1043,580,1106,451.0,1074.5,-66.5
1148,19.129732425163297,321,1061,581,1124,451.0,1092.5,-48.5
1149,19.14639595515037,321,1071,582,1132,451.5,1101.5,-39.5
1150,19.16305948513745,321,1067,581,1128,451.0,1097.5,-43.5
1151,19.179723015124523,322,1052,584,1113,453.0,1082.5,-58.5
1152,19.1963865451116,324,1030,580,1094,452.0,1062.0,-79.0
1153,19.213050075098675,322,1001,580,1066,451.0,1033.5,-107.5
1154,19.229713605085752,324,967,579,1035,451.5,1001.0,-140.0
1155,19.246377135072827,326,933,576,1001,451.0,967.0,-174.0
1156,19.263040665059904,323,896,576,964,449.5,930.0,-211.0
1157,19.279704195046982,322,857,570,925,446.0,891.0,-250.0
1158,19.296367725034056,321,815,568,884,444.5,849.5,-291.5
1159,19.313031255021134,319,770,568,841,443.5,805.5,-335.5
1160,19.329694785008208,320,727,563,797,441.5,762.0,-379.0
1161,19.346358314995285,314,664,565,759,439.5,711.5,-429.5
1162,19.36302184498236,308,656,567,724,437.5,690.0,-451.0
1163,19.379685374969437,304,634,565,699,434.5,666.5,-474.5
1164,19.39634890495651,302,621,565,684,433.5,652.5,-488.5
1165,19.41301243494359,300,615,563,679,431.5,647.0,-494.0
1166,19.429675964930663,299,615,564,680,431.5,647.5,-493.5
1167,19.44633949491774,300,625,563,690,431.5,657.5,-483.5
1168,19.46300302490482,299,641,561,704,430.0,672.5,-468.5
1169,19.479666554891892,300,659,562,725,431.0,692.0,-449.0
1170,19.49633008487897,301,684,562,749,431.5,716.5,-424.5
1171,19.512993614866044,309,713,562,779,435.5,746.0,-395.0
1172,19.52965714485312,312,745,558,816,435.0,780.5,-360.5
1173,19.546320674840196,315,782,560,860,437.5,821.0,-320.0
1174,19.562984204827274,315,827,561,906,438.0,866.5,-274.5
1175,19.579647734814348,315,880,562,952,438.5,916.0,-225.0
1176,19.596311264801425,318,926,566,992,442.0,959.0,-182.0
1177,19.6129747947885,319,966,567,1032,443.0,999.0,-142.0
1178,19.629638324775577,317,999,572,1063,444.5,1031.0,-110.0
1179,19.646301854762655,317,1023,576,1085,446.5,1054.0,-87.0
1180,19.66296538474973,318,1039,578,1102,448.0,1070.5,-70.5
1181,19.679628914736806,321,1048,578,1110,449.5,1079.0,-62.0
1182,19.69629244472388,322,1053,581,1114,451.5,1083.5,-57.5
1183,19.712955974710958,321,1052,581,1114,451.0,1083.0,-58.0
1184,19.729619504698032,321,1045,581,1105,451.0,1075.0,-66.0
1185,19.74628303468511,321,1026,581,1089,451.0,1057.5,-83.5
1186,19.762946564672184,324,1000,577,1064,450.5,1032.0,-109.0
1187,19.77961009465926,324,965,575,1032,449.5,998.5,-142.5
1188,19.79627362464634,325,924,571,991,448.0,957.5,-183.5
1189,19.812937154633413,328,879,571,948,449.5,913.5,-227.5
1190,19.82960068462049,329,830,569,902,449.0,866.0,-275.0
1191,19.846264214607565,323,792,568,859,445.5,825.5,-315.5
1192,19.862927744594643,322,753,570,819,446.0,786.0,-355.0
1193,19.879591274581717,318,720,573,788,445.5,754.0,-387.0
1194,19.896254804568795,313,688,569,758,441.0,723.0,-418.0
1195,19.91291833455587,312,665,569,732,440.5,698.5,-442.5
1196,19.929581864542946,308,643,567,708,437.5,675.5,-465.5
1197,19.94624539453002,305,627,567,691,436.0,659.0,-482.0
1198,19.962908924517098,304,618,567,681,435.5,649.5,-491.5
1199,19.979572454504176,303,616,567,680,435.0,648.0,-493.0
1200,19.99623598449125,302,624,565,687,433.5,655.5,-485.5
1201,20.012899514478327,304,637,563,704,433.5,670.5,-470.5
1202,20.0295630444654,305,659,560,731,432.5,695.0,-446.0
1203,20.04622657445248,307,693,560,765,433.5,729.0,-412.0
1204,20.062890104439553,308,730,559,804,433.5,767.0,-374.0
1205,20.07955363442663,312,774,558,842,435.0,808.0,-333.0
1206,20.096217164413705,312,814,561,880,436.5,847.0,-294.0
1207,20.112880694400783,314,852,563,920,438.5,886.0,-255.0
1208,20.129544224387857,314,891,562,956,438.0,923.5,-217.5
1209,20.146207754374934,320,928,562,992,441.0,960.0,-181.0
1210,20.162871284362012,319,963,568,1032,443.5,997.5,-143.5
1211,20.179534814349086,318,996,569,1059,443.5,1027.5,-113.5
1212,20.196198344336164,316,1024,573,1088,444.5,1056.0,-85.0
1213,20.212861874323238,313,1046,574,1108,443.5,1077.0,-64.0
1214,20.229525404310316,314,1059,576,1119,445.0,1089.0,-52.0
1215,20.24618893429739,315,1057,576,1118,445.5,1087.5,-53.5
1216,20.262852464284467,317,1047,579,1109,448.0,1078.0,-63.0
1217,20.27951599427154,319,1026,579,1091,449.0,1058.5,-82.5
1218,20.29617952425862,321,1002,578,1067,449.5,1034.5,-106.5
1219,20.312843054245693,321,975,578,1039,449.5,1007.0,-134.0
1220,20.32950658423277,327,944,577,1009,452.0,976.5,-164.5
1221,20.34617011421985,323,910,576,975,449.5,942.5,-198.5
1222,20.362833644206923,324,874,572,939,448.0,906.5,-234.5
1223,20.379497174194,323,829,568,900,445.5,864.5,-276.5
1224,20.396160704181074,325,790,568,861,446.5,825.5,-315.5
1225,20.412824234168152,323,720,570,817,446.5,768.5,-372.5
1226,20.429487764155226,323,704,569,776,446.0,740.0,-401.0
1227,20.446151294142304,318,676,570,743,444.0,709.5,-431.5
1228,20.462814824129378,312,650,573,715,442.5,682.5,-458.5
1229,20.479478354116456,307,634,569,698,438.0,666.0,-475.0
1230,20.49614188410353,306,628,570,691,438.0,659.5,-481.5
1231,20.512805414090607,306,626,569,690,437.5,658.0,-483.0
1232,20.529468944077685,305,632,568,696,436.5,664.0,-477.0
1233,20.54613247406476,305,644,567,708,436.0,676.0,-465.0
1234,20.562796004051837,305,660,566,724,435.5,692.0,-449.0
1235,20.57945953403891,304,681,565,745,434.5,713.0,-428.0
1236,20.59612306402599,310,705,564,772,437.0,738.5,-402.5
1237,20.612786594013063,312,732,562,807,437.0,769.5,-371.5
1238,20.62945012400014,313,773,558,845,435.5,809.0,-332.0
1239,20.646113653987214,316,817,560,888,438.0,852.5,-288.5
1240,20.662777183974292,315,862,561,935,438.0,898.5,-242.5
1241,20.679440713961366,317,910,562,974,439.5,942.0,-199.0
1242,20.696104243948444,315,946,566,1012,440.5,979.0,-162.0
1243,20.71276777393552,312,978,568,1044,440.0,1011.0,-130.0
1244,20.729431303922595,313,1005,573,1069,443.0,1037.0,-104.0
1245,20.746094833909673,313,1024,572,1086,442.5,1055.0,-86.0
1246,20.762758363896747,314,1035,574,1097,444.0,1066.0,-75.0
1247,20.779421893883825,316,1042,574,1105,445.0,1073.5,-67.5
1248,20.7960854238709,314,1044,575,1106,444.5,1075.0,-66.0
1249,20.812748953857977,316,1038,575,1100,445.5,1069.0,-72.0
1250,20.82941248384505,315,1025,576,1088,445.5,1056.5,-84.5
1251,20.84607601383213,318,1004,576,1068,447.0,1036.0,-105.0
1252,20.862739543819206,321,970,575,1036,448.0,1003.0,-138.0
1253,20.87940307380628,322,931,572,1000,447.0,965.5,-175.5
1254,20.896066603793358,325,889,570,960,447.5,924.5,-216.5
1255,20.912730133780432,324,842,570,916,447.0,879.0,-262.0
1256,20.92939366376751,328,809,569,876,448.5,842.5,-298.5
1257,20.946057193754584,323,771,574,839,448.5,805.0,-336.0
1258,20.96272072374166,319,738,574,804,446.5,771.0,-370.0
1259,20.979384253728735,317,709,573,776,445.0,742.5,-398.5
1260,20.996047783715813,314,682,573,750,443.5,716.0,-425.0
1261,21.012711313702887,312,654,573,725,442.5,689.5,-451.5
1262,21.029374843689965,311,641,572,705,441.5,673.0,-468.0
1263,21.046038373677042,308,628,571,693,439.5,660.5,-480.5
1264,21.062701903664117,308,624,571,688,439.5,656.0,-485.0
1265,21.079365433651194,307,628,570,694,438.5,661.0,-480.0
1266,21.09602896363827,307,642,569,707,438.0,674.5,-466.5
1267,21.112692493625346,308,664,567,730,437.5,697.0,-444.0
1268,21.12935602361242,312,692,566,759,439.0,725.5,-415.5
1269,21.146019553599498,312,724,564,795,438.0,759.5,-381.5
1270,21.162683083586572,314,758,566,832,440.0,795.0,-346.0
1271,21.17934661357365,314,801,568,870,441.0,835.5,-305.5
1272,21.196010143560724,314,838,566,904,440.0,871.0,-270.0
1273,21.2126736735478,316,874,567,938,441.5,906.0,-235.0
1274,21.22933720353488,316,908,564,974,440.0,941.0,-200.0
1275,21.246000733521953,317,946,568,1009,442.5,977.5,-163.5
1276,21.26266426350903,314,978,569,1042,441.5,1010.0,-131.0
1277,21.279327793496105,315,1010,570,1071,442.5,1040.5,-100.5
1278,21.295991323483182,311,1032,571,1094,441.0,1063.0,-78.0
1279,21.312654853470256,312,1046,573,1107,442.5,1076.5,-64.5
1280,21.329318383457334,312,1048,574,1110,443.0,1079.0,-62.0
1281,21.345981913444408,313,1041,574,1103,443.5,1072.0,-69.0
1282,21.362645443431486,315,1025,574,1088,444.5,1056.5,-84.5
1283,21.37930897341856,315,1004,574,1068,444.5,1036.0,-105.0
1284,21.395972503405638,318,980,574,1044,446.0,1012.0,-129.0
1285,21.412636033392715,321,951,573,1017,447.0,984.0,-157.0
1286,21.42929956337979,319,920,571,986,445.0,953.0,-188.0
1287,21.445963093366867,321,887,571,951,446.0,919.0,-222.0
1288,21.46262662335394,321,841,570,914,445.5,877.5,-263.5
1289,21.47929015334102,321,808,571,874,446.0,841.0,-300.0
1290,21.495953683328093,322,751,567,834,444.5,792.5,-348.5
1291,21.51261721331517,322,721,569,794,445.5,757.5,-383.5
1292,21.529280743302245,318,692,575,761,446.5,726.5,-414.5
1293,21.545944273289322,315,664,574,732,444.5,698.0,-443.0
1294,21.562607803276396,312,649,574,713,443.0,681.0,-460.0
1295,21.579271333263474,311,641,573,704,442.0,672.5,-468.5
1296,21.59593486325055,311,637,573,702,442.0,669.5,-471.5
1297,21.612598393237626,311,640,572,704,441.5,672.0,-469.0
1298,21.629261923224703,311,648,573,712,442.0,680.0,-461.0
1299,21.645925453211778,311,661,571,725,441.0,693.0,-448.0
1300,21.662588983198855,313,679,570,743,441.5,711.0,-430.0
1301,21.67925251318593,312,704,569,768,440.5,736.0,-405.0
1302,21.695916043173007,317,730,568,797,442.5,763.5,-377.5
1303,21.71257957316008,320,763,566,834,443.0,798.5,-342.5
1304,21.72924310314716,321,807,566,877,443.5,842.0,-299.0
1305,21.745906633134233,320,852,564,918,442.0,885.0,-256.0
1306,21.76257016312131,318,892,564,958,441.0,925.0,-216.0
1307,21.779233693108388,319,932,568,998,443.5,965.0,-176.0
1308,21.795897223095462,312,962,569,1026,440.5,994.0,-147.0
1309,21.81256075308254,312,990,570,1050,441.0,1020.0,-121.0
1310,21.829224283069614,312,1009,571,1070,441.5,1039.5,-101.5
1311,21.84588781305669,312,1023,571,1084,441.5,1053.5,-87.5
1312,21.862551343043766,313,1032,570,1092,441.5,1062.0,-79.0
1313,21.879214873030843,311,1036,571,1096,441.0,1066.0,-75.0
1314,21.895878403017917,311,1035,571,1094,441.0,1064.5,-76.5
1315,21.912541933004995,310,1025,570,1085,440.0,1055.0,-86.0
1316,21.92920546299207,311,1007,571,1069,441.0,1038.0,-103.0
1317,21.945868992979147,313,978,572,1043,442.5,1010.5,-130.5
1318,21.962532522966224,314,931,567,1008,440.5,969.5,-171.5
1319,21.9791960529533,321,892,566,969,443.5,930.5,-210.5
1320,21.995859582940376,322,864,565,930,443.5,897.0,-244.0
1321,22.01252311292745,319,826,567,891,443.0,858.5,-282.5
1322,22.029186642914528,319,790,570,855,444.5,822.5,-318.5
1323,22.045850172901602,314,756,569,823,441.5,789.5,-351.5
1324,22.06251370288868,311,727,571,793,441.0,760.0,-381.0
1325,22.079177232875754,311,689,572,765,441.5,727.0,-414.0
1326,22.09584076286283,312,678,572,742,442.0,710.0,-431.0
1327,22.11250429284991,311,654,572,719,441.5,686.5,-454.5
1328,22.129167822836983,310,639,573,704,441.5,671.5,-469.5
1329,22.14583135282406,311,634,574,698,442.5,666.0,-475.0
1330,22.162494882811135,311,635,574,700,442.5,667.5,-473.5
1331,22.179158412798213,311,646,573,710,442.0,678.0,-463.0
1332,22.195821942785287,312,666,573,731,442.5,698.5,-442.5
1333,22.212485472772364,316,690,572,758,444.0,724.0,-417.0
1334,22.22914900275944,317,716,571,789,444.0,752.5,-388.5
1335,22.245812532746516,319,748,570,822,444.5,785.0,-356.0
1336,22.26247606273359,317,789,571,856,444.0,822.5,-318.5
1337,22.279139592720668,316,825,570,889,443.0,857.0,-284.0
1338,22.295803122707746,317,859,572,924,444.5,891.5,-249.5
1339,22.31246665269482,319,895,572,958,445.5,926.5,-214.5
1340,22.329130182681897,318,928,572,993,445.0,960.5,-180.5
1341,22.34579371266897,317,962,570,1026,443.5,994.0,-147.0
1342,22.36245724265605,315,992,572,1055,443.5,1023.5,-117.5
1343,22.379120772643123,312,1012,572,1078,442.0,1045.0,-96.0
1344,22.3957843026302,312,1031,573,1094,442.5,1062.5,-78.5
1345,22.412447832617275,313,1039,574,1098,443.5,1068.5,-72.5
1346,22.429111362604353,311,1035,572,1096,441.5,1065.5,-75.5
1347,22.445774892591427,312,1022,572,1084,442.0,1053.0,-88.0
1348,22.462438422578504,313,1005,570,1066,441.5,1035.5,-105.5
1349,22.479101952565582,314,982,570,1047,442.0,1014.5,-126.5
1350,22.495765482552656,311,957,568,1021,439.5,989.0,-152.0
1351,22.512429012539734,313,931,569,993,441.0,962.0,-179.0
1352,22.529092542526808,313,898,568,962,440.5,930.0,-211.0
1353,22.545756072513885,314,864,568,927,441.0,895.5,-245.5
1354,22.56241960250096,315,823,567,889,441.0,856.0,-285.0
1355,22.579083132488037,316,783,564,850,440.0,816.5,-324.5
1356,22.59574666247511,313,748,564,812,438.5,780.0,-361.0
1357,22.61241019246219,315,713,568,778,441.5,745.5,-395.5
1358,22.629073722449263,310,684,569,750,439.5,717.0,-424.0
1359,22.64573725243634,310,664,571,728,440.5,696.0,-445.0
1360,22.66240078242342,309,654,572,716,440.5,685.0,-456.0
1361,22.679064312410492,309,648,574,712,441.5,680.0,-461.0
1362,22.69572784239757,309,649,573,712,441.0,680.5,-460.5
1363,22.712391372384644,310,654,573,718,441.5,686.0,-455.0
1364,22.729054902371722,311,664,574,728,442.5,696.0,-445.0
1365,22.745718432358796,313,676,574,742,443.5,709.0,-432.0
1366,22.762381962345874,313,698,575,764,444.0,731.0,-410.0
1367,22.779045492332948,317,725,573,791,445.0,758.0,-383.0
1368,22.795709022320025,319,758,571,824,445.0,791.0,-350.0
1369,22.8123725523071,323,788,572,861,447.5,824.5,-316.5
1370,22.829036082294177,324,830,570,903,447.0,866.5,-274.5
1371,22.845699612281255,325,870,571,942,448.0,906.0,-235.0
1372,22.86236314226833,320,914,573,979,446.5,946.5,-194.5
1373,22.879026672255407,318,945,574,1010,446.0,977.5,-163.5
1374,22.89569020224248,318,972,576,1034,447.0,1003.0,-138.0
1375,22.91235373222956,314,992,575,1054,444.5,1023.0,-118.0
1376,22.929017262216632,315,1009,575,1070,445.0,1039.5,-101.5
1377,22.94568079220371,313,1020,574,1080,443.5,1050.0,-91.0
1378,22.962344322190784,313,1027,574,1088,443.5,1057.5,-83.5
1379,22.979007852177862,312,1026,572,1087,442.0,1056.5,-84.5
1380,22.995671382164936,310,1019,573,1082,441.5,1050.5,-90.5
1381,23.012334912152014,311,1005,571,1066,441.0,1035.5,-105.5
1382,23.02899844213909,312,982,568,1044,440.0,1013.0,-128.0
1383,23.045661972126165,312,950,568,1014,440.0,982.0,-159.0
1384,23.062325502113243,313,914,564,980,438.5,947.0,-194.0
1385,23.078989032100317,315,875,565,941,440.0,908.0,-233.0
1386,23.095652562087395,313,839,564,905,438.5,872.0,-269.0
1387,23.11231609207447,314,806,565,871,439.5,838.5,-302.5
1388,23.128979622061546,313,771,564,838,438.5,804.5,-336.5
1389,23.14564315204862,311,741,568,810,439.5,775.5,-365.5
1390,23.162306682035698,309,713,567,780,438.0,746.5,-394.5
1391,23.178970212022772,307,689,567,756,437.0,722.5,-418.5
1392,23.19563374200985,307,670,568,735,437.5,702.5,-438.5
1393,23.212297271996928,307,654,570,718,438.5,686.0,-455.0
1394,23.228960801984,308,644,570,708,439.0,676.0,-465.0
1395,23.24562433197108,308,643,570,706,439.0,674.5,-466.5
1396,23.262287861958153,311,651,571,715,441.0,683.0,-458.0
1397,23.27895139194523,311,666,571,732,441.0,699.0,-442.0
1398,23.295614921932305,313,690,571,756,442.0,723.0,-418.0
1399,23.312278451919383,318,719,574,783,446.0,751.0,-390.0
1400,23.328941981906457,318,747,573,814,445.5,780.5,-360.5
1401,23.345605511893535,318,778,574,846,446.0,812.0,-329.0
1402,23.362269041880612,320,812,573,878,446.5,845.0,-296.0
1403,23.378932571867686,321,845,576,910,448.5,877.5,-263.5
1404,23.395596101854764,322,877,574,943,448.0,910.0,-231.0
1405,23.412259631841838,323,911,574,977,448.5,944.0,-197.0
1406,23.428923161828916,324,946,577,1011,450.5,978.5,-162.5
1407,23.44558669181599,321,976,578,1039,449.5,1007.5,-133.5
1408,23.462250221803068,318,1001,577,1064,447.5,1032.5,-108.5
1409,23.47891375179014,315,1017,577,1080,446.0,1048.5,-92.5
1410,23.49557728177722,315,1027,577,1088,446.0,1057.5,-83.5
1411,23.512240811764293,315,1026,577,1087,446.0,1056.5,-84.5
1412,23.52890434175137,314,1016,575,1079,444.5,1047.5,-93.5
1413,23.54556787173845,315,1002,575,1064,445.0,1033.0,-108.0
1414,23.562231401725523,313,983,571,1045,442.0,1014.0,-127.0
1415,23.5788949317126,312,961,570,1023,441.0,992.0,-149.0
1416,23.595558461699675,312,936,568,999,440.0,967.5,-173.5
1417,23.612221991686752,312,907,566,971,439.0,939.0,-202.0
1418,23.628885521673826,310,872,566,939,438.0,905.5,-235.5
1419,23.645549051660904,313,813,562,903,437.5,858.0,-283.0
1420,23.662212581647978,312,790,564,864,438.0,827.0,-314.0
1421,23.678876111635056,312,759,561,827,436.5,793.0,-348.0
1422,23.69553964162213,308,718,562,792,435.0,755.0,-386.0
1423,23.712203171609207,306,692,563,766,434.5,729.0,-412.0
1424,23.728866701596285,304,679,566,744,435.0,711.5,-429.5
1425,23.74553023158336,304,666,567,730,435.5,698.0,-443.0
1426,23.762193761570437,304,659,568,723,436.0,691.0,-450.0
1427,23.77885729155751,305,658,568,722,436.5,690.0,-451.0
1428,23.79552082154459,305,660,569,725,437.0,692.5,-448.5
1429,23.812184351531663,306,669,569,732,437.5,700.5,-440.5
1430,23.82884788151874,308,680,570,743,439.0,711.5,-429.5
1431,23.845511411505814,311,695,569,761,440.0,728.0,-413.0
1432,23.862174941492892,314,717,571,786,442.5,751.5,-389.5
1433,23.878838471479966,315,750,570,816,442.5,783.0,-358.0
1434,23.895502001467044,320,788,574,851,447.0,819.5,-321.5
1435,23.91216553145412,323,824,574,888,448.5,856.0,-285.0
1436,23.928829061441196,323,856,575,927,449.0,891.5,-249.5
1437,23.945492591428273,324,892,575,964,449.5,928.0,-213.0
1438,23.962156121415347,322,932,578,995,450.0,963.5,-177.5
1439,23.978819651402425,320,958,579,1020,449.5,989.0,-152.0
1440,23.9954831813895,320,977,580,1040,450.0,1008.5,-132.5
1441,24.012146711376577,319,994,579,1056,449.0,1025.0,-116.0
1442,24.02881024136365,319,1007,580,1069,449.5,1038.0,-103.0
1443,24.04547377135073,317,1016,578,1078,447.5,1047.0,-94.0
1444,24.062137301337803,316,1019,577,1080,446.5,1049.5,-91.5
1445,24.07880083132488,316,1016,576,1076,446.0,1046.0,-95.0
1446,24.095464361311958,315,1004,575,1064,445.0,1034.0,-107.0
1447,24.112127891299032,314,980,573,1045,443.5,1012.5,-128.5
1448,24.12879142128611,318,953,569,1018,443.5,985.5,-155.5
1449,24.145454951273184,314,921,568,987,441.0,954.0,-187.0
1450,24.16211848126026,313,887,565,952,439.0,919.5,-221.5
1451,24.178782011247336,313,849,566,916,439.5,882.5,-258.5
1452,24.195445541234413,312,818,563,883,437.5,850.5,-290.5
1453,24.212109071221487,307,784,562,854,434.5,819.0,-322.0
1454,24.228772601208565,306,760,564,825,435.0,792.5,-348.5
1455,24.24543613119564,306,734,560,797,433.0,765.5,-375.5
1456,24.262099661182717,305,708,562,772,433.5,740.0,-401.0
1457,24.278763191169794,303,684,564,748,433.5,716.0,-425.0
1458,24.29542672115687,303,667,566,732,434.5,699.5,-441.5
1459,24.312090251143946,303,656,566,719,434.5,687.5,-453.5
1460,24.32875378113102,304,652,567,716,435.5,684.0,-457.0
1461,24.345417311118098,305,657,566,720,435.5,688.5,-452.5
1462,24.362080841105172,306,669,567,735,436.5,702.0,-439.0
1463,24.37874437109225,309,689,568,756,438.5,722.5,-418.5
1464,24.395407901079324,310,715,568,781,439.0,748.0,-393.0
1465,24.4120714310664,312,742,571,808,441.5,775.0,-366.0
1466,24.42873496105348,316,769,568,837,442.0,803.0,-338.0
1467,24.445398491040553,318,800,573,866,445.5,833.0,-308.0
1468,24.46206202102763,318,833,574,898,446.0,865.5,-275.5
1469,24.478725551014705,321,862,572,930,446.5,896.0,-245.0
1470,24.495389081001782,326,897,576,962,451.0,929.5,-211.5
1471,24.512052610988857,323,928,577,995,450.0,961.5,-179.5
1472,24.528716140975934,320,959,579,1025,449.5,992.0,-149.0
1473,24.54537967096301,320,989,581,1050,450.5,1019.5,-121.5
1474,24.562043200950086,319,1006,580,1068,449.5,1037.0,-104.0
1475,24.57870673093716,319,1016,581,1078,450.0,1047.0,-94.0
1476,24.595370260924238,319,1016,581,1078,450.0,1047.0,-94.0
1477,24.612033790911315,319,1010,580,1071,449.5,1040.5,-100.5
1478,24.62869732089839,320,1000,579,1062,449.5,1031.0,-110.0
1479,24.645360850885467,317,984,577,1046,447.0,1015.0,-126.0
1480,24.66202438087254,316,963,575,1027,445.5,995.0,-146.0
1481,24.67868791085962,314,942,573,1004,443.5,973.0,-168.0
1482,24.695351440846693,314,915,570,979,442.0,947.0,-194.0
1483,24.71201497083377,312,886,568,950,440.0,918.0,-223.0
1484,24.728678500820845,312,850,562,916,437.0,883.0,-258.0
1485,24.745342030807922,310,805,562,882,436.0,843.5,-297.5
1486,24.762005560794996,312,776,562,842,437.0,809.0,-332.0
1487,24.778669090782074,311,736,562,809,436.5,772.5,-368.5
1488,24.795332620769152,305,718,563,783,434.0,750.5,-390.5
1489,24.811996150756226,302,696,563,760,432.5,728.0,-413.0
1490,24.828659680743304,302,680,564,744,433.0,712.0,-429.0
1491,24.845323210730378,300,671,563,734,431.5,702.5,-438.5
1492,24.861986740717455,301,667,563,730,432.0,698.5,-442.5
1493,24.87865027070453,300,668,564,732,432.0,700.0,-441.0
1494,24.895313800691607,301,674,563,736,432.0,705.0,-436.0
1495,24.91197733067868,304,683,567,746,435.5,714.5,-426.5
1496,24.92864086066576,305,695,567,760,436.0,727.5,-413.5
1497,24.945304390652833,308,715,566,783,437.0,749.0,-392.0
1498,24.96196792063991,312,743,567,810,439.5,776.5,-364.5
1499,24.978631450626988,314,777,568,845,441.0,811.0,-330.0
1500,24.995294980614062,316,810,568,880,442.0,845.0,-296.0
1501,25.01195851060114,321,845,571,916,446.0,880.5,-260.5
1502,25.028622040588214,320,881,574,949,447.0,915.0,-226.0
1503,25.04528557057529,318,915,574,980,446.0,947.5,-193.5
1504,25.061949100562366,321,943,577,1005,449.0,974.0,-167.0
1505,25.078612630549443,320,963,579,1026,449.5,994.5,-146.5
1506,25.095276160536518,321,981,581,1042,451.0,1011.5,-129.5
1507,25.111939690523595,322,996,581,1057,451.5,1026.5,-114.5
1508,25.12860322051067,320,1005,581,1067,450.5,1036.0,-105.0
1509,25.145266750497747,321,1012,582,1073,451.5,1042.5,-98.5
1510,25.161930280484825,320,1011,582,1072,451.0,1041.5,-99.5
1511,25.1785938104719,320,1000,580,1062,450.0,1031.0,-110.0
1512,25.195257340458976,320,982,579,1044,449.5,1013.0,-128.0
1513,25.21192087044605,321,958,576,1021,448.5,989.5,-151.5
1514,25.228584400433128,319,928,573,992,446.0,960.0,-181.0
1515,25.245247930420202,319,894,572,960,445.5,927.0,-214.0
1516,25.26191146040728,316,861,568,927,442.0,894.0,-247.0
1517,25.278574990394354,313,832,569,896,441.0,864.0,-277.0
1518,25.29523852038143,312,802,567,868,439.5,835.0,-306.0
1519,25.311902050368506,310,774,566,840,438.0,807.0,-334.0
1520,25.328565580355583,306,748,564,812,435.0,780.0,-361.0
1521,25.34522911034266,306,722,565,786,435.5,754.0,-387.0
1522,25.361892640329735,304,700,564,762,434.0,731.0,-410.0
1523,25.378556170316813,302,679,564,743,433.0,711.0,-430.0
1524,25.395219700303887,301,667,564,732,432.5,699.5,-441.5
1525,25.411883230290965,302,662,565,726,433.5,694.0,-447.0
1526,25.42854676027804,302,664,565,729,433.5,696.5,-444.5
1527,25.445210290265116,302,674,565,738,433.5,706.0,-435.0
1528,25.46187382025219,304,690,564,755,434.0,722.5,-418.5
1529,25.478537350239268,304,714,566,779,435.0,746.5,-394.5
1530,25.495200880226342,306,737,566,803,436.0,770.0,-371.0
1531,25.51186441021342,310,764,568,830,439.0,797.0,-344.0
1532,25.528527940200497,312,791,569,856,440.5,823.5,-317.5
1533,25.54519147018757,312,821,568,886,440.0,853.5,-287.5
1534,25.56185500017465,314,851,569,916,441.5,883.5,-257.5
1535,25.578518530161723,318,883,569,947,443.5,915.0,-226.0
1536,25.5951820601488,319,916,574,979,446.5,947.5,-193.5
1537,25.611845590135875,316,945,574,1010,445.0,977.5,-163.5
1538,25.628509120122953,319,971,577,1034,448.0,1002.5,-138.5
1539,25.645172650110027,318,992,580,1054,449.0,1023.0,-118.0
1540,25.661836180097104,318,1004,581,1066,449.5,1035.0,-106.0
1541,25.678499710084182,318,1006,581,1068,449.5,1037.0,-104.0
1542,25.695163240071256,320,1003,580,1065,450.0,1034.0,-107.0
1543,25.711826770058334,319,994,581,1056,450.0,1025.0,-116.0
1544,25.728490300045408,321,981,580,1042,450.5,1011.5,-129.5
1545,25.745153830032486,321,964,578,1027,449.5,995.5,-145.5
1546,25.76181736001956,321,943,576,1008,448.5,975.5,-165.5
1547,25.778480890006637,319,921,576,986,447.5,953.5,-187.5
1548,25.79514441999371,318,893,574,958,446.0,925.5,-215.5
1549,25.81180794998079,317,861,572,927,444.5,894.0,-247.0
1550,25.828471479967863,317,818,570,892,443.5,855.0,-286.0
1551,25.84513500995494,318,783,567,856,442.5,819.5,-321.5
1552,25.86179853994202,314,752,568,824,441.0,788.0,-353.0
1553,25.878462069929093,310,730,569,794,439.5,762.0,-379.0
1554,25.89512559991617,307,710,567,774,437.0,742.0,-399.0
1555,25.911789129903244,304,694,566,757,435.0,725.5,-415.5
1556,25.928452659890322,303,682,564,746,433.5,714.0,-427.0
1557,25.945116189877396,302,678,564,742,433.0,710.0,-431.0
1558,25.961779719864474,302,676,564,740,433.0,708.0,-433.0
1559,25.978443249851548,302,678,565,741,433.5,709.5,-431.5
1560,25.995106779838625,301,685,564,749,432.5,717.0,-424.0
1561,26.0117703098257,303,698,565,760,434.0,729.0,-412.0
1562,26.028433839812777,304,714,564,779,434.0,746.5,-394.5
1563,26.045097369799855,307,739,564,804,435.5,771.5,-369.5
1564,26.06176089978693,307,770,563,835,435.0,802.5,-338.5
1565,26.078424429774007,308,803,566,870,437.0,836.5,-304.5
1566,26.09508795976108,311,837,568,904,439.5,870.5,-270.5
1567,26.11175148974816,314,869,566,935,440.0,902.0,-239.0
1568,26.128415019735233,312,901,571,965,441.5,933.0,-208.0
1569,26.14507854972231,314,927,573,990,443.5,958.5,-182.5
1570,26.161742079709384,316,948,576,1011,446.0,979.5,-161.5
1571,26.178405609696462,317,966,576,1029,446.5,997.5,-143.5
1572,26.195069139683536,318,980,578,1044,448.0,1012.0,-129.0
1573,26.211732669670614,319,993,578,1055,448.5,1024.0,-117.0
1574,26.22839619965769,319,1002,579,1063,449.0,1032.5,-108.5
1575,26.245059729644765,319,1003,579,1064,449.0,1033.5,-107.5
1576,26.261723259631843,319,997,582,1058,450.5,1027.5,-113.5
1577,26.278386789618917,320,982,580,1044,450.0,1013.0,-128.0
1578,26.295050319605995,322,958,578,1022,450.0,990.0,-151.0
1579,26.31171384959307,322,931,576,997,449.0,964.0,-177.0
1580,26.328377379580147,322,903,574,968,448.0,935.5,-205.5
1581,26.34504090956722,320,870,576,938,448.0,904.0,-237.0
1582,26.3617044395543,320,843,573,907,446.5,875.0,-266.0
1583,26.378367969541372,317,814,573,879,445.0,846.5,-294.5
1584,26.39503149952845,314,787,573,852,443.5,819.5,-321.5
1585,26.411695029515528,313,762,570,828,441.5,795.0,-346.0
1586,26.428358559502602,312,738,570,801,441.0,769.5,-371.5
1587,26.44502208948968,310,712,569,777,439.5,744.5,-396.5
1588,26.461685619476754,307,691,569,756,438.0,723.5,-417.5
1589,26.47834914946383,305,678,568,742,436.5,710.0,-431.0
1590,26.495012679450905,305,672,567,736,436.0,704.0,-437.0
1591,26.511676209437983,305,672,568,736,436.5,704.0,-437.0
1592,26.528339739425057,304,680,566,744,435.0,712.0,-429.0
1593,26.545003269412135,304,693,563,759,433.5,726.0,-415.0
1594,26.56166679939921,305,714,564,778,434.5,746.0,-395.0
1595,26.578330329386286,306,737,564,800,435.0,768.5,-372.5
1596,26.594993859373364,302,759,563,824,432.5,791.5,-349.5
1597,26.61165738936044,309,785,566,848,437.5,816.5,-324.5
1598,26.628320919347516,309,809,562,875,435.5,842.0,-299.0
1599,26.64498444933459,312,840,563,904,437.5,872.0,-269.0
1600,26.661647979321668,313,859,568,936,440.5,897.5,-243.5
1601,26.67831150930874,314,901,568,966,441.0,933.5,-207.5
1602,26.69497503929582,315,932,571,995,443.0,963.5,-177.5
1603,26.711638569282893,313,957,573,1020,443.0,988.5,-152.5
1604,26.72830209926997,313,979,575,1040,444.0,1009.5,-131.5
1605,26.744965629257045,314,992,575,1054,444.5,1023.0,-118.0
1606,26.761629159244123,316,998,577,1059,446.5,1028.5,-112.5
1607,26.7782926892312,314,997,577,1058,445.5,1027.5,-113.5
1608,26.794956219218275,318,988,578,1050,448.0,1019.0,-122.0
1609,26.811619749205352,319,979,580,1040,449.5,1009.5,-131.5
1610,26.828283279192426,317,965,578,1028,447.5,996.5,-144.5
1611,26.844946809179504,320,947,580,1011,450.0,979.0,-162.0
1612,26.861610339166578,318,926,576,990,447.0,958.0,-183.0
1613,26.878273869153656,320,900,576,966,448.0,933.0,-208.0
1614,26.89493739914073,321,872,578,937,449.5,904.5,-236.5
1615,26.911600929127808,322,839,576,904,449.0,871.5,-269.5
1616,26.928264459114885,319,796,573,870,446.0,833.0,-308.0
1617,26.94492798910196,319,773,574,838,446.5,805.5,-335.5
1618,26.961591519089037,314,745,573,809,443.5,777.0,-364.0
1619,26.97825504907611,313,722,574,788,443.5,755.0,-386.0
1620,26.99491857906319,310,707,572,771,441.0,739.0,-402.0
1621,27.011582109050263,307,697,571,760,439.0,728.5,-412.5
1622,27.02824563903734,306,689,570,753,438.0,721.0,-420.0
1623,27.044909169024415,306,684,569,748,437.5,716.0,-425.0
1624,27.061572699011492,305,684,569,748,437.0,716.0,-425.0
1625,27.078236228998566,305,690,568,753,436.5,721.5,-419.5
1626,27.094899758985644,306,700,568,763,437.0,731.5,-409.5
1627,27.11156328897272,306,713,567,779,436.5,746.0,-395.0
1628,27.128226818959796,308,735,565,800,436.5,767.5,-373.5
1629,27.144890348946873,308,762,564,828,436.0,795.0,-346.0
1630,27.161553878933947,310,794,564,860,437.0,827.0,-314.0
1631,27.178217408921025,311,825,566,893,438.5,859.0,-282.0
1632,27.1948809389081,310,857,565,922,437.5,889.5,-251.5
1633,27.211544468895177,308,887,567,952,437.5,919.5,-221.5
1634,27.22820799888225,309,912,570,976,439.5,944.0,-197.0
1635,27.24487152886933,311,934,568,998,439.5,966.0,-175.0
1636,27.261535058856403,311,953,570,1016,440.5,984.5,-156.5
1637,27.27819858884348,313,970,573,1033,443.0,1001.5,-139.5
1638,27.294862118830558,313,983,574,1045,443.5,1014.0,-127.0
1639,27.311525648817632,314,993,574,1054,444.0,1023.5,-117.5
1640,27.32818917880471,314,996,576,1057,445.0,1026.5,-114.5
1641,27.344852708791784,313,992,576,1053,444.5,1022.5,-118.5
1642,27.36151623877886,316,980,577,1043,446.5,1011.5,-129.5
1643,27.378179768765936,318,962,576,1024,447.0,993.0,-148.0
1644,27.394843298753013,318,934,576,999,447.0,966.5,-174.5
1645,27.411506828740087,320,907,576,972,448.0,939.5,-201.5
1646,27.428170358727165,319,880,576,945,447.5,912.5,-228.5
1647,27.44483388871424,320,852,576,918,448.0,885.0,-256.0
1648,27.461497418701317,318,825,576,889,447.0,857.0,-284.0
1649,27.478160948688394,316,802,575,864,445.5,833.0,-308.0
1650,27.49482447867547,317,776,575,840,446.0,808.0,-333.0
1651,27.511488008662546,314,751,574,815,444.0,783.0,-358.0
1652,27.52815153864962,313,727,573,792,443.0,759.5,-381.5
1653,27.544815068636698,313,703,574,770,443.5,736.5,-404.5
1654,27.561478598623772,310,689,573,754,441.5,721.5,-419.5
1655,27.57814212861085,309,682,571,745,440.0,713.5,-427.5
1656,27.594805658597924,308,680,570,744,439.0,712.0,-429.0
1657,27.611469188585,308,687,571,750,439.5,718.5,-422.5
1658,27.628132718572076,307,696,569,762,438.0,729.0,-412.0
1659,27.644796248559153,306,712,569,778,437.5,745.0,-396.0
1660,27.66145977854623,306,733,567,797,436.5,765.0,-376.0
1661,27.678123308533305,306,755,567,820,436.5,787.5,-353.5
1662,27.694786838520383,306,779,567,843,436.5,811.0,-330.0
1663,27.711450368507457,310,804,568,866,439.0,835.0,-306.0
1664,27.728113898494534,310,828,564,894,437.0,861.0,-280.0
1665,27.74477742848161,312,856,566,923,439.0,889.5,-251.5
1666,27.761440958468686,312,887,568,953,440.0,920.0,-221.0
1667,27.77810448845576,312,917,568,981,440.0,949.0,-192.0
1668,27.794768018442838,310,942,569,1007,439.5,974.5,-166.5
1669,27.811431548429912,310,964,570,1027,440.0,995.5,-145.5
1670,27.82809507841699,310,978,572,1040,441.0,1009.0,-132.0
1671,27.844758608404067,310,987,572,1048,441.0,1017.5,-123.5
1672,27.86142213839114,310,988,572,1048,441.0,1018.0,-123.0
1673,27.87808566837822,313,983,574,1044,443.5,1013.5,-127.5
1674,27.894749198365293,314,973,574,1036,444.0,1004.5,-136.5
1675,27.91141272835237,315,964,574,1026,444.5,995.0,-146.0
1676,27.928076258339445,314,950,575,1012,444.5,981.0,-160.0
1677,27.944739788326523,316,932,575,994,445.5,963.0,-178.0
1678,27.961403318313597,317,908,572,972,444.5,940.0,-201.0
1679,27.978066848300674,320,881,574,943,447.0,912.0,-229.0
1680,27.994730378287752,320,849,573,913,446.5,881.0,-260.0
1681,28.011393908274826,319,817,573,883,446.0,850.0,-291.0
1682,28.028057438261904,319,786,572,851,445.5,818.5,-322.5
1683,28.044720968248978,315,760,574,825,444.5,792.5,-348.5
1684,28.061384498236055,313,737,576,802,444.5,769.5,-371.5
1685,28.07804802822313,313,719,575,783,444.0,751.0,-390.0
1686,28.094711558210207,311,707,574,772,442.5,739.5,-401.5
1687,28.11137508819728,312,700,574,764,443.0,732.0,-409.0
1688,28.12803861818436,311,695,572,759,441.5,727.0,-414.0
1689,28.144702148171433,311,693,573,756,442.0,724.5,-416.5
1690,28.16136567815851,311,694,573,757,442.0,725.5,-415.5
1691,28.17802920814559,309,702,571,766,440.0,734.0,-407.0
1692,28.194692738132662,309,716,571,779,440.0,747.5,-393.5
1693,28.21135626811974,309,735,570,798,439.5,766.5,-374.5
1694,28.228019798106814,311,759,567,823,439.0,791.0,-350.0
1695,28.244683328093892,311,787,568,850,439.5,818.5,-322.5
1696,28.261346858080966,310,818,566,883,438.0,850.5,-290.5
1697,28.278010388068044,310,850,566,912,438.0,881.0,-260.0
1698,28.294673918055118,309,876,568,940,438.5,908.0,-233.0
1699,28.311337448042195,308,900,567,963,437.5,931.5,-209.5
1700,28.32800097802927,307,920,568,984,437.5,952.0,-189.0
1701,28.344664508016347,310,940,569,1004,439.5,972.0,-169.0
1702,28.361328038003425,307,956,570,1022,438.5,989.0,-152.0
1703,28.3779915679905,309,972,570,1034,439.5,1003.0,-138.0
1704,28.394655097977576,310,982,570,1044,440.0,1013.0,-128.0
1705,28.41131862796465,309,987,571,1049,440.0,1018.0,-123.0
1706,28.42798215795173,309,986,569,1048,439.0,1017.0,-124.0
1707,28.444645687938802,310,976,572,1040,441.0,1008.0,-133.0
1708,28.46130921792588,312,960,574,1024,443.0,992.0,-149.0
1709,28.477972747912954,312,937,571,1003,441.5,970.0,-171.0
1710,28.49463627790003,312,912,571,976,441.5,944.0,-197.0
1711,28.511299807887106,314,887,570,952,442.0,919.5,-221.5
1712,28.527963337874183,314,862,572,927,443.0,894.5,-246.5
1713,28.54462686786126,315,837,573,901,444.0,869.0,-272.0
1714,28.561290397848335,314,812,573,876,443.5,844.0,-297.0
1715,28.577953927835413,314,785,572,851,443.0,818.0,-323.0
1716,28.594617457822487,313,764,574,827,443.5,795.5,-345.5
1717,28.611280987809565,316,740,574,804,445.0,772.0,-369.0
1718,28.62794451779664,312,718,574,783,443.0,750.5,-390.5
1719,28.644608047783716,312,701,574,765,443.0,733.0,-408.0
1720,28.66127157777079,312,691,574,755,443.0,723.0,-418.0
1721,28.677935107757868,312,690,574,753,443.0,721.5,-419.5
1722,28.694598637744942,312,691,573,756,442.5,723.5,-417.5
1723,28.71126216773202,312,703,574,766,443.0,734.5,-406.5
1724,28.727925697719098,311,716,572,782,441.5,749.0,-392.0
1725,28.74458922770617,311,732,573,796,442.0,764.0,-377.0
1726,28.76125275769325,311,751,571,815,441.0,783.0,-358.0
1727,28.777916287680323,311,773,570,837,440.5,805.0,-336.0
1728,28.7945798176674,312,795,573,860,442.5,827.5,-313.5
1729,28.811243347654475,313,818,570,884,441.5,851.0,-290.0
1730,28.827906877641553,314,847,569,910,441.5,878.5,-262.5
1731,28.844570407628627,315,876,570,939,442.5,907.5,-233.5
1732,28.861233937615705,313,905,568,968,440.5,936.5,-204.5
1733,28.87789746760278,312,930,569,993,440.5,961.5,-179.5
1734,28.894560997589856,310,951,569,1015,439.5,983.0,-158.0
1735,28.911224527576934,309,967,570,1029,439.5,998.0,-143.0
1736,28.927888057564008,309,976,569,1037,439.0,1006.5,-134.5
1737,28.944551587551086,310,979,571,1040,440.5,1009.5,-131.5
1738,28.96121511753816,309,976,570,1038,439.5,1007.0,-134.0
1739,28.977878647525237,311,970,572,1032,441.5,1001.0,-140.0
1740,28.99454217751231,310,961,571,1022,440.5,991.5,-149.5
1741,29.01120570749939,311,949,571,1011,441.0,980.0,-161.0
1742,29.027869237486463,310,935,570,996,440.0,965.5,-175.5
1743,29.04453276747354,311,914,571,975,441.0,944.5,-196.5
1744,29.061196297460615,312,889,569,951,440.5,920.0,-221.0
1745,29.077859827447693,314,857,570,922,442.0,889.5,-251.5
1746,29.09452335743477,314,825,569,890,441.5,857.5,-283.5
1747,29.111186887421844,314,800,572,863,443.0,831.5,-309.5
1748,29.127850417408922,315,771,572,836,443.5,803.5,-337.5
1749,29.144513947395996,312,749,572,814,442.0,781.5,-359.5
1750,29.161177477383074,311,733,573,796,442.0,764.5,-376.5
1751,29.177841007370148,310,720,575,784,442.5,752.0,-389.0
1752,29.194504537357226,311,709,573,774,442.0,741.5,-399.5
1753,29.2111680673443,312,705,574,768,443.0,736.5,-404.5
1754,29.227831597331377,312,700,575,764,443.5,732.0,-409.0
1755,29.244495127318455,312,700,575,764,443.5,732.0,-409.0
1756,29.26115865730553,312,704,575,768,443.5,736.0,-405.0
1757,29.277822187292607,313,715,576,779,444.5,747.0,-394.0
1758,29.29448571727968,313,733,573,796,443.0,764.5,-376.5
1759,29.31114924726676,317,756,574,818,445.5,787.0,-354.0
1760,29.327812777253833,315,781,573,845,444.0,813.0,-328.0
1761,29.34447630724091,314,809,572,874,443.0,841.5,-299.5
1762,29.361139837227984,315,838,574,901,444.5,869.5,-271.5
1763,29.377803367215062,312,861,571,927,441.5,894.0,-247.0
1764,29.394466897202136,314,886,574,950,444.0,918.0,-223.0
1765,29.411130427189214,314,907,574,970,444.0,938.5,-202.5
1766,29.42779395717629,314,925,573,989,443.5,957.0,-184.0
1767,29.444457487163366,312,943,571,1006,441.5,974.5,-166.5
1768,29.461121017150443,312,959,571,1022,441.5,990.5,-150.5
1769,29.477784547137517,310,972,572,1034,441.0,1003.0,-138.0
1770,29.494448077124595,310,978,570,1040,440.0,1009.0,-132.0
1771,29.51111160711167,310,979,570,1040,440.0,1009.5,-131.5
1772,29.527775137098747,308,972,570,1034,439.0,1003.0,-138.0
1773,29.54443866708582,310,959,570,1020,440.0,989.5,-151.5
1774,29.5611021970729,312,938,569,1003,440.5,970.5,-170.5
1775,29.577765727059973,311,915,567,979,439.0,947.0,-194.0
1776,29.59442925704705,311,892,568,956,439.5,924.0,-217.0
1777,29.611092787034128,312,869,568,934,440.0,901.5,-239.5
1778,29.627756317021202,309,846,568,911,438.5,878.5,-262.5
1779,29.64441984700828,312,823,568,887,440.0,855.0,-286.0
1780,29.661083376995354,311,799,571,862,441.0,830.5,-310.5
1781,29.67774690698243,312,776,570,840,441.0,808.0,-333.0
1782,29.694410436969505,311,754,570,815,440.5,784.5,-356.5
1783,29.711073966956583,309,732,571,796,440.0,764.0,-377.0
1784,29.727737496943657,310,714,571,777,440.5,745.5,-395.5
1785,29.744401026930735,310,702,573,765,441.5,733.5,-407.5
1786,29.76106455691781,311,697,573,761,442.0,729.0,-412.0
1787,29.777728086904887,311,698,573,762,442.0,730.0,-411.0
1788,29.794391616891964,311,708,574,772,442.5,740.0,-401.0
1789,29.81105514687904,312,720,575,783,443.5,751.5,-389.5
1790,29.827718676866116,312,734,575,797,443.5,765.5,-375.5
1791,29.84438220685319,312,751,576,814,444.0,782.5,-358.5
1792,29.861045736840268,316,767,576,830,446.0,798.5,-342.5
1793,29.877709266827342,316,788,575,852,445.5,820.0,-321.0
1794,29.89437279681442,316,812,576,876,446.0,844.0,-297.0
1795,29.911036326801494,318,837,575,900,446.5,868.5,-272.5
1796,29.92769985678857,316,865,575,927,445.5,896.0,-245.0
1797,29.944363386775645,318,891,576,954,447.0,922.5,-218.5
1798,29.961026916762723,314,918,575,981,444.5,949.5,-191.5
1799,29.9776904467498,316,940,575,1002,445.5,971.0,-170.0
1800,29.994353976736875,313,954,575,1017,444.0,985.5,-155.5
1801,30.011017506723952,312,964,574,1025,443.0,994.5,-146.5
1802,30.027681036711027,313,968,574,1030,443.5,999.0,-142.0
1803,30.044344566698104,313,968,573,1030,443.0,999.0,-142.0
1804,30.06100809668518,311,965,571,1026,441.0,995.5,-145.5
1805,30.077671626672256,309,958,572,1019,440.5,988.5,-152.5
1806,30.09433515665933,310,949,570,1010,440.0,979.5,-161.5
1807,30.110998686646408,308,934,569,996,438.5,965.0,-176.0
1808,30.12766221663348,308,914,568,979,438.0,946.5,-194.5
1809,30.14432574662056,308,893,566,956,437.0,924.5,-216.5
1810,30.160989276607637,308,866,567,931,437.5,898.5,-242.5
1811,30.17765280659471,311,836,568,901,439.5,868.5,-272.5
1812,30.19431633658179,309,808,567,874,438.0,841.0,-300.0
1813,30.210979866568863,308,782,566,848,437.0,815.0,-326.0
1814,30.22764339655594,306,762,568,826,437.0,794.0,-347.0
1815,30.244306926543015,307,744,568,808,437.5,776.0,-365.0
1816,30.260970456530092,306,731,569,794,437.5,762.5,-378.5
1817,30.277633986517166,307,721,570,784,438.5,752.5,-388.5
1818,30.294297516504244,307,714,571,777,439.0,745.5,-395.5
1819,30.310961046491318,307,709,571,772,439.0,740.5,-400.5
1820,30.327624576478396,309,708,572,771,440.5,739.5,-401.5
1821,30.344288106465473,309,710,572,773,440.5,741.5,-399.5
1822,30.360951636452548,311,719,574,781,442.5,750.0,-391.0
1823,30.377615166439625,312,732,575,796,443.5,764.0,-377.0
1824,30.3942786964267,316,752,576,818,446.0,785.0,-356.0
1825,30.410942226413777,315,777,576,842,445.5,809.5,-331.5
1826,30.42760575640085,320,804,576,866,448.0,835.0,-306.0
1827,30.44426928638793,319,828,577,893,448.0,860.5,-280.5
1828,30.460932816375003,316,855,577,916,446.5,885.5,-255.5
1829,30.47759634636208,321,877,577,940,449.0,908.5,-232.5
1830,30.494259876349158,318,895,577,959,447.5,927.0,-214.0
1831,30.510923406336232,318,914,577,976,447.5,945.0,-196.0
1832,30.52758693632331,318,932,577,994,447.5,963.0,-178.0
1833,30.544250466310384,316,948,577,1010,446.5,979.0,-162.0
1834,30.56091399629746,316,962,577,1022,446.5,992.0,-149.0
1835,30.577577526284536,316,970,576,1032,446.0,1001.0,-140.0
1836,30.594241056271613,314,971,575,1032,444.5,1001.5,-139.5
1837,30.610904586258687,313,967,574,1028,443.5,997.5,-143.5
1838,30.627568116245765,312,956,572,1017,442.0,986.5,-154.5
1839,30.64423164623284,312,938,572,1002,442.0,970.0,-171.0
1840,30.660895176219917,313,918,570,982,441.5,950.0,-191.0
1841,30.677558706206995,310,896,569,959,439.5,927.5,-213.5
1842,30.69422223619407,310,874,568,938,439.0,906.0,-235.0
1843,30.710885766181146,308,854,567,918,437.5,886.0,-255.0
1844,30.72754929616822,308,833,567,896,437.5,864.5,-276.5
1845,30.744212826155298,306,809,567,874,436.5,841.5,-299.5
1846,30.760876356142372,307,785,566,850,436.5,817.5,-323.5
1847,30.77753988612945,306,763,565,828,435.5,795.5,-345.5
1848,30.794203416116524,305,743,566,806,435.5,774.5,-366.5
1849,30.8108669461036,304,724,568,790,436.0,757.0,-384.0
1850,30.827530476090676,305,713,567,777,436.0,745.0,-396.0
1851,30.844194006077753,305,707,568,770,436.5,738.5,-402.5
1852,30.86085753606483,305,707,569,770,437.0,738.5,-402.5
1853,30.877521066051905,305,712,569,776,437.0,744.0,-397.0
1854,30.894184596038983,308,722,571,786,439.5,754.0,-387.0
1855,30.910848126026057,309,736,572,798,440.5,767.0,-374.0
1856,30.927511656013134,311,748,573,812,442.0,780.0,-361.0
1857,30.94417518600021,312,764,574,828,443.0,796.0,-345.0
1858,30.960838715987286,314,780,574,846,444.0,813.0,-328.0
1859,30.97750224597436,317,804,576,868,446.5,836.0,-305.0
1860,30.994165775961438,317,827,576,892,446.5,859.5,-281.5
1861,31.010829305948512,320,853,576,918,448.0,885.5,-255.5
1862,31.02749283593559,319,879,577,942,448.0,910.5,-230.5
1863,31.044156365922667,319,905,577,968,448.0,936.5,-204.5
1864,31.06081989590974,318,926,579,990,448.5,958.0,-183.0
1865,31.07748342589682,317,944,579,1006,448.0,975.0,-166.0
1866,31.094146955883893,317,953,579,1014,448.0,983.5,-157.5
1867,31.11081048587097,318,958,579,1020,448.5,989.0,-152.0
1868,31.127474015858045,317,958,578,1020,447.5,989.0,-152.0
1869,31.144137545845123,317,959,578,1020,447.5,989.5,-151.5
1870,31.160801075832197,316,954,575,1015,445.5,984.5,-156.5
1871,31.177464605819274,312,946,575,1008,443.5,977.0,-164.0
1872,31.19412813580635,313,932,574,996,443.5,964.0,-177.0
1873,31.210791665793426,311,917,572,980,441.5,948.5,-192.5
1874,31.227455195780504,310,898,570,959,440.0,928.5,-212.5
1875,31.244118725767578,313,874,568,937,440.5,905.5,-235.5
1876,31.260782255754656,310,845,568,910,439.0,877.5,-263.5
1877,31.27744578574173,310,817,566,881,438.0,849.0,-292.0
1878,31.294109315728807,305,793,567,858,436.0,825.5,-315.5
1879,31.31077284571588,304,772,565,838,434.5,805.0,-336.0
1880,31.32743637570296,305,757,565,820,435.0,788.5,-352.5
1881,31.344099905690033,305,744,566,806,435.5,775.0,-366.0
1882,31.36076343567711,304,733,565,794,434.5,763.5,-377.5
1883,31.377426965664185,303,723,566,786,434.5,754.5,-386.5
1884,31.394090495651263,304,717,567,781,435.5,749.0,-392.0
1885,31.41075402563834,305,715,567,778,436.0,746.5,-394.5
1886,31.427417555625414,306,715,566,779,436.0,747.0,-394.0
1887,31.444081085612492,308,722,569,784,438.5,753.0,-388.0
1888,31.460744615599566,310,733,570,798,440.0,765.5,-375.5
1889,31.477408145586644,311,752,570,815,440.5,783.5,-357.5
1890,31.494071675573718,312,773,572,838,442.0,805.5,-335.5
1891,31.510735205560795,313,796,573,860,443.0,828.0,-313.0
1892,31.52739873554787,314,822,575,885,444.5,853.5,-287.5
1893,31.544062265534947,316,843,576,908,446.0,875.5,-265.5
1894,31.560725795522025,317,866,577,928,447.0,897.0,-244.0
1895,31.5773893255091,318,886,578,949,448.0,917.5,-223.5
1896,31.594052855496177,319,903,578,968,448.5,935.5,-205.5
1897,31.61071638548325,319,920,579,984,449.0,952.0,-189.0
1898,31.62737991547033,319,936,580,1000,449.5,968.0,-173.0
1899,31.644043445457402,320,950,579,1013,449.5,981.5,-159.5
1900,31.66070697544448,318,960,579,1022,448.5,991.0,-150.0
1901,31.677370505431554,317,965,578,1026,447.5,995.5,-145.5
1902,31.694034035418632,318,961,578,1023,448.0,992.0,-149.0
1903,31.710697565405706,317,953,577,1014,447.0,983.5,-157.5
1904,31.727361095392784,317,937,576,1001,446.5,969.0,-172.0
1905,31.74402462537986,314,919,575,983,444.5,951.0,-190.0
1906,31.760688155366935,314,900,575,964,444.5,932.0,-209.0
1907,31.777351685354013,314,881,572,944,443.0,912.5,-228.5
1908,31.794015215341087,312,862,571,924,441.5,893.0,-248.0
1909,31.810678745328165,308,841,569,904,438.5,872.5,-268.5
1910,31.82734227531524,307,821,568,884,437.5,852.5,-288.5
1911,31.844005805302317,306,798,568,861,437.0,829.5,-311.5
1912,31.86066933528939,305,775,565,840,435.0,807.5,-333.5
1913,31.87733286527647,303,754,564,818,433.5,786.0,-355.0
1914,31.893996395263542,304,737,566,800,435.0,768.5,-372.5
1915,31.91065992525062,303,725,566,788,434.5,756.5,-384.5
1916,31.927323455237698,303,717,566,780,434.5,748.5,-392.5
1917,31.94398698522477,303,716,566,779,434.5,747.5,-393.5
1918,31.96065051521185,303,720,566,782,434.5,751.0,-390.0
1919,31.977314045198924,304,728,567,790,435.5,759.0,-382.0
1920,31.993977575186,305,738,568,801,436.5,769.5,-371.5
1921,32.01064110517308,305,750,568,814,436.5,782.0,-359.0
1922,32.02730463516015,308,764,570,828,439.0,796.0,-345.0
1923,32.04396816514723,310,780,571,842,440.5,811.0,-330.0
1924,32.060631695134305,311,793,572,862,441.5,827.5,-313.5
1925,32.07729522512138,314,821,572,884,443.0,852.5,-288.5
1926,32.09395875510845,314,845,575,910,444.5,877.5,-263.5
1927,32.11062228509553,316,872,575,936,445.5,904.0,-237.0
1928,32.12728581508261,317,895,578,959,447.5,927.0,-214.0
1929,32.143949345069686,317,915,578,978,447.5,946.5,-194.5
1930,32.16061287505676,320,932,579,994,449.5,963.0,-178.0
1931,32.177276405043834,318,941,580,1005,449.0,973.0,-168.0
1932,32.19393993503091,320,948,581,1011,450.5,979.5,-161.5
1933,32.21060346501799,320,950,581,1013,450.5,981.5,-159.5
1934,32.22726699500507,320,950,581,1013,450.5,981.5,-159.5
1935,32.24393052499214,319,949,580,1011,449.5,980.0,-161.0
1936,32.260594054979215,318,943,580,1006,449.0,974.5,-166.5
1937,32.27725758496629,316,930,578,996,447.0,963.0,-178.0
1938,32.29392111495337,316,919,576,981,446.0,950.0,-191.0
1939,32.31058464494045,315,901,574,964,444.5,932.5,-208.5
1940,32.32724817492752,314,878,573,941,443.5,909.5,-231.5
1941,32.343911704914596,312,852,574,917,443.0,884.5,-256.5
1942,32.360575234901674,310,826,569,892,439.5,859.0,-282.0
1943,32.37723876488875,313,802,571,868,442.0,835.0,-306.0
1944,32.39390229487582,308,781,569,847,438.5,814.0,-327.0
1945,32.4105658248629,306,767,567,831,436.5,799.0,-342.0
1946,32.42722935484998,305,755,568,818,436.5,786.5,-354.5
1947,32.443892884837055,304,742,567,806,435.5,774.0,-367.0
1948,32.46055641482413,303,733,566,796,434.5,764.5,-376.5
1949,32.4772199448112,301,726,566,790,433.5,758.0,-383.0
1950,32.49388347479828,304,722,564,785,434.0,753.5,-387.5
1951,32.51054700478536,304,722,564,785,434.0,753.5,-387.5
1952,32.527210534772436,303,725,565,789,434.0,757.0,-384.0
1953,32.54387406475951,305,735,566,799,435.5,767.0,-374.0
1954,32.560537594746584,306,750,566,814,436.0,782.0,-359.0
1955,32.57720112473366,305,771,567,835,436.0,803.0,-338.0
1956,32.59386465472074,308,792,568,857,438.0,824.5,-316.5
1957,32.61052818470781,308,815,569,879,438.5,847.0,-294.0
1958,32.62719171469489,311,837,570,900,440.5,868.5,-272.5
1959,32.643855244681966,313,857,572,920,442.5,888.5,-252.5
1960,32.66051877466904,313,875,574,938,443.5,906.5,-234.5
1961,32.67718230465612,314,893,576,956,445.0,924.5,-216.5
1962,32.69384583464319,317,910,577,974,447.0,942.0,-199.0
1963,32.71050936463027,318,928,578,989,448.0,958.5,-182.5
1964,32.72717289461735,317,941,579,1003,448.0,972.0,-169.0
1965,32.743836424604424,319,951,580,1012,449.5,981.5,-159.5
1966,32.760499954591495,319,957,581,1018,450.0,987.5,-153.5
1967,32.77716348457857,319,956,582,1017,450.5,986.5,-154.5
1968,32.79382701456565,318,948,581,1009,449.5,978.5,-162.5
1969,32.81049054455273,318,935,580,998,449.0,966.5,-174.5
1970,32.827154074539806,319,920,579,983,449.0,951.5,-189.5
1971,32.843817604526876,318,904,577,967,447.5,935.5,-205.5
1972,32.860481134513954,317,885,577,948,447.0,916.5,-224.5
1973,32.87714466450103,314,868,575,929,444.5,898.5,-242.5
1974,32.89380819448811,314,849,575,911,444.5,880.0,-261.0
1975,32.91047172447518,311,829,574,892,442.5,860.5,-280.5
1976,32.92713525446226,312,808,572,870,442.0,839.0,-302.0
1977,32.943798784449335,308,787,571,850,439.5,818.5,-322.5
1978,32.96046231443641,309,766,569,828,439.0,797.0,-344.0
1979,32.97712584442348,306,747,568,811,437.0,779.0,-362.0
1980,32.99378937441056,305,734,567,797,436.0,765.5,-375.5
1981,33.01045290439764,303,727,568,790,435.5,758.5,-382.5
1982,33.027116434384716,303,725,566,788,434.5,756.5,-384.5
1983,33.043779964371794,303,726,567,790,435.0,758.0,-383.0
1984,33.060443494358864,303,733,565,795,434.0,764.0,-377.0
1985,33.07710702434594,304,741,566,804,435.0,772.5,-368.5
1986,33.09377055433302,303,751,566,814,434.5,782.5,-358.5
1987,33.1104340843201,305,764,567,827,436.0,795.5,-345.5
1988,33.12709761430717,306,777,566,840,436.0,808.5,-332.5
1989,33.143761144294245,308,793,568,858,438.0,825.5,-315.5
1990,33.16042467428132,309,815,568,878,438.5,846.5,-294.5
1991,33.1770882042684,310,838,569,902,439.5,870.0,-271.0
1992,33.19375173425548,312,863,571,926,441.5,894.5,-246.5
1993,33.21041526424255,312,883,573,948,442.5,915.5,-225.5
1994,33.22707879422963,313,905,574,968,443.5,936.5,-204.5
1995,33.243742324216704,315,921,575,984,445.0,952.5,-188.5
1996,33.26040585420378,316,934,578,995,447.0,964.5,-176.5
1997,33.27706938419085,317,941,577,1002,447.0,971.5,-169.5
1998,33.29373291417793,317,943,578,1004,447.5,973.5,-167.5
1999,33.31039644416501,317,943,578,1006,447.5,974.5,-166.5
2000,33.327059974152085,318,943,579,1005,448.5,974.0,-167.0
2001,33.34372350413916,318,940,580,1002,449.0,971.0,-170.0
2002,33.360387034126234,319,932,579,993,449.0,962.5,-178.5
2003,33.37705056411331,319,921,579,982,449.0,951.5,-189.5
2004,33.39371409410039,318,902,578,966,448.0,934.0,-207.0
2005,33.41037762408747,318,881,578,945,448.0,913.0,-228.0
2006,33.42704115407454,318,859,576,923,447.0,891.0,-250.0
2007,33.443704684061615,318,835,576,900,447.0,867.5,-273.5
2008,33.46036821404869,315,814,575,877,445.0,845.5,-295.5
2009,33.47703174403577,313,793,574,857,443.5,825.0,-316.0
2010,33.49369527402284,310,776,573,841,441.5,808.5,-332.5
2011,33.51035880400992,309,764,571,828,440.0,796.0,-345.0
2012,33.527022333996996,307,753,570,816,438.5,784.5,-356.5
2013,33.543685863984074,307,742,570,806,438.5,774.0,-367.0
2014,33.56034939397115,304,734,567,798,435.5,766.0,-375.0
2015,33.57701292395822,304,728,567,792,435.5,760.0,-381.0
2016,33.5936764539453,304,728,567,790,435.5,759.0,-382.0
2017,33.61033998393238,304,732,566,794,435.0,763.0,-378.0
2018,33.627003513919455,304,738,565,802,434.5,770.0,-371.0
2019,33.643667043906525,303,751,567,814,435.0,782.5,-358.5
2020,33.6603305738936,305,769,566,833,435.5,801.0,-340.0
2021,33.67699410388068,305,788,567,853,436.0,820.5,-320.5
2022,33.69365763386776,305,810,566,873,435.5,841.5,-299.5
2023,33.710321163854836,305,829,567,893,436.0,861.0,-280.0
2024,33.72698469384191,309,847,568,911,438.5,879.0,-262.0
2025,33.743648223828984,309,866,571,928,440.0,897.0,-244.0
2026,33.76031175381606,310,884,570,944,440.0,914.0,-227.0
2027,33.77697528380314,311,901,572,962,441.5,931.5,-209.5
2028,33.79363881379021,312,916,574,978,443.0,947.0,-194.0
2029,33.81030234377729,313,930,574,991,443.5,960.5,-180.5
2030,33.826965873764365,314,941,575,1003,444.5,972.0,-169.0
2031,33.84362940375144,314,949,577,1010,445.5,979.5,-161.5
2032,33.86029293373851,314,949,577,1010,445.5,979.5,-161.5
2033,33.87695646372559,316,943,578,1004,447.0,973.5,-167.5
2034,33.89361999371267,317,932,578,994,447.5,963.0,-178.0
2035,33.910283523699746,318,918,579,980,448.5,949.0,-192.0
2036,33.926947053686824,319,904,577,966,448.0,935.0,-206.0
2037,33.943610583673895,317,889,578,950,447.5,919.5,-221.5
2038,33.96027411366097,317,873,579,936,448.0,904.5,-236.5
2039,33.97693764364805,316,855,577,916,446.5,885.5,-255.5
2040,33.99360117363513,317,834,577,898,447.0,866.0,-275.0
2041,34.0102647036222,315,815,576,879,445.5,847.0,-294.0
2042,34.026928233609276,314,794,576,858,445.0,826.0,-315.0
2043,34.04359176359635,313,775,574,838,443.5,806.5,-334.5
2044,34.06025529358343,312,756,572,820,442.0,788.0,-353.0
2045,34.07691882357051,310,743,572,807,441.0,775.0,-366.0
2046,34.09358235355758,310,735,571,798,440.5,766.5,-374.5
2047,34.11024588354466,308,732,570,794,439.0,763.0,-378.0
2048,34.126909413531735,308,734,570,796,439.0,765.0,-376.0
2049,34.14357294351881,306,737,568,800,437.0,768.5,-372.5
2050,34.16023647350588,305,743,567,806,436.0,774.5,-366.5
2051,34.17690000349296,305,751,567,815,436.0,783.0,-358.0
2052,34.19356353348004,305,763,566,826,435.5,794.5,-346.5
2053,34.210227063467116,305,776,567,839,436.0,807.5,-333.5
2054,34.226890593454186,304,791,566,854,435.0,822.5,-318.5
2055,34.243554123441264,307,808,567,872,437.0,840.0,-301.0
2056,34.26021765342834,309,830,567,894,438.0,862.0,-279.0
2057,34.27688118341542,306,853,568,917,437.0,885.0,-256.0
2058,34.2935447134025,308,876,569,940,438.5,908.0,-233.0
2059,34.31020824338957,308,896,570,958,439.0,927.0,-214.0
2060,34.326871773376645,309,911,569,972,439.0,941.5,-199.5
2061,34.34353530336372,310,922,570,985,440.0,953.5,-187.5
2062,34.3601988333508,311,931,572,992,441.5,961.5,-179.5
2063,34.37686236333787,312,935,572,997,442.0,966.0,-175.0
2064,34.39352589332495,312,937,573,998,442.5,967.5,-173.5
2065,34.410189423312026,313,937,574,998,443.5,967.5,-173.5
2066,34.426852953299104,313,937,574,998,443.5,967.5,-173.5
2067,34.44351648328618,314,931,576,991,445.0,961.0,-180.0
2068,34.46018001327325,315,921,575,982,445.0,951.5,-189.5
2069,34.47684354326033,316,905,576,967,446.0,936.0,-205.0
2070,34.49350707324741,317,885,576,948,446.5,916.5,-224.5
2071,34.510170603234485,318,864,577,927,447.5,895.5,-245.5
2072,34.526834133221556,317,842,577,906,447.0,874.0,-267.0
2073,34.54349766320863,315,822,577,885,446.0,853.5,-287.5
2074,34.56016119319571,315,803,576,867,445.5,835.0,-306.0
2075,34.57682472318279,315,787,576,850,445.5,818.5,-322.5
2076,34.593488253169866,313,773,575,836,444.0,804.5,-336.5
2077,34.61015178315694,313,762,575,824,444.0,793.0,-348.0
2078,34.626815313144014,311,753,573,815,442.0,784.0,-357.0
2079,34.64347884313109,309,743,572,806,440.5,774.5,-366.5
2080,34.66014237311817,308,736,571,799,439.5,767.5,-373.5
2081,34.67680590310524,309,733,571,796,440.0,764.5,-376.5
2082,34.69346943309232,309,735,571,798,440.0,766.5,-374.5
2083,34.710132963079396,308,743,570,806,439.0,774.5,-366.5
2084,34.72679649306647,308,753,568,817,438.0,785.0,-356.0
2085,34.743460023053544,308,769,568,832,438.0,800.5,-340.5
2086,34.76012355304062,306,787,568,851,437.0,819.0,-322.0
2087,34.7767870830277,305,805,567,868,436.0,836.5,-304.5
2088,34.79345061301478,305,824,567,888,436.0,856.0,-285.0
2089,34.810114143001854,305,841,567,904,436.0,872.5,-268.5
2090,34.826777672988925,307,858,568,920,437.5,889.0,-252.0
2091,34.843441202976,308,874,569,936,438.5,905.0,-236.0
2092,34.86010473296308,308,889,568,953,438.0,921.0,-220.0
2093,34.87676826295016,308,906,568,970,438.0,938.0,-203.0
2094,34.89343179293723,307,922,569,984,438.0,953.0,-188.0
2095,34.910095322924306,309,932,570,994,439.5,963.0,-178.0
2096,34.926758852911384,310,940,570,1002,440.0,971.0,-170.0
2097,34.94342238289846,310,942,571,1002,440.5,972.0,-169.0
2098,34.96008591288554,312,939,574,999,443.0,969.0,-172.0
2099,34.97674944287261,313,929,574,991,443.5,960.0,-181.0
2100,34.99341297285969,313,917,575,980,444.0,948.5,-192.5
2101,35.010076502846765,314,904,573,966,443.5,935.0,-206.0
2102,35.02674003283384,314,889,575,952,444.5,920.5,-220.5
2103,35.04340356282091,314,876,575,939,444.5,907.5,-233.5
2104,35.06006709280799,315,860,576,922,445.5,891.0,-250.0
2105,35.07673062279507,314,843,577,907,445.5,875.0,-266.0
2106,35.093394152782146,315,823,576,887,445.5,855.0,-286.0
2107,35.11005768276922,314,803,577,867,445.5,835.0,-306.0
2108,35.126721212756294,316,784,576,848,446.0,816.0,-325.0
2109,35.14338474274337,314,768,576,830,445.0,799.0,-342.0
2110,35.16004827273045,314,753,576,816,445.0,784.5,-356.5
2111,35.17671180271753,313,743,575,806,444.0,774.5,-366.5
2112,35.1933753327046,313,741,574,803,443.5,772.0,-369.0
2113,35.210038862691675,312,740,575,802,443.5,771.0,-370.0
2114,35.22670239267875,311,743,573,806,442.0,774.5,-366.5
2115,35.24336592266583,310,748,571,811,440.5,779.5,-361.5
2116,35.2600294526529,309,755,571,818,440.0,786.5,-354.5
2117,35.27669298263998,309,762,571,826,440.0,794.0,-347.0
2118,35.29335651262706,308,774,572,837,440.0,805.5,-335.5
2119,35.310020042614134,308,789,569,852,438.5,820.5,-320.5
2120,35.32668357260121,308,805,570,868,439.0,836.5,-304.5
2121,35.34334710258828,310,824,568,888,439.0,856.0,-285.0
2122,35.36001063257536,309,846,569,910,439.0,878.0,-263.0
2123,35.37667416256244,311,868,568,930,439.5,899.0,-242.0
2124,35.393337692549515,308,887,569,949,438.5,918.0,-223.0
2125,35.410001222536586,308,902,570,964,439.0,933.0,-208.0
2126,35.42666475252366,308,913,570,976,439.0,944.5,-196.5
2127,35.44332828251074,308,921,569,984,438.5,952.5,-188.5
2128,35.45999181249782,306,927,569,989,437.5,958.0,-183.0
2129,35.47665534248489,309,930,570,992,439.5,961.0,-180.0
2130,35.49331887247197,308,931,570,993,439.0,962.0,-179.0
2131,35.509982402459045,308,931,571,992,439.5,961.5,-179.5
2132,35.52664593244612,310,927,571,988,440.5,957.5,-183.5
2133,35.5433094624332,310,918,573,981,441.5,949.5,-191.5
2134,35.55997299242027,311,905,573,968,442.0,936.5,-204.5
2135,35.57663652240735,313,889,573,952,443.0,920.5,-220.5
2136,35.593300052394426,314,869,573,932,443.5,900.5,-240.5
2137,35.6099635823815,316,848,574,911,445.0,879.5,-261.5
2138,35.626627112368574,315,828,575,892,445.0,860.0,-281.0
2139,35.64329064235565,315,812,576,876,445.5,844.0,-297.0
2140,35.65995417234273,314,798,577,859,445.5,828.5,-312.5
2141,35.67661770232981,313,784,576,846,444.5,815.0,-326.0
2142,35.693281232316885,314,772,575,834,444.5,803.0,-338.0
2143,35.709944762303955,313,762,576,824,444.5,793.0,-348.0
2144,35.72660829229103,311,753,575,815,443.0,784.0,-357.0
2145,35.74327182227811,313,745,575,808,444.0,776.5,-364.5
2146,35.75993535226519,312,740,575,803,443.5,771.5,-369.5
2147,35.77659888225226,312,740,575,803,443.5,771.5,-369.5
2148,35.793262412239336,313,745,575,808,444.0,776.5,-364.5
2149,35.809925942226414,312,755,574,818,443.0,786.5,-354.5
2150,35.82658947221349,312,770,573,832,442.5,801.0,-340.0
2151,35.84325300220057,312,785,572,848,442.0,816.5,-324.5
2152,35.85991653218764,311,802,574,865,442.5,833.5,-307.5
2153,35.87658006217472,311,820,570,882,440.5,851.0,-290.0
2154,35.893243592161795,311,836,570,898,440.5,867.0,-274.0
2155,35.90990712214887,311,851,570,913,440.5,882.0,-259.0
2156,35.92657065213594,311,866,571,928,441.0,897.0,-244.0
2157,35.94323418212302,311,881,570,944,440.5,912.5,-228.5
2158,35.9598977121101,309,897,570,959,439.5,928.0,-213.0
2159,35.976561242097176,309,912,569,974,439.0,943.0,-198.0
2160,35.99322477208425,308,926,571,987,439.5,956.5,-184.5
2161,36.009888302071325,309,933,571,994,440.0,963.5,-177.5
2162,36.0265518320584,309,935,570,996,439.5,965.5,-175.5
2163,36.04321536204548,308,933,570,994,439.0,963.5,-177.5
2164,36.05987889203256,308,926,571,988,439.5,957.0,-184.0
2165,36.07654242201963,309,916,571,978,440.0,947.0,-194.0
2166,36.093205952006706,310,904,570,966,440.0,935.0,-206.0
2167,36.10986948199378,311,892,572,954,441.5,923.0,-218.0
2168,36.12653301198086,310,878,571,941,440.5,909.5,-231.5
2169,36.14319654196793,310,865,572,927,441.0,896.0,-245.0
2170,36.15986007195501,310,849,571,912,440.5,880.5,-260.5
2171,36.17652360194209,310,831,572,894,441.0,862.5,-278.5
2172,36.193187131929164,312,813,573,874,442.5,843.5,-297.5
2173,36.20985066191624,312,795,573,856,442.5,825.5,-315.5
2174,36.22651419190331,314,777,575,840,444.5,808.5,-332.5
2175,36.24317772189039,312,764,575,825,443.5,794.5,-346.5
2176,36.25984125187747,312,754,576,817,444.0,785.5,-355.5
2177,36.276504781864546,313,748,574,810,443.5,779.0,-362.0
2178,36.293168311851616,312,747,574,810,443.0,778.5,-362.5
2179,36.309831841838694,313,749,574,812,443.5,780.5,-360.5
2180,36.32649537182577,312,753,573,816,442.5,784.5,-356.5
2181,36.34315890181285,312,757,574,820,443.0,788.5,-352.5
2182,36.35982243179992,312,765,574,828,443.0,796.5,-344.5
2183,36.376485961787,314,774,575,836,444.5,805.0,-336.0
2184,36.393149491774075,313,786,575,848,444.0,817.0,-324.0
2185,36.40981302176115,314,802,575,864,444.5,833.0,-308.0
2186,36.42647655174823,312,819,574,883,443.0,851.0,-290.0
2187,36.4431400817353,312,839,574,902,443.0,870.5,-270.5
2188,36.45980361172238,311,858,571,921,441.0,889.5,-251.5
2189,36.476467141709456,311,875,573,940,442.0,907.5,-233.5
2190,36.493130671696534,310,893,572,955,441.0,924.0,-217.0
2191,36.509794201683604,309,905,570,966,439.5,935.5,-205.5
2192,36.52645773167068,309,912,570,974,439.5,943.0,-198.0
2193,36.54312126165776,309,919,570,980,439.5,949.5,-191.5
2194,36.55978479164484,309,922,570,985,439.5,953.5,-187.5
2195,36.576448321631915,309,924,569,986,439.0,955.0,-186.0
2196,36.593111851618985,309,925,570,987,439.5,956.0,-185.0
2197,36.60977538160606,310,923,570,985,440.0,954.0,-187.0
2198,36.62643891159314,308,916,569,979,438.5,947.5,-193.5
2199,36.64310244158022,309,906,570,968,439.5,937.0,-204.0
2200,36.65976597156729,310,891,569,953,439.5,922.0,-219.0
2201,36.67642950155437,309,873,569,936,439.0,904.5,-236.5
2202,36.693093031541444,310,853,570,916,440.0,884.5,-256.5
2203,36.70975656152852,311,835,570,898,440.5,866.5,-274.5
2204,36.72642009151559,310,819,569,882,439.5,850.5,-290.5
2205,36.74308362150267,310,807,571,869,440.5,838.0,-303.0
2206,36.75974715148975,310,792,571,855,440.5,823.5,-317.5
2207,36.776410681476825,309,781,572,844,440.5,812.5,-328.5
2208,36.7930742114639,310,768,574,832,442.0,800.0,-341.0
2209,36.809737741450974,311,760,573,823,442.0,791.5,-349.5
2210,36.82640127143805,311,753,574,814,442.5,783.5,-357.5
2211,36.84306480142513,312,748,576,810,444.0,779.0,-362.0
2212,36.85972833141221,312,746,576,809,444.0,777.5,-363.5
2213,36.87639186139928,313,749,577,812,445.0,780.5,-360.5
2214,36.893055391386355,314,758,575,821,444.5,789.5,-351.5
2215,36.90971892137343,313,772,576,834,444.5,803.0,-338.0
2216,36.92638245136051,314,786,574,848,444.0,817.0,-324.0
2217,36.94304598134759,314,801,576,862,445.0,831.5,-309.5
2218,36.95970951133466,314,816,575,878,444.5,847.0,-294.0
2219,36.976373041321736,314,830,577,892,445.5,861.0,-280.0
2220,36.993036571308814,315,845,575,907,445.0,876.0,-265.0
2221,37.00970010129589,314,859,574,922,444.0,890.5,-250.5
2222,37.02636363128296,315,874,575,936,445.0,905.0,-236.0
2223,37.04302716127004,313,889,573,951,443.0,920.0,-221.0
2224,37.05969069125712,313,903,573,966,443.0,934.5,-206.5
2225,37.076354221244195,311,916,572,978,441.5,947.0,-194.0
2226,37.09301775123127,310,925,573,986,441.5,955.5,-185.5
2227,37.10968128121834,310,927,573,990,441.5,958.5,-182.5
2228,37.12634481120542,310,926,572,989,441.0,957.5,-183.5
2229,37.1430083411925,308,921,570,984,439.0,952.5,-188.5
2230,37.159671871179576,309,913,570,975,439.5,944.0,-197.0
2231,37.17633540116665,308,904,569,966,438.5,935.0,-206.0
2232,37.192998931153724,306,892,569,955,437.5,923.5,-217.5
2233,37.2096624611408,307,880,568,943,437.5,911.5,-229.5
2234,37.22632599112788,307,868,569,930,438.0,899.0,-242.0
2235,37.24298952111495,307,855,569,917,438.0,886.0,-255.0
2236,37.25965305110203,307,838,568,900,437.5,869.0,-272.0
2237,37.276316581089105,307,820,569,884,438.0,852.0,-289.0
2238,37.29298011107618,307,802,570,864,438.5,833.0,-308.0
2239,37.30964364106326,307,786,569,849,438.0,817.5,-323.5
2240,37.32630717105033,308,772,569,835,438.5,803.5,-337.5
2241,37.34297070103741,308,763,571,824,439.5,793.5,-347.5
2242,37.359634231024486,308,757,571,819,439.5,788.0,-353.0
2243,37.376297761011564,309,755,572,818,440.5,786.5,-354.5
2244,37.392961290998635,308,755,571,818,439.5,786.5,-354.5
2245,37.40962482098571,311,757,573,820,442.0,788.5,-352.5
2246,37.42628835097279,311,761,573,824,442.0,792.5,-348.5
2247,37.44295188095987,313,767,574,830,443.5,798.5,-342.5
2248,37.459615410946945,314,774,576,836,445.0,805.0,-336.0
2249,37.476278940934016,315,783,576,847,445.5,815.0,-326.0
2250,37.49294247092109,315,799,576,860,445.5,829.5,-311.5
2251,37.50960600090817,315,814,577,878,446.0,846.0,-295.0
2252,37.52626953089525,314,833,578,896,446.0,864.5,-276.5
2253,37.54293306088232,317,852,576,915,446.5,883.5,-257.5
2254,37.5595965908694,315,868,576,932,445.5,900.0,-241.0
2255,37.576260120856475,314,885,576,946,445.0,915.5,-225.5
2256,37.59292365084355,315,897,575,958,445.0,927.5,-213.5
2257,37.60958718083062,314,905,576,966,445.0,935.5,-205.5
2258,37.6262507108177,315,910,575,972,445.0,941.0,-200.0
2259,37.64291424080478,314,914,575,977,444.5,945.5,-195.5
2260,37.659577770791856,314,919,576,981,445.0,950.0,-191.0
2261,37.67624130077893,312,920,574,982,443.0,951.0,-190.0
2262,37.692904830766004,312,921,574,982,443.0,951.5,-189.5
2263,37.70956836075308,310,915,572,975,441.0,945.0,-196.0
2264,37.72623189074016,309,905,571,966,440.0,935.5,-205.5
2265,37.74289542072724,308,892,570,954,439.0,923.0,-218.0
2266,37.75955895071431,309,875,569,938,439.0,906.5,-234.5
2267,37.776222480701385,308,858,569,920,438.5,889.0,-252.0
2268,37.79288601068846,307,841,567,904,437.0,872.5,-268.5
2269,37.80954954067554,308,825,568,888,438.0,856.5,-284.5
2270,37.82621307066262,305,812,567,874,436.0,843.0,-298.0
2271,37.84287660064969,307,800,568,862,437.5,831.0,-310.0
2272,37.859540130636766,305,788,568,852,436.5,820.0,-321.0
2273,37.876203660623844,305,778,570,840,437.5,809.0,-332.0
2274,37.89286719061092,307,768,569,831,438.0,799.5,-341.5
2275,37.90953072059799,308,760,571,822,439.5,791.0,-350.0
2276,37.92619425058507,307,754,571,817,439.0,785.5,-355.5
2277,37.94285778057215,308,752,571,814,439.5,783.0,-358.0
2278,37.959521310559225,309,754,571,816,440.0,785.0,-356.0
2279,37.976184840546296,310,759,572,824,441.0,791.5,-349.5
2280,37.99284837053337,312,770,574,834,443.0,802.0,-339.0
2281,38.00951190052045,312,784,574,847,443.0,815.5,-325.5
2282,38.02617543050753,313,798,575,861,444.0,829.5,-311.5
2283,38.042838960494606,314,811,576,874,445.0,842.5,-298.5
2284,38.05950249048168,316,824,577,887,446.5,855.5,-285.5
2285,38.076166020468754,315,838,578,900,446.5,869.0,-272.0
2286,38.09282955045583,316,852,577,914,446.5,883.0,-258.0
2287,38.10949308044291,316,865,577,928,446.5,896.5,-244.5
2288,38.12615661042998,316,880,578,943,447.0,911.5,-229.5
2289,38.14282014041706,317,894,579,957,448.0,925.5,-215.5
2290,38.159483670404136,316,906,578,969,447.0,937.5,-203.5
2291,38.17614720039121,315,916,577,978,446.0,947.0,-194.0
2292,38.19281073037829,315,921,577,983,446.0,952.0,-189.0
2293,38.20947426036536,314,921,577,983,445.5,952.0,-189.0
2294,38.22613779035244,314,917,576,979,445.0,948.0,-193.0
2295,38.24280132033952,312,910,575,972,443.5,941.0,-200.0
2296,38.259464850326594,312,902,573,964,442.5,933.0,-208.0
2297,38.276128380313665,311,893,572,954,441.5,923.5,-217.5
2298,38.29279191030074,311,883,572,944,441.5,913.5,-227.5
2299,38.30945544028782,310,871,571,935,440.5,903.0,-238.0
2300,38.3261189702749,309,858,569,921,439.0,889.5,-251.5
2301,38.342782500261976,308,842,570,907,439.0,874.5,-266.5
2302,38.359446030249046,307,828,568,891,437.5,859.5,-281.5
2303,38.376109560236124,308,810,568,872,438.0,841.0,-300.0
2304,38.3927730902232,306,792,568,856,437.0,824.0,-317.0
2305,38.40943662021028,306,780,569,842,437.5,811.0,-330.0
2306,38.42610015019735,305,770,568,833,436.5,801.5,-339.5
2307,38.44276368018443,305,764,569,827,437.0,795.5,-345.5
2308,38.459427210171505,304,762,568,824,436.0,793.0,-348.0
2309,38.47609074015858,306,760,569,823,437.5,791.5,-349.5
2310,38.49275427014565,306,763,570,824,438.0,793.5,-347.5
2311,38.50941780013273,308,766,571,828,439.5,797.0,-344.0
2312,38.52608133011981,309,769,571,832,440.0,800.5,-340.5
2313,38.542744860106886,310,776,573,838,441.5,807.0,-334.0
2314,38.559408390093964,311,784,573,846,442.0,815.0,-326.0
2315,38.576071920081034,314,795,574,858,444.0,826.5,-314.5
2316,38.59273545006811,314,811,576,874,445.0,842.5,-298.5
2317,38.60939898005519,314,828,576,892,445.0,860.0,-281.0
2318,38.62606251004227,315,846,576,909,445.5,877.5,-263.5
2319,38.64272604002934,316,860,578,925,447.0,892.5,-248.5
2320,38.659389570016415,317,875,580,938,448.5,906.5,-234.5
2321,38.67605310000349,317,887,579,948,448.0,917.5,-223.5
2322,38.69271662999057,318,896,579,958,448.5,927.0,-214.0
2323,38.70938015997765,318,903,578,964,448.0,933.5,-207.5
2324,38.72604368996472,319,908,579,970,449.0,939.0,-202.0
2325,38.7427072199518,317,911,578,974,447.5,942.5,-198.5
2326,38.759370749938874,317,914,578,976,447.5,945.0,-196.0
2327,38.77603427992595,315,916,577,978,446.0,947.0,-194.0
2328,38.79269780991302,314,912,577,973,445.5,942.5,-198.5
2329,38.8093613399001,313,903,575,964,444.0,933.5,-207.5
2330,38.82602486988718,311,889,574,953,442.5,921.0,-220.0
2331,38.842688399874255,311,878,572,939,441.5,908.5,-232.5
2332,38.859351929861326,310,862,572,924,441.0,893.0,-248.0
2333,38.876015459848404,308,846,571,908,439.5,877.0,-264.0
2334,38.89267898983548,308,831,570,894,439.0,862.5,-278.5
2335,38.90934251982256,307,818,569,881,438.0,849.5,-291.5
2336,38.92600604980964,306,808,569,870,437.5,839.0,-302.0
2337,38.94266957979671,305,797,568,858,436.5,827.5,-313.5
2338,38.959333109783785,304,786,568,849,436.0,817.5,-323.5
2339,38.97599663977086,303,775,567,838,435.0,806.5,-334.5
2340,38.99266016975794,304,767,567,830,435.5,798.5,-342.5
2341,39.00932369974501,304,760,566,823,435.0,791.5,-349.5
2342,39.02598722973209,305,758,567,821,436.0,789.5,-351.5
2343,39.042650759719166,305,759,567,821,436.0,790.0,-351.0
2344,39.05931428970624,306,764,569,826,437.5,795.0,-346.0
2345,39.07597781969332,307,773,570,836,438.5,804.5,-336.5
2346,39.09264134968039,308,785,569,847,438.5,816.0,-325.0
2347,39.10930487966747,308,797,571,860,439.5,828.5,-312.5
2348,39.12596840965455,310,809,572,872,441.0,840.5,-300.5
2349,39.142631939641625,311,819,573,884,442.0,851.5,-289.5
2350,39.159295469628695,313,833,575,896,444.0,864.5,-276.5
2351,39.17595899961577,315,845,576,908,445.5,876.5,-264.5
2352,39.19262252960285,315,859,576,922,445.5,890.5,-250.5
2353,39.20928605958993,316,874,577,936,446.5,905.0,-236.0
2354,39.225949589577,316,889,578,950,447.0,919.5,-221.5
2355,39.242613119564076,317,899,577,962,447.0,930.5,-210.5
2356,39.259276649551154,317,909,581,970,449.0,939.5,-201.5
2357,39.27594017953823,316,915,579,976,447.5,945.5,-195.5
2358,39.29260370952531,315,915,579,976,447.0,945.5,-195.5
2359,39.30926723951238,316,912,579,973,447.5,942.5,-198.5
2360,39.32593076949946,316,906,577,968,446.5,937.0,-204.0
2361,39.342594299486535,317,899,577,961,447.0,930.0,-211.0
2362,39.35925782947361,315,891,576,954,445.5,922.5,-218.5
2363,39.37592135946068,314,883,576,945,445.0,914.0,-227.0
2364,39.39258488944776,313,873,575,936,444.0,904.5,-236.5
2365,39.40924841943484,311,861,573,924,442.0,892.5,-248.5
2366,39.425911949421916,310,847,572,910,441.0,878.5,-262.5
2367,39.442575479408994,309,832,570,896,439.5,864.0,-277.0
2368,39.459239009396065,309,815,568,880,438.5,847.5,-293.5
2369,39.47590253938314,306,798,568,863,437.0,830.5,-310.5
2370,39.49256606937022,305,787,568,850,436.5,818.5,-322.5
2371,39.5092295993573,306,778,568,840,437.0,809.0,-332.0
2372,39.52589312934437,305,772,567,834,436.0,803.0,-338.0
2373,39.542556659331446,305,770,567,832,436.0,801.0,-340.0
2374,39.55922018931852,305,768,567,830,436.0,799.0,-342.0
2375,39.5758837193056,304,767,568,830,436.0,798.5,-342.5
2376,39.59254724929268,305,769,568,831,436.5,800.0,-341.0
2377,39.60921077927975,305,772,568,834,436.5,803.0,-338.0
2378,39.62587430926683,306,777,569,839,437.5,808.0,-333.0
2379,39.642537839253905,307,785,570,847,438.5,816.0,-325.0
2380,39.65920136924098,309,796,569,858,439.0,827.0,-314.0
2381,39.67586489922805,310,808,570,871,440.0,839.5,-301.5
2382,39.69252842921513,310,824,572,887,441.0,855.5,-285.5
2383,39.70919195920221,311,842,573,904,442.0,873.0,-268.0
2384,39.725855489189286,312,856,574,920,443.0,888.0,-253.0
2385,39.742519019176356,313,869,576,931,444.5,900.0,-241.0
2386,39.759182549163434,315,881,576,942,445.5,911.5,-229.5
2387,39.77584607915051,315,888,577,950,446.0,919.0,-222.0
2388,39.79250960913759,316,895,576,958,446.0,926.5,-214.5
2389,39.80917313912467,316,901,577,963,446.5,932.0,-209.0
2390,39.82583666911174,317,905,578,967,447.5,936.0,-205.0
2391,39.842500199098815,316,909,578,970,447.0,939.5,-201.5
2392,39.85916372908589,317,909,579,970,448.0,939.5,-201.5
2393,39.87582725907297,316,908,578,970,447.0,939.0,-202.0
2394,39.89249078906004,315,901,577,964,446.0,932.5,-208.5
2395,39.90915431904712,316,888,577,952,446.5,920.0,-221.0
2396,39.925817849034196,315,877,576,940,445.5,908.5,-232.5
2397,39.942481379021274,313,863,576,925,444.5,894.0,-247.0
2398,39.95914490900835,313,849,575,912,444.0,880.5,-260.5
2399,39.97580843899542,311,836,574,898,442.5,867.0,-274.0
2400,39.9924719689825,311,824,573,887,442.0,855.5,-285.5
2401,40.00913549896958,309,814,571,876,440.0,845.0,-296.0
2402,40.025799028956655,309,804,570,866,439.5,835.0,-306.0
2403,40.042462558943726,307,793,569,855,438.0,824.0,-317.0
2404,40.0591260889308,306,783,568,845,437.0,814.0,-327.0
2405,40.07578961891788,305,773,568,836,436.5,804.5,-336.5
2406,40.09245314890496,305,767,567,829,436.0,798.0,-343.0
2407,40.10911667889203,305,763,568,826,436.5,794.5,-346.5
2408,40.12578020887911,304,764,568,826,436.0,795.0,-346.0
2409,40.142443738866184,304,767,568,830,436.0,798.5,-342.5
2410,40.15910726885326,305,776,566,838,435.5,807.0,-334.0
2411,40.17577079884034,305,785,566,847,435.5,816.0,-325.0
2412,40.19243432882741,305,796,568,859,436.5,827.5,-313.5
2413,40.20909785881449,307,807,569,870,438.0,838.5,-302.5
2414,40.225761388801565,309,818,570,881,439.5,849.5,-291.5
2415,40.24242491878864,309,828,570,891,439.5,859.5,-281.5
2416,40.259088448775714,311,840,572,902,441.5,871.0,-270.0
2417,40.27575197876279,312,853,572,915,442.0,884.0,-257.0
2418,40.29241550874987,313,866,574,928,443.5,897.0,-244.0
2419,40.30907903873695,313,879,575,942,444.0,910.5,-230.5
2420,40.325742568724024,314,892,576,953,445.0,922.5,-218.5
2421,40.342406098711095,315,901,576,962,445.5,931.5,-209.5
2422,40.35906962869817,316,907,577,969,446.5,938.0,-203.0
2423,40.37573315868525,315,908,578,970,446.5,939.0,-202.0
2424,40.39239668867233,315,906,577,968,446.0,937.0,-204.0
2425,40.4090602186594,317,902,577,964,447.0,933.0,-208.0
2426,40.425723748646476,318,896,578,958,448.0,927.0,-214.0
2427,40.442387278633554,318,890,577,952,447.5,921.0,-220.0
2428,40.45905080862063,316,882,577,944,446.5,913.0,-228.0
2429,40.47571433860771,315,875,577,936,446.0,905.5,-235.5
2430,40.49237786859478,315,864,576,926,445.5,895.0,-246.0
2431,40.50904139858186,314,852,575,914,444.5,883.0,-258.0
2432,40.525704928568935,314,837,575,900,444.5,868.5,-272.5
2433,40.54236845855601,311,822,574,885,442.5,853.5,-287.5
2434,40.55903198854308,311,808,572,870,441.5,839.0,-302.0
2435,40.57569551853016,309,795,571,857,440.0,826.0,-315.0
2436,40.59235904851724,310,786,570,846,440.0,816.0,-325.0
2437,40.609022578504316,308,779,570,842,439.0,810.5,-330.5
2438,40.62568610849139,308,776,570,838,439.0,807.0,-334.0
2439,40.642349638478464,306,775,568,836,437.0,805.5,-335.5
2440,40.65901316846554,305,775,568,836,436.5,805.5,-335.5
2441,40.67567669845262,305,775,568,836,436.5,805.5,-335.5
2442,40.6923402284397,305,775,568,837,436.5,806.0,-335.0
2443,40.70900375842677,305,779,567,842,436.0,810.5,-330.5
2444,40.725667288413845,306,785,568,847,437.0,816.0,-325.0
2445,40.74233081840092,305,794,568,858,436.5,826.0,-315.0
2446,40.758994348388,306,807,568,870,437.0,838.5,-302.5
2447,40.77565787837507,306,820,568,884,437.0,852.0,-289.0
2448,40.79232140836215,307,836,570,899,438.5,867.5,-273.5
2449,40.80898493834923,308,850,569,914,438.5,882.0,-259.0
2450,40.825648468336304,308,865,569,926,438.5,895.5,-245.5
2451,40.84231199832338,310,873,571,936,440.5,904.5,-236.5
2452,40.85897552831045,311,882,572,944,441.5,913.0,-228.0
2453,40.87563905829753,311,889,574,951,442.5,920.0,-221.0
2454,40.89230258828461,312,895,575,956,443.5,925.5,-215.5
2455,40.908966118271685,315,900,575,962,445.0,931.0,-210.0
2456,40.925629648258756,313,903,576,965,444.5,934.0,-207.0
2457,40.94229317824583,315,905,575,966,445.0,935.5,-205.5
2458,40.95895670823291,315,904,575,966,445.0,935.0,-206.0
2459,40.97562023821999,315,899,577,961,446.0,930.0,-211.0
2460,40.99228376820706,315,889,578,952,446.5,920.5,-220.5
2461,41.00894729819414,316,878,577,941,446.5,909.5,-231.5
2462,41.025610828181215,315,866,576,928,445.5,897.0,-244.0
2463,41.04227435816829,315,853,576,915,445.5,884.0,-257.0
2464,41.05893788815537,315,842,576,903,445.5,872.5,-268.5
2465,41.07560141814244,313,831,576,892,444.5,861.5,-279.5
2466,41.09226494812952,313,821,576,882,444.5,851.5,-289.5
2467,41.108928478116596,313,809,574,871,443.5,840.0,-301.0
2468,41.12559200810367,311,799,573,862,442.0,830.5,-310.5
2469,41.142255538090744,310,791,573,853,441.5,822.0,-319.0
2470,41.15891906807782,310,781,572,844,441.0,812.5,-328.5
2471,41.1755825980649,310,774,571,836,440.5,805.0,-336.0
2472,41.19224612805198,309,769,570,832,439.5,800.5,-340.5
2473,41.208909658039055,309,769,570,832,439.5,800.5,-340.5
2474,41.225573188026125,308,771,570,835,439.0,803.0,-338.0
2475,41.2422367180132,306,779,568,842,437.0,810.5,-330.5
2476,41.25890024800028,305,787,568,850,436.5,818.5,-322.5
2477,41.27556377798736,305,796,568,860,436.5,828.0,-313.0
2478,41.29222730797443,305,807,568,869,436.5,838.0,-303.0
2479,41.308890837961506,306,815,568,879,437.0,847.0,-294.0
2480,41.325554367948584,307,825,567,888,437.0,856.5,-284.5
2481,41.34221789793566,308,835,569,898,438.5,866.5,-274.5
2482,41.35888142792273,308,846,569,910,438.5,878.0,-263.0
2483,41.37554495790981,309,860,570,922,439.5,891.0,-250.0
2484,41.39220848789689,308,874,570,936,439.0,905.0,-236.0
2485,41.408872017883965,311,887,571,948,441.0,917.5,-223.5
2486,41.42553554787104,310,895,571,956,440.5,925.5,-215.5
2487,41.44219907785811,311,900,573,962,442.0,931.0,-210.0
2488,41.45886260784519,311,904,574,964,442.5,934.0,-207.0
2489,41.47552613783227,312,903,574,964,443.0,933.5,-207.5
2490,41.492189667819346,312,900,575,960,443.5,930.0,-211.0
2491,41.50885319780642,314,894,576,955,445.0,924.5,-216.5
2492,41.525516727793494,315,889,576,950,445.5,919.5,-221.5
2493,41.54218025778057,316,883,577,944,446.5,913.5,-227.5
2494,41.55884378776765,316,876,578,938,447.0,907.0,-234.0
2495,41.57550731775473,315,867,577,929,446.0,898.0,-243.0
2496,41.5921708477418,314,854,576,917,445.0,885.5,-255.5
2497,41.608834377728876,313,842,576,904,444.5,873.0,-268.0
2498,41.62549790771595,314,826,576,888,445.0,857.0,-284.0
2499,41.64216143770303,314,812,576,876,445.0,844.0,-297.0
2500,41.6588249676901,312,802,576,863,444.0,832.5,-308.5
2501,41.67548849767718,312,792,575,854,443.5,823.0,-318.0
2502,41.69215202766426,309,784,574,848,441.5,816.0,-325.0
2503,41.708815557651334,309,780,574,844,441.5,812.0,-329.0
2504,41.72547908763841,309,779,574,842,441.5,810.5,-330.5
2505,41.74214261762548,309,778,574,840,441.5,809.0,-332.0
2506,41.75880614761256,308,776,573,840,440.5,808.0,-333.0
2507,41.77546967759964,308,776,572,840,440.0,808.0,-333.0
2508,41.792133207586716,308,780,570,843,439.0,811.5,-329.5
2509,41.808796737573786,307,786,570,849,438.5,817.5,-323.5
2510,41.825460267560864,307,795,568,857,437.5,826.0,-315.0
2511,41.84212379754794,307,805,568,868,437.5,836.5,-304.5
2512,41.85878732753502,307,819,568,882,437.5,850.5,-290.5
2513,41.87545085752209,307,833,568,894,437.5,863.5,-277.5
2514,41.89211438750917,306,847,569,908,437.5,877.5,-263.5
2515,41.908777917496245,307,859,569,920,438.0,889.5,-251.5
2516,41.92544144748332,308,869,570,930,439.0,899.5,-241.5
2517,41.9421049774704,308,876,570,938,439.0,907.0,-234.0
2518,41.95876850745747,308,882,569,943,438.5,912.5,-228.5
2519,41.97543203744455,309,888,571,950,440.0,919.0,-222.0
2520,41.992095567431626,310,894,572,956,441.0,925.0,-216.0
2521,42.008759097418704,309,898,573,960,441.0,929.0,-212.0
2522,42.025422627405774,310,901,574,962,442.0,931.5,-209.5
2523,42.04208615739285,311,899,573,961,442.0,930.0,-211.0
2524,42.05874968737993,311,896,574,958,442.5,927.0,-214.0
2525,42.07541321736701,314,890,576,951,445.0,920.5,-220.5
2526,42.092076747354085,313,878,574,940,443.5,909.0,-232.0
2527,42.108740277341155,315,866,576,930,445.5,898.0,-243.0
2528,42.12540380732823,315,854,576,916,445.5,885.0,-256.0
2529,42.14206733731531,315,844,577,906,446.0,875.0,-266.0
2530,42.15873086730239,315,834,578,896,446.5,865.0,-276.0
2531,42.17539439728946,315,825,577,887,446.0,856.0,-285.0
2532,42.19205792727654,314,814,576,877,445.0,845.5,-295.5
2533,42.208721457263614,314,805,575,868,444.5,836.5,-304.5
2534,42.22538498725069,313,795,576,858,444.5,826.5,-314.5
2535,42.24204851723776,312,786,576,850,444.0,818.0,-323.0
2536,42.25871204722484,311,778,575,842,443.0,810.0,-331.0
2537,42.27537557721192,311,774,575,836,443.0,805.0,-336.0
2538,42.292039107198995,310,773,573,836,441.5,804.5,-336.5
2539,42.30870263718607,310,774,573,838,441.5,806.0,-335.0
2540,42.325366167173144,310,780,572,844,441.0,812.0,-329.0
2541,42.34202969716022,309,786,571,850,440.0,818.0,-323.0
2542,42.3586932271473,309,796,572,859,440.5,827.5,-313.5
2543,42.37535675713438,308,805,570,867,439.0,836.0,-305.0
2544,42.39202028712145,308,812,570,876,439.0,844.0,-297.0
2545,42.408683817108525,308,822,570,885,439.0,853.5,-287.5
2546,42.4253473470956,307,832,568,896,437.5,864.0,-277.0
2547,42.44201087708268,307,842,569,906,438.0,874.0,-267.0
2548,42.45867440706976,307,854,569,917,438.0,885.5,-255.5
2549,42.47533793705683,307,867,570,930,438.5,898.5,-242.5
2550,42.492001467043906,308,879,570,941,439.0,910.0,-231.0
2551,42.508664997030984,307,888,571,950,439.0,919.0,-222.0
2552,42.52532852701806,309,895,571,956,440.0,925.5,-215.5
2553,42.54199205700513,308,896,572,958,440.0,927.0,-214.0
2554,42.55865558699221,309,896,572,958,440.5,927.0,-214.0
2555,42.57531911697929,309,894,572,956,440.5,925.0,-216.0
2556,42.591982646966365,311,891,574,953,442.5,922.0,-219.0
2557,42.608646176953435,311,886,573,948,442.0,917.0,-224.0
2558,42.62530970694051,311,881,574,943,442.5,912.0,-229.0
2559,42.64197323692759,312,874,574,937,443.0,905.5,-235.5
2560,42.65863676691467,311,868,575,929,443.0,898.5,-242.5
2561,42.675300296901746,313,858,575,919,444.0,888.5,-252.5
2562,42.691963826888816,313,845,575,908,444.0,876.5,-264.5
2563,42.708627356875894,312,831,575,894,443.5,862.5,-278.5
2564,42.72529088686297,314,818,575,880,444.5,849.0,-292.0
2565,42.74195441685005,314,807,576,870,445.0,838.5,-302.5
2566,42.75861794683712,313,798,575,860,444.0,829.0,-312.0
2567,42.7752814768242,313,792,574,854,443.5,823.0,-318.0
2568,42.791945006811275,314,788,575,849,444.5,818.5,-322.5
2569,42.80860853679835,312,785,575,847,443.5,816.0,-325.0
2570,42.82527206678543,312,783,575,846,443.5,814.5,-326.5
2571,42.8419355967725,312,783,574,844,443.0,813.5,-327.5
2572,42.85859912675958,311,783,574,844,442.5,813.5,-327.5
2573,42.875262656746656,311,783,574,845,442.5,814.0,-327.0
2574,42.891926186733734,311,786,573,850,442.0,818.0,-323.0
2575,42.908589716720805,311,794,573,858,442.0,826.0,-315.0
2576,42.92525324670788,310,804,572,867,441.0,835.5,-305.5
2577,42.94191677669496,310,817,571,878,440.5,847.5,-293.5
2578,42.95858030668204,309,830,571,892,440.0,861.0,-280.0
2579,42.975243836669115,309,842,571,904,440.0,873.0,-268.0
2580,42.991907366656186,308,852,571,915,439.5,883.5,-257.5
2581,43.00857089664326,308,862,570,924,439.0,893.0,-248.0
2582,43.02523442663034,309,869,571,932,440.0,900.5,-240.5
2583,43.04189795661742,309,875,570,938,439.5,906.5,-234.5
2584,43.05856148660449,309,882,570,943,439.5,912.5,-228.5
2585,43.07522501659157,309,888,570,950,439.5,919.0,-222.0
2586,43.091888546578645,308,893,571,954,439.5,923.5,-217.5
2587,43.10855207656572,308,897,570,958,439.0,927.5,-213.5
2588,43.12521560655279,309,897,571,958,440.0,927.5,-213.5
2589,43.14187913653987,309,894,571,956,440.0,925.0,-216.0
2590,43.15854266652695,310,888,570,950,440.0,919.0,-222.0
2591,43.175206196514026,310,879,571,940,440.5,909.5,-231.5
2592,43.1918697265011,310,867,571,930,440.5,898.5,-242.5
2593,43.208533256488174,311,858,572,919,441.5,888.5,-252.5
2594,43.22519678647525,311,847,574,909,442.5,878.0,-263.0
2595,43.24186031646233,310,838,574,899,442.0,868.5,-272.5
2596,43.25852384644941,311,829,574,891,442.5,860.0,-281.0
2597,43.27518737643648,311,820,573,883,442.0,851.5,-289.5
2598,43.291850906423555,312,811,575,873,443.5,842.0,-299.0
2599,43.30851443641063,311,801,575,864,443.0,832.5,-308.5
2600,43.32517796639771,312,792,576,855,444.0,823.5,-317.5
2601,43.34184149638479,313,785,575,848,444.0,816.5,-324.5
2602,43.35850502637186,312,781,576,842,444.0,811.5,-329.5
2603,43.375168556358936,312,778,575,840,443.5,809.0,-332.0
2604,43.391832086346014,312,779,575,842,443.5,810.5,-330.5
2605,43.40849561633309,312,785,573,847,442.5,816.0,-325.0
2606,43.42515914632016,313,792,574,853,443.5,822.5,-318.5
2607,43.44182267630724,312,798,575,860,443.5,829.0,-312.0
2608,43.45848620629432,313,805,575,867,444.0,836.0,-305.0
2609,43.475149736281395,312,812,575,874,443.5,843.0,-298.0
2610,43.491813266268466,312,820,575,884,443.5,852.0,-289.0
2611,43.50847679625554,312,828,573,893,442.5,860.5,-280.5
2612,43.52514032624262,313,839,574,903,443.5,871.0,-270.0
2613,43.5418038562297,310,850,572,914,441.0,882.0,-259.0
2614,43.558467386216776,311,862,571,924,441.0,893.0,-248.0
2615,43.57513091620385,310,873,572,935,441.0,904.0,-237.0
2616,43.591794446190924,309,883,570,945,439.5,914.0,-227.0
2617,43.608457976178,310,889,570,952,440.0,920.5,-220.5
2618,43.62512150616508,310,892,571,954,440.5,923.0,-218.0
2619,43.64178503615215,309,892,571,954,440.0,923.0,-218.0
2620,43.65844856613923,309,891,571,953,440.0,922.0,-219.0
2621,43.675112096126306,309,888,570,950,439.5,919.0,-222.0
2622,43.69177562611338,309,886,570,947,439.5,916.5,-224.5
2623,43.70843915610046,308,881,570,942,439.0,911.5,-229.5
2624,43.72510268608753,309,875,570,937,439.5,906.0,-235.0
2625,43.74176621607461,309,868,570,930,439.5,899.0,-242.0
2626,43.75842974606169,309,861,571,922,440.0,891.5,-249.5
2627,43.775093276048764,309,849,571,910,440.0,879.5,-261.5
2628,43.791756806035835,310,836,572,898,441.0,867.0,-274.0
2629,43.80842033602291,310,824,572,886,441.0,855.0,-286.0
2630,43.82508386600999,312,812,573,874,442.5,843.0,-298.0
2631,43.84174739599707,311,804,574,866,442.5,835.0,-306.0
2632,43.85841092598414,311,797,574,859,442.5,828.0,-313.0
2633,43.875074455971216,311,792,575,855,443.0,823.5,-317.5
2634,43.891737985958294,311,789,574,852,442.5,820.5,-320.5
2635,43.90840151594537,311,788,575,850,443.0,819.0,-322.0
2636,43.92506504593245,311,786,574,848,442.5,817.0,-324.0
2637,43.94172857591952,312,787,574,848,443.0,817.5,-323.5
2638,43.9583921059066,312,787,575,848,443.5,817.5,-323.5
2639,43.975055635893675,312,790,574,851,443.0,820.5,-320.5
2640,43.99171916588075,313,795,574,858,443.5,826.5,-314.5
2641,44.00838269586782,314,805,576,866,445.0,835.5,-305.5
2642,44.0250462258549,313,815,574,878,443.5,846.5,-294.5
2643,44.04170975584198,313,827,575,889,444.0,858.0,-283.0
2644,44.058373285829056,314,839,575,900,444.5,869.5,-271.5
2645,44.075036815816134,313,848,575,911,444.0,879.5,-261.5
2646,44.091700345803204,313,857,575,920,444.0,888.5,-252.5
2647,44.10836387579028,311,865,573,928,442.0,896.5,-244.5
2648,44.12502740577736,312,871,574,933,443.0,902.0,-239.0
2649,44.14169093576444,311,878,573,939,442.0,908.5,-232.5
2650,44.15835446575151,310,884,573,945,441.5,914.5,-226.5
2651,44.175017995738585,310,889,572,950,441.0,919.5,-221.5
2652,44.19168152572566,310,893,571,954,440.5,923.5,-217.5
2653,44.20834505571274,308,894,571,956,439.5,925.0,-216.0
2654,44.22500858569982,308,892,571,953,439.5,922.5,-218.5
2655,44.24167211568689,310,886,570,948,440.0,917.0,-224.0
2656,44.25833564567397,309,878,571,940,440.0,909.0,-232.0
2657,44.274999175661044,309,869,570,930,439.5,899.5,-241.5
2658,44.29166270564812,308,859,569,921,438.5,890.0,-251.0
2659,44.30832623563519,309,850,570,912,439.5,881.0,-260.0
2660,44.32498976562227,308,841,569,904,438.5,872.5,-268.5
2661,44.34165329560935,309,833,571,895,440.0,864.0,-277.0
2662,44.358316825596425,309,825,571,888,440.0,856.5,-284.5
2663,44.374980355583496,309,816,571,878,440.0,847.0,-294.0
2664,44.39164388557057,309,806,572,869,440.5,837.5,-303.5
2665,44.40830741555765,310,798,573,860,441.5,829.0,-312.0
2666,44.42497094554473,310,790,572,852,441.0,821.0,-320.0
2667,44.44163447553181,311,785,573,848,442.0,816.5,-324.5
2668,44.45829800551888,310,784,573,845,441.5,814.5,-326.5
2669,44.474961535505955,311,784,573,846,442.0,815.0,-326.0
2670,44.49162506549303,312,786,574,850,443.0,818.0,-323.0
2671,44.50828859548011,312,792,572,854,442.0,823.0,-318.0
2672,44.52495212546718,312,799,574,860,443.0,829.5,-311.5
2673,44.54161565545426,313,805,576,868,444.5,836.5,-304.5
2674,44.558279185441336,313,812,574,874,443.5,843.0,-298.0
2675,44.57494271542841,314,818,574,880,444.0,849.0,-292.0
2676,44.59160624541549,314,826,574,888,444.0,857.0,-284.0
2677,44.60826977540256,314,836,575,898,444.5,867.0,-274.0
2678,44.62493330538964,314,847,576,908,445.0,877.5,-263.5
2679,44.64159683537672,314,857,575,920,444.5,888.5,-252.5
2680,44.658260365363795,313,868,575,930,444.0,899.0,-242.0
2681,44.674923895350865,312,876,574,939,443.0,907.5,-233.5
2682,44.69158742533794,312,883,575,946,443.5,914.5,-226.5
2683,44.70825095532502,312,887,573,948,442.5,917.5,-223.5
2684,44.7249144853121,312,887,573,948,442.5,917.5,-223.5
2685,44.74157801529917,312,886,573,948,442.5,917.0,-224.0
2686,44.758241545286246,312,884,572,946,442.0,915.0,-226.0
2687,44.774905075273324,311,882,571,944,441.0,913.0,-228.0
2688,44.7915686052604,312,879,571,942,441.5,910.5,-230.5
2689,44.80823213524748,310,875,571,936,440.5,905.5,-235.5
2690,44.82489566523455,312,869,571,930,441.5,899.5,-241.5
2691,44.84155919522163,309,860,571,923,440.0,891.5,-249.5
2692,44.858222725208705,308,850,570,913,439.0,881.5,-259.5
2693,44.87488625519578,309,840,569,902,439.0,871.0,-270.0
2694,44.89154978518285,309,828,571,890,440.0,859.0,-282.0
2695,44.90821331516993,309,817,570,879,439.5,848.0,-293.0
2696,44.92487684515701,308,808,570,870,439.0,839.0,-302.0
2697,44.941540375144086,309,802,570,864,439.5,833.0,-308.0
2698,44.958203905131164,308,798,570,860,439.0,829.0,-312.0
2699,44.974867435118234,309,795,570,857,439.5,826.0,-315.0
2700,44.99153096510531,309,792,571,854,440.0,823.0,-318.0
2701,45.00819449509239,311,789,570,852,440.5,820.5,-320.5
2702,45.02485802507947,311,789,571,851,441.0,820.0,-321.0
2703,45.04152155506654,311,788,572,851,441.5,819.5,-321.5
2704,45.058185085053616,311,789,572,853,441.5,821.0,-320.0
2705,45.07484861504069,312,795,574,858,443.0,826.5,-314.5
2706,45.09151214502777,313,804,575,866,444.0,835.0,-306.0
2707,45.10817567501484,314,814,574,876,444.0,845.0,-296.0
2708,45.12483920500192,312,825,575,886,443.5,855.5,-285.5
2709,45.141502734989,313,835,576,898,444.5,866.5,-274.5
2710,45.158166264976074,313,845,576,907,444.5,876.0,-265.0
2711,45.17482979496315,314,853,576,914,445.0,883.5,-257.5
2712,45.19149332495022,313,860,577,922,445.0,891.0,-250.0
2713,45.2081568549373,314,866,576,928,445.0,897.0,-244.0
2714,45.22482038492438,314,872,577,934,445.5,903.0,-238.0
2715,45.241483914911456,314,877,576,939,445.0,908.0,-233.0
2716,45.258147444898526,314,883,575,945,444.5,914.0,-227.0
2717,45.274810974885604,313,888,574,950,443.5,919.0,-222.0
2718,45.29147450487268,312,888,574,951,443.0,919.5,-221.5
2719,45.30813803485976,311,888,574,950,442.5,919.0,-222.0
2720,45.32480156484684,311,883,574,946,442.5,914.5,-226.5
2721,45.34146509483391,311,876,572,938,441.5,907.0,-234.0
2722,45.358128624820985,310,869,571,930,440.5,899.5,-241.5
2723,45.37479215480806,310,861,572,922,441.0,891.5,-249.5
2724,45.39145568479514,310,852,570,914,440.0,883.0,-258.0
2725,45.40811921478221,307,844,569,906,438.0,875.0,-266.0
2726,45.42478274476929,308,836,569,898,438.5,867.0,-274.0
2727,45.441446274756366,307,829,568,892,437.5,860.5,-280.5
2728,45.458109804743444,308,821,570,883,439.0,852.0,-289.0
2729,45.47477333473052,307,812,569,874,438.0,843.0,-298.0
2730,45.49143686471759,307,804,569,866,438.0,835.0,-306.0
2731,45.50810039470467,308,796,568,858,438.0,827.0,-314.0
2732,45.52476392469175,307,790,570,852,438.5,821.0,-320.0
2733,45.541427454678825,307,788,570,850,438.5,819.0,-322.0
2734,45.558090984665895,307,788,570,850,438.5,819.0,-322.0
2735,45.57475451465297,308,790,570,853,439.0,821.5,-319.5
2736,45.59141804464005,310,794,571,857,440.5,825.5,-315.5
2737,45.60808157462713,310,799,572,862,441.0,830.5,-310.5
2738,45.6247451046142,310,805,572,868,441.0,836.5,-304.5
2739,45.64140863460128,312,811,574,873,443.0,842.0,-299.0
2740,45.658072164588354,312,817,573,879,442.5,848.0,-293.0
2741,45.67473569457543,313,824,575,886,444.0,855.0,-286.0
2742,45.69139922456251,313,832,575,894,444.0,863.0,-278.0
2743,45.70806275454958,314,842,576,904,445.0,873.0,-268.0
2744,45.72472628453666,314,852,576,915,445.0,883.5,-257.5
2745,45.741389814523735,316,862,575,925,445.5,893.5,-247.5
2746,45.75805334451081,314,871,576,933,445.0,902.0,-239.0
2747,45.774716874497884,314,878,576,940,445.0,909.0,-232.0
2748,45.79138040448496,314,882,577,943,445.5,912.5,-228.5
2749,45.80804393447204,314,883,576,944,445.0,913.5,-227.5
2750,45.82470746445912,314,883,576,944,445.0,913.5,-227.5
2751,45.841370994446194,313,881,576,943,444.5,912.0,-229.0
2752,45.858034524433265,313,880,575,942,444.0,911.0,-230.0
2753,45.87469805442034,312,878,575,940,443.5,909.0,-232.0
2754,45.89136158440742,311,875,573,937,442.0,906.0,-235.0
2755,45.9080251143945,310,870,572,931,441.0,900.5,-240.5
2756,45.92468864438157,308,862,571,924,439.5,893.0,-248.0
2757,45.941352174368646,309,852,571,914,440.0,883.0,-258.0
2758,45.958015704355724,308,842,572,904,440.0,873.0,-268.0
2759,45.9746792343428,308,832,569,894,438.5,863.0,-278.0
2760,45.99134276432987,307,820,569,884,438.0,852.0,-289.0
2761,46.00800629431695,307,813,568,876,437.5,844.5,-296.5
2762,46.02466982430403,308,806,568,868,438.0,837.0,-304.0
2763,46.041333354291105,307,802,569,865,438.0,833.5,-307.5
2764,46.05799688427818,306,800,568,862,437.0,831.0,-310.0
2765,46.07466041426525,307,796,568,859,437.5,827.5,-313.5
2766,46.09132394425233,308,794,569,856,438.5,825.0,-316.0
2767,46.10798747423941,307,792,569,855,438.0,823.5,-317.5
2768,46.124651004226486,307,792,569,854,438.0,823.0,-318.0
2769,46.141314534213556,307,794,569,856,438.0,825.0,-316.0
2770,46.157978064200634,308,799,571,860,439.5,829.5,-311.5
2771,46.17464159418771,310,805,570,866,440.0,835.5,-305.5
2772,46.19130512417479,310,814,572,876,441.0,845.0,-296.0
2773,46.20796865416187,309,824,573,886,441.0,855.0,-286.0
2774,46.22463218414894,311,833,573,894,442.0,863.5,-277.5
2775,46.241295714136015,311,840,573,904,442.0,872.0,-269.0
2776,46.25795924412309,312,849,575,910,443.5,879.5,-261.5
2777,46.27462277411017,313,855,575,918,444.0,886.5,-254.5
2778,46.29128630409724,315,862,577,924,446.0,893.0,-248.0
2779,46.30794983408432,314,868,577,930,445.5,899.0,-242.0
2780,46.324613364071396,314,874,577,935,445.5,904.5,-236.5
2781,46.341276894058474,315,878,577,940,446.0,909.0,-232.0
2782,46.357940424045545,315,883,577,945,446.0,914.0,-227.0
2783,46.37460395403262,314,886,575,947,444.5,916.5,-224.5
2784,46.3912674840197,312,886,575,948,443.5,917.0,-224.0
2785,46.40793101400678,312,881,575,943,443.5,912.0,-229.0
2786,46.424594543993855,313,876,575,937,444.0,906.5,-234.5
2787,46.441258073980926,312,868,575,930,443.5,899.0,-242.0
2788,46.457921603968,312,860,574,922,443.0,891.0,-250.0
2789,46.47458513395508,311,854,574,916,442.5,885.0,-256.0
2790,46.49124866394216,310,847,573,909,441.5,878.0,-263.0
2791,46.50791219392923,309,840,571,902,440.0,871.0,-270.0
2792,46.52457572391631,310,833,572,894,441.0,863.5,-277.5
2793,46.541239253903385,308,825,570,887,439.0,856.0,-285.0
2794,46.55790278389046,308,818,570,879,439.0,848.5,-292.5
2795,46.57456631387754,308,810,570,870,439.0,840.0,-301.0
2796,46.59122984386461,307,801,568,862,437.5,831.5,-309.5
2797,46.60789337385169,306,795,569,858,437.5,826.5,-314.5
2798,46.624556903838766,306,792,568,855,437.0,823.5,-317.5
2799,46.64122043382584,306,792,568,855,437.0,823.5,-317.5
2800,46.657883963812914,306,794,568,856,437.0,825.0,-316.0
2801,46.67454749379999,306,798,569,860,437.5,829.0,-312.0
2802,46.69121102378707,308,802,569,864,438.5,833.0,-308.0
2803,46.70787455377415,308,806,570,868,439.0,837.0,-304.0
2804,46.724538083761225,308,812,571,873,439.5,842.5,-298.5
2805,46.741201613748295,310,817,572,878,441.0,847.5,-293.5
2806,46.75786514373537,310,823,572,884,441.0,853.5,-287.5
2807,46.77452867372245,310,830,572,892,441.0,861.0,-280.0
2808,46.79119220370953,310,839,572,901,441.0,870.0,-271.0
2809,46.8078557336966,313,849,575,911,444.0,880.0,-261.0
2810,46.824519263683676,312,859,574,921,443.0,890.0,-251.0
2811,46.841182793670754,313,867,575,928,444.0,897.5,-243.5
2812,46.85784632365783,313,874,575,935,444.0,904.5,-236.5
2813,46.8745098536449,315,877,576,939,445.5,908.0,-233.0
2814,46.89117338363198,314,878,576,941,445.0,909.5,-231.5
2815,46.90783691361906,314,878,577,941,445.5,909.5,-231.5
2816,46.924500443606135,314,878,577,941,445.5,909.5,-231.5
2817,46.94116397359321,314,877,576,938,445.0,907.5,-233.5
2818,46.95782750358028,314,875,576,937,445.0,906.0,-235.0
2819,46.97449103356736,314,873,576,935,445.0,904.0,-237.0
2820,46.99115456355444,313,870,576,931,444.5,900.5,-240.5
2821,47.007818093541516,312,864,575,924,443.5,894.0,-247.0
2822,47.02448162352859,312,854,575,915,443.5,884.5,-256.5
2823,47.041145153515664,311,844,575,907,443.0,875.5,-265.5
2824,47.05780868350274,310,835,574,897,442.0,866.0,-275.0
2825,47.07447221348982,310,826,573,888,441.5,857.0,-284.0
2826,47.0911357434769,309,818,570,880,439.5,849.0,-292.0
2827,47.10779927346397,308,812,570,874,439.0,843.0,-298.0
2828,47.124462803451046,308,808,570,869,439.0,838.5,-302.5
2829,47.14112633343812,307,804,570,866,438.5,835.0,-306.0
2830,47.1577898634252,307,802,570,863,438.5,832.5,-308.5
2831,47.17445339341227,308,798,570,860,439.0,829.0,-312.0
2832,47.19111692339935,308,796,570,858,439.0,827.0,-314.0
2833,47.20778045338643,308,795,570,857,439.0,826.0,-315.0
2834,47.224443983373504,308,796,569,858,438.5,827.0,-314.0
2835,47.241107513360575,307,800,569,861,438.0,830.5,-310.5
2836,47.25777104334765,308,805,571,868,439.5,836.5,-304.5
2837,47.27443457333473,308,813,570,874,439.0,843.5,-297.5
2838,47.29109810332181,309,821,571,883,440.0,852.0,-289.0
2839,47.307761633308886,310,831,571,892,440.5,861.5,-279.5
2840,47.324425163295956,309,838,572,900,440.5,869.0,-272.0
2841,47.341088693283034,311,846,572,908,441.5,877.0,-264.0
2842,47.35775222327011,311,851,573,912,442.0,881.5,-259.5
2843,47.37441575325719,313,857,574,918,443.5,887.5,-253.5
2844,47.39107928324426,313,863,575,924,444.0,893.5,-247.5
2845,47.40774281323134,313,869,576,930,444.5,899.5,-241.5
2846,47.424406343218415,314,874,577,936,445.5,905.0,-236.0
2847,47.44106987320549,315,879,576,940,445.5,909.5,-231.5
2848,47.45773340319257,315,882,576,942,445.5,912.0,-229.0
2849,47.47439693317964,316,882,577,942,446.5,912.0,-229.0
2850,47.49106046316672,315,879,575,940,445.0,909.5,-231.5
2851,47.507723993153796,316,874,577,935,446.5,904.5,-236.5
2852,47.524387523140874,314,867,578,929,446.0,898.0,-243.0
2853,47.541051053127944,314,861,577,922,445.5,891.5,-249.5
2854,47.55771458311502,315,854,575,916,445.0,885.0,-256.0
2855,47.5743781131021,313,848,574,910,443.5,879.0,-262.0
2856,47.59104164308918,313,842,575,904,444.0,873.0,-268.0
2857,47.607705173076255,312,835,575,898,443.5,866.5,-274.5
2858,47.624368703063325,311,828,575,890,443.0,859.0,-282.0
2859,47.6410322330504,311,820,574,883,442.5,851.5,-289.5
2860,47.65769576303748,311,813,573,876,442.0,844.5,-296.5
2861,47.67435929302456,309,806,572,868,440.5,837.0,-304.0
2862,47.69102282301163,309,799,571,860,440.0,829.5,-311.5
2863,47.70768635299871,309,796,571,858,440.0,827.0,-314.0
2864,47.724349882985784,308,796,571,858,439.5,827.0,-314.0
2865,47.74101341297286,308,797,570,859,439.0,828.0,-313.0
2866,47.75767694295993,307,800,570,863,438.5,831.5,-309.5
2867,47.77434047294701,307,803,569,866,438.0,834.5,-306.5
2868,47.79100400293409,308,808,569,870,438.5,839.0,-302.0
2869,47.807667532921165,307,811,570,874,438.5,842.5,-298.5
2870,47.82433106290824,307,816,570,878,438.5,847.0,-294.0
2871,47.84099459289531,308,821,570,883,439.0,852.0,-289.0
2872,47.85765812288239,307,827,570,890,438.5,858.5,-282.5
2873,47.87432165286947,308,835,571,898,439.5,866.5,-274.5
2874,47.89098518285655,309,845,571,908,440.0,876.5,-264.5
2875,47.90764871284362,309,855,572,916,440.5,885.5,-255.5
2876,47.924312242830695,309,862,573,925,441.0,893.5,-247.5
2877,47.94097577281777,312,868,573,930,442.5,899.0,-242.0
2878,47.95763930280485,311,872,574,934,442.5,903.0,-238.0
2879,47.97430283279193,311,874,574,936,442.5,905.0,-236.0
2880,47.990966362779,312,875,575,937,443.5,906.0,-235.0
2881,48.007629892766076,313,875,575,937,444.0,906.0,-235.0
2882,48.02429342275315,313,875,576,936,444.5,905.5,-235.5
2883,48.04095695274023,314,873,575,935,444.5,904.0,-237.0
2884,48.0576204827273,314,872,577,934,445.5,903.0,-238.0
2885,48.07428401271438,315,868,576,930,445.5,899.0,-242.0
2886,48.09094754270146,315,863,576,924,445.5,893.5,-247.5
2887,48.107611072688535,314,855,577,918,445.5,886.5,-254.5
2888,48.124274602675605,314,847,576,908,445.0,877.5,-263.5
2889,48.14093813266268,313,837,576,899,444.5,868.0,-273.0
2890,48.15760166264976,314,829,576,891,445.0,860.0,-281.0
2891,48.17426519263684,314,821,576,883,445.0,852.0,-289.0
2892,48.190928722623916,312,816,573,878,442.5,847.0,-294.0
2893,48.207592252610986,311,812,573,874,442.0,843.0,-298.0
2894,48.224255782598064,311,808,573,870,442.0,839.0,-302.0
2895,48.24091931258514,310,805,572,867,441.0,836.0,-305.0
2896,48.25758284257222,310,803,572,864,441.0,833.5,-307.5
2897,48.27424637255929,309,799,572,862,440.5,830.5,-310.5
2898,48.29090990254637,308,797,571,859,439.5,828.0,-313.0
2899,48.307573432533445,308,797,571,859,439.5,828.0,-313.0
2900,48.32423696252052,307,801,570,862,438.5,831.5,-309.5
2901,48.3409004925076,307,806,571,868,439.0,837.0,-304.0
2902,48.35756402249467,307,812,569,875,438.0,843.5,-297.5
2903,48.37422755248175,307,820,571,882,439.0,851.0,-290.0
2904,48.390891082468826,307,829,570,890,438.5,859.5,-281.5
2905,48.407554612455904,310,837,570,898,440.0,867.5,-273.5
2906,48.424218142442975,308,843,570,904,439.0,873.5,-267.5
2907,48.44088167243005,309,848,570,910,439.5,879.0,-262.0
2908,48.45754520241713,309,853,570,914,439.5,883.5,-257.5
2909,48.47420873240421,310,859,572,920,441.0,889.5,-251.5
2910,48.49087226239128,310,865,572,926,441.0,895.5,-245.5
2911,48.507535792378356,310,870,572,932,441.0,901.0,-240.0
2912,48.52419932236543,311,875,572,936,441.5,905.5,-235.5
2913,48.54086285235251,311,878,573,938,442.0,908.0,-233.0
2914,48.55752638233959,312,878,572,939,442.0,908.5,-232.5
2915,48.57418991232666,311,876,574,938,442.5,907.0,-234.0
2916,48.59085344231374,313,873,575,934,444.0,903.5,-237.5
2917,48.607516972300814,314,867,575,928,444.5,897.5,-243.5
2918,48.62418050228789,312,861,576,922,444.0,891.5,-249.5
2919,48.64084403227496,314,854,576,916,445.0,885.0,-256.0
2920,48.65750756226204,314,850,576,912,445.0,881.0,-260.0
2921,48.67417109224912,314,845,577,906,445.5,875.5,-265.5
2922,48.690834622236196,314,838,575,900,444.5,869.0,-272.0
2923,48.70749815222327,314,832,576,894,445.0,863.0,-278.0
2924,48.724161682210344,313,824,575,886,444.0,855.0,-286.0
2925,48.74082521219742,312,817,575,879,443.5,848.0,-293.0
2926,48.7574887421845,311,810,574,872,442.5,841.0,-300.0
2927,48.77415227217158,310,804,573,866,441.5,835.0,-306.0
2928,48.79081580215865,310,800,573,863,441.5,831.5,-309.5
2929,48.807479332145725,310,799,573,861,441.5,830.0,-311.0
2930,48.8241428621328,310,800,573,862,441.5,831.0,-310.0
2931,48.84080639211988,309,802,572,864,440.5,833.0,-308.0
2932,48.85746992210696,308,805,571,868,439.5,836.5,-304.5
2933,48.87413345209403,309,808,571,870,440.0,839.0,-302.0
2934,48.890796982081106,308,812,571,873,439.5,842.5,-298.5
2935,48.907460512068184,308,816,571,878,439.5,847.0,-294.0
2936,48.92412404205526,308,821,570,882,439.0,851.5,-289.5
2937,48.94078757204233,308,826,570,888,439.0,857.0,-284.0
2938,48.95745110202941,309,834,571,896,440.0,865.0,-276.0
2939,48.97411463201649,309,842,571,904,440.0,873.0,-268.0
2940,48.990778162003565,308,851,572,913,440.0,882.0,-259.0
2941,49.007441691990635,310,859,571,921,440.5,890.0,-251.0
2942,49.02410522197771,310,866,572,926,441.0,896.0,-245.0
2943,49.04076875196479,307,869,570,930,438.5,899.5,-241.5
2944,49.05743228195187,310,871,570,932,440.0,901.5,-239.5
2945,49.074095811938946,311,872,570,933,440.5,902.5,-238.5
2946,49.09075934192602,310,872,571,933,440.5,902.5,-238.5
2947,49.107422871913094,311,872,572,933,441.5,902.5,-238.5
2948,49.12408640190017,311,871,573,933,442.0,902.0,-239.0
2949,49.14074993188725,311,870,573,932,442.0,901.0,-240.0
2950,49.15741346187432,312,868,574,930,443.0,899.0,-242.0
2951,49.1740769918614,312,864,574,925,443.0,894.5,-246.5
2952,49.190740521848475,313,856,575,918,444.0,887.0,-254.0
2953,49.20740405183555,313,849,575,910,444.0,879.5,-261.5
2954,49.22406758182263,313,840,574,902,443.5,871.0,-270.0
2955,49.2407311118097,313,832,574,894,443.5,863.0,-278.0
2956,49.25739464179678,314,825,574,887,444.0,856.0,-285.0
2957,49.27405817178386,313,820,575,882,444.0,851.0,-290.0
2958,49.290721701770934,314,816,575,878,444.5,847.0,-294.0
2959,49.307385231758005,312,812,574,874,443.0,843.0,-298.0
2960,49.32404876174508,312,809,574,871,443.0,840.0,-301.0
2961,49.34071229173216,312,806,574,868,443.0,837.0,-304.0
2962,49.35737582171924,311,803,570,866,440.5,834.5,-306.5
2963,49.37403935170631,311,801,572,864,441.5,832.5,-308.5
2964,49.390702881693386,311,800,572,863,441.5,831.5,-309.5
2965,49.407366411680464,311,802,574,864,442.5,833.0,-308.0
2966,49.42402994166754,310,807,572,870,441.0,838.5,-302.5
2967,49.44069347165462,310,814,573,876,441.5,845.0,-296.0
2968,49.45735700164169,310,821,571,883,440.5,852.0,-289.0
2969,49.47402053162877,308,829,572,890,440.0,859.5,-281.5
2970,49.490684061615845,310,835,570,896,440.0,865.5,-275.5
2971,49.50734759160292,309,841,569,903,439.0,872.0,-269.0
2972,49.52401112158999,309,845,569,908,439.0,876.5,-264.5
2973,49.54067465157707,309,849,569,912,439.0,880.5,-260.5
2974,49.55733818156415,309,855,570,918,439.5,886.5,-254.5
2975,49.574001711551226,308,861,570,922,439.0,891.5,-249.5
2976,49.590665241538304,310,867,569,928,439.5,897.5,-243.5
2977,49.607328771525374,309,871,569,933,439.0,902.0,-239.0
2978,49.62399230151245,310,876,569,937,439.5,906.5,-234.5
2979,49.64065583149953,310,876,569,937,439.5,906.5,-234.5
2980,49.65731936148661,310,875,570,936,440.0,905.5,-235.5
2981,49.67398289147368,310,871,572,932,441.0,901.5,-239.5
2982,49.690646421460755,310,866,571,928,440.5,897.0,-244.0
2983,49.70730995144783,311,861,573,922,442.0,891.5,-249.5
2984,49.72397348143491,311,855,574,917,442.5,886.0,-255.0
2985,49.74063701142198,311,850,574,912,442.5,881.0,-260.0
2986,49.75730054140906,311,846,574,908,442.5,877.0,-264.0
2987,49.773964071396136,312,841,574,903,443.0,872.0,-269.0
2988,49.790627601383214,311,834,575,896,443.0,865.0,-276.0
2989,49.80729113137029,312,828,575,890,443.5,859.0,-282.0
2990,49.82395466135736,313,819,575,882,444.0,850.5,-290.5
2991,49.84061819134444,312,814,575,875,443.5,844.5,-296.5
2992,49.85728172133152,312,808,575,870,443.5,839.0,-302.0
2993,49.873945251318595,312,805,576,867,444.0,836.0,-305.0
2994,49.890608781305666,312,802,575,864,443.5,833.0,-308.0
2995,49.90727231129274,312,802,575,865,443.5,833.5,-307.5
2996,49.92393584127982,312,805,575,867,443.5,836.0,-305.0
2997,49.9405993712669,311,807,572,870,441.5,838.5,-302.5
2998,49.957262901253976,311,809,573,873,442.0,841.0,-300.0
2999,49.97392643124105,311,812,573,874,442.0,843.0,-298.0
3000,49.990589961228125,311,816,573,878,442.0,847.0,-294.0
3001,50.0072534912152,310,819,573,882,441.5,850.5,-290.5
3002,50.02391702120228,309,826,572,888,440.5,857.0,-284.0
3003,50.04058055118935,310,832,572,894,441.0,863.0,-278.0
3004,50.05724408117643,310,840,572,902,441.0,871.0,-270.0
3005,50.073907611163506,310,847,572,910,441.0,878.5,-262.5
3006,50.09057114115058,310,855,570,918,440.0,886.5,-254.5
3007,50.10723467113766,309,860,571,922,440.0,891.0,-250.0
3008,50.12389820112473,310,866,571,927,440.5,896.5,-244.5
3009,50.14056173111181,310,867,570,928,440.0,897.5,-243.5
3010,50.15722526109889,309,868,571,928,440.0,898.0,-243.0
3011,50.173888791085965,309,868,571,930,440.0,899.0,-242.0
3012,50.190552321073035,310,869,571,931,440.5,900.0,-241.0
3013,50.20721585106011,310,870,571,932,440.5,901.0,-240.0
3014,50.22387938104719,310,868,571,930,440.5,899.0,-242.0
3015,50.24054291103427,310,866,571,929,440.5,897.5,-243.5
3016,50.25720644102134,310,863,572,924,441.0,893.5,-247.5
3017,50.273869971008416,311,858,571,920,441.0,889.0,-252.0
3018,50.290533500995494,309,850,571,911,440.0,880.5,-260.5
3019,50.30719703098257,311,842,572,904,441.5,873.0,-268.0
3020,50.32386056096965,310,834,573,896,441.5,865.0,-276.0
3021,50.34052409095672,312,828,573,890,442.5,859.0,-282.0
3022,50.3571876209438,313,824,575,885,444.0,854.5,-286.5
3023,50.373851150930875,312,819,575,881,443.5,850.0,-291.0
3024,50.39051468091795,313,816,574,878,443.5,847.0,-294.0
3025,50.40717821090502,313,812,573,875,443.0,843.5,-297.5
3026,50.4238417408921,312,809,575,872,443.5,840.5,-300.5
3027,50.44050527087918,312,807,573,869,442.5,838.0,-303.0
3028,50.457168800866256,312,804,574,867,443.0,835.5,-305.5
3029,50.473832330853334,312,804,574,865,443.0,834.5,-306.5
3030,50.490495860840404,312,804,574,866,443.0,835.0,-306.0
3031,50.50715939082748,312,809,574,870,443.0,839.5,-301.5
3032,50.52382292081456,312,814,574,876,443.0,845.0,-296.0
3033,50.54048645080164,312,820,575,882,443.5,851.0,-290.0
3034,50.55714998078871,311,826,573,889,442.0,857.5,-283.5
3035,50.573813510775786,311,832,573,894,442.0,863.0,-278.0
3036,50.59047704076286,312,838,574,900,443.0,869.0,-272.0
3037,50.60714057074994,311,842,574,904,442.5,873.0,-268.0
3038,50.62380410073701,311,845,572,908,441.5,876.5,-264.5
3039,50.64046763072409,311,852,572,914,441.5,883.0,-258.0
3040,50.65713116071117,310,857,570,918,440.0,887.5,-253.5
3041,50.673794690698244,310,862,570,924,440.0,893.0,-248.0
3042,50.69045822068532,311,867,572,929,441.5,898.0,-243.0
3043,50.70712175067239,310,871,572,932,441.0,901.5,-239.5
3044,50.72378528065947,309,872,570,934,439.5,903.0,-238.0
3045,50.74044881064655,309,871,570,933,439.5,902.0,-239.0
3046,50.757112340633626,309,868,570,930,439.5,899.0,-242.0
3047,50.773775870620696,310,864,570,926,440.0,895.0,-246.0
3048,50.790439400607774,308,860,572,922,440.0,891.0,-250.0
3049,50.80710293059485,309,855,571,918,440.0,886.5,-254.5
3050,50.82376646058193,308,852,570,914,439.0,883.0,-258.0
3051,50.84042999056901,309,847,570,909,439.5,878.0,-263.0
3052,50.85709352055608,309,841,571,904,440.0,872.5,-268.5
3053,50.873757050543155,309,837,570,898,439.5,867.5,-273.5
3054,50.89042058053023,308,830,570,893,439.0,861.5,-279.5
3055,50.90708411051731,310,823,572,885,441.0,854.0,-287.0
3056,50.92374764050438,311,816,573,878,442.0,847.0,-294.0
3057,50.94041117049146,311,811,573,872,442.0,841.5,-299.5
3058,50.957074700478536,312,807,573,869,442.5,838.0,-303.0
3059,50.973738230465614,312,805,574,869,443.0,837.0,-304.0
3060,50.990401760452684,312,805,574,869,443.0,837.0,-304.0
3061,51.00706529043976,312,806,575,869,443.5,837.5,-303.5
3062,51.02372882042684,312,809,575,871,443.5,840.0,-301.0
3063,51.04039235041392,312,810,575,873,443.5,841.5,-299.5
3064,51.057055880400995,313,814,575,874,444.0,844.0,-297.0
3065,51.073719410388065,312,816,575,878,443.5,847.0,-294.0
3066,51.09038294037514,312,820,575,881,443.5,850.5,-290.5
3067,51.10704647036222,312,824,575,886,443.5,855.0,-286.0
3068,51.1237100003493,312,831,575,892,443.5,861.5,-279.5
3069,51.14037353033637,312,838,575,899,443.5,868.5,-272.5
3070,51.15703706032345,312,845,575,908,443.5,876.5,-264.5
3071,51.173700590310524,312,851,574,914,443.0,882.5,-258.5
3072,51.1903641202976,312,858,573,920,442.5,889.0,-252.0
3073,51.20702765028468,312,862,573,924,442.5,893.0,-248.0
3074,51.22369118027175,312,863,573,924,442.5,893.5,-247.5
3075,51.24035471025883,311,865,572,925,441.5,895.0,-246.0
3076,51.257018240245905,310,865,571,926,440.5,895.5,-245.5
3077,51.27368177023298,309,865,571,926,440.0,895.5,-245.5
3078,51.290345300220054,308,867,570,928,439.0,897.5,-243.5
3079,51.30700883020713,309,867,570,928,439.5,897.5,-243.5
3080,51.32367236019421,308,866,570,928,439.0,897.0,-244.0
3081,51.34033589018129,308,862,571,924,439.5,893.0,-248.0
3082,51.356999420168364,308,857,571,918,439.5,887.5,-253.5
3083,51.373662950155435,308,850,570,912,439.0,881.0,-260.0
3084,51.39032648014251,308,843,570,905,439.0,874.0,-267.0
3085,51.40699001012959,307,837,569,898,438.0,867.5,-273.5
3086,51.42365354011667,308,831,570,892,439.0,861.5,-279.5
3087,51.44031707010374,309,826,571,888,440.0,857.0,-284.0
3088,51.456980600090816,308,822,570,884,439.0,853.0,-288.0
3089,51.47364413007789,308,819,572,880,440.0,849.5,-291.5
3090,51.49030766006497,309,816,571,877,440.0,846.5,-294.5
3091,51.50697119005204,310,813,573,874,441.5,843.5,-297.5
3092,51.52363472003912,310,809,572,871,441.0,840.0,-301.0
3093,51.5402982500262,312,807,572,868,442.0,837.5,-303.5
3094,51.556961780013275,311,805,572,868,441.5,836.5,-304.5
3095,51.57362531000035,311,805,573,869,442.0,837.0,-304.0
3096,51.59028883998742,311,809,574,872,442.5,840.5,-300.5
3097,51.6069523699745,312,814,575,876,443.5,845.0,-296.0
3098,51.62361589996158,313,820,575,882,444.0,851.0,-290.0
3099,51.640279429948656,311,827,575,887,443.0,857.0,-284.0
3100,51.656942959935726,313,832,575,893,444.0,862.5,-278.5
3101,51.673606489922804,312,837,574,898,443.0,867.5,-273.5
3102,51.69027001990988,313,840,575,902,444.0,871.0,-270.0
3103,51.70693354989696,313,845,576,907,444.5,876.0,-265.0
3104,51.72359707988404,314,849,575,910,444.5,879.5,-261.5
3105,51.74026060987111,313,855,575,916,444.0,885.5,-255.5
3106,51.756924139858185,313,859,575,922,444.0,890.5,-250.5
3107,51.77358766984526,313,864,574,926,443.5,895.0,-246.0
3108,51.79025119983234,312,869,573,930,442.5,899.5,-241.5
3109,51.80691472981941,312,870,573,930,442.5,900.0,-241.0
3110,51.82357825980649,311,870,573,930,442.0,900.0,-241.0
3111,51.840241789793566,310,868,572,928,441.0,898.0,-243.0
3112,51.856905319780644,310,863,572,924,441.0,893.5,-247.5
3113,51.873568849767715,309,860,571,920,440.0,890.0,-251.0
3114,51.89023237975479,310,856,571,918,440.5,887.0,-254.0
3115,51.90689590974187,309,852,571,914,440.0,883.0,-258.0
3116,51.92355943972895,308,848,570,910,439.0,879.0,-262.0
3117,51.940222969716025,309,844,571,905,440.0,874.5,-266.5
3118,51.956886499703096,308,839,570,900,439.0,869.5,-271.5
3119,51.97355002969017,308,834,570,895,439.0,864.5,-276.5
3120,51.99021355967725,309,827,571,888,440.0,857.5,-283.5
3121,52.00687708966433,309,820,569,882,439.0,851.0,-290.0
3122,52.0235406196514,310,815,570,876,440.0,845.5,-295.5
3123,52.04020414963848,310,811,570,872,440.0,841.5,-299.5
3124,52.056867679625555,310,810,570,872,440.0,841.0,-300.0
3125,52.07353120961263,310,809,571,872,440.5,840.5,-300.5
3126,52.09019473959971,310,810,571,872,440.5,841.0,-300.0
3127,52.10685826958678,310,811,572,873,441.0,842.0,-299.0
3128,52.12352179957386,310,813,573,874,441.5,843.5,-297.5
3129,52.140185329560936,310,814,574,876,442.0,845.0,-296.0
3130,52.15684885954801,311,816,572,879,441.5,847.5,-293.5
3131,52.173512389535084,311,819,574,882,442.5,850.5,-290.5
3132,52.19017591952216,312,824,574,886,443.0,855.0,-286.0
3133,52.20683944950924,312,830,576,891,444.0,860.5,-280.5
3134,52.22350297949632,313,837,575,898,444.0,867.5,-273.5
3135,52.24016650948339,313,843,575,906,444.0,874.5,-266.5
3136,52.256830039470465,313,851,575,912,444.0,881.5,-259.5
3137,52.27349356945754,313,855,575,916,444.0,885.5,-255.5
3138,52.29015709944462,314,857,575,920,444.5,888.5,-252.5
3139,52.3068206294317,314,860,575,922,444.5,891.0,-250.0
3140,52.32348415941877,313,862,575,924,444.0,893.0,-248.0
3141,52.340147689405846,312,863,574,924,443.0,893.5,-247.5
3142,52.356811219392924,312,863,574,924,443.0,893.5,-247.5
3143,52.37347474938,311,864,574,926,442.5,895.0,-246.0
3144,52.39013827936707,311,864,573,926,442.0,895.0,-246.0
3145,52.40680180935415,311,864,573,926,442.0,895.0,-246.0
3146,52.42346533934123,310,862,573,923,441.5,892.5,-248.5
3147,52.440128869328305,310,857,572,918,441.0,887.5,-253.5
3148,52.45679239931538,308,851,570,913,439.0,882.0,-259.0
3149,52.47345592930245,309,845,569,906,439.0,875.5,-265.5
3150,52.49011945928953,308,839,569,900,438.5,869.5,-271.5
3151,52.50678298927661,308,834,569,894,438.5,864.0,-277.0
3152,52.523446519263686,308,829,569,890,438.5,859.5,-281.5
3153,52.54011004925076,307,825,569,887,438.0,856.0,-285.0
3154,52.556773579237834,308,822,569,884,438.5,853.0,-288.0
3155,52.57343710922491,307,819,570,881,438.5,850.0,-291.0
3156,52.59010063921199,307,816,570,878,438.5,847.0,-294.0
3157,52.60676416919907,308,812,570,874,439.0,843.0,-298.0
3158,52.62342769918614,308,810,570,872,439.0,841.0,-300.0
3159,52.640091229173215,309,809,570,870,439.5,839.5,-301.5
3160,52.65675475916029,309,809,570,870,439.5,839.5,-301.5
3161,52.67341828914737,310,812,572,874,441.0,843.0,-298.0
3162,52.69008181913444,310,815,572,878,441.0,846.5,-294.5
3163,52.70674534912152,310,820,574,882,442.0,851.0,-290.0
3164,52.7234088791086,314,826,574,888,444.0,857.0,-284.0
3165,52.740072409095674,313,831,575,893,444.0,862.0,-279.0
3166,52.756735939082745,312,835,575,896,443.5,865.5,-275.5
3167,52.77339946906982,313,839,576,900,444.5,869.5,-271.5
3168,52.7900629990569,313,842,575,904,444.0,873.0,-268.0
3169,52.80672652904398,314,847,577,909,445.5,878.0,-263.0
3170,52.823390059031055,315,852,576,913,445.5,882.5,-258.5
3171,52.840053589018126,314,858,576,918,445.0,888.0,-253.0
3172,52.856717119005204,316,863,576,924,446.0,893.5,-247.5
3173,52.87338064899228,314,866,575,928,444.5,897.0,-244.0
3174,52.89004417897936,314,867,575,928,444.5,897.5,-243.5
3175,52.90670770896643,314,867,576,928,445.0,897.5,-243.5
3176,52.92337123895351,314,865,575,927,444.5,896.0,-245.0
3177,52.940034768940585,314,862,574,924,444.0,893.0,-248.0
3178,52.95669829892766,313,858,573,920,443.0,889.0,-252.0
3179,52.97336182891474,313,856,574,917,443.5,886.5,-254.5
3180,52.99002535890181,312,852,573,914,442.5,883.0,-258.0
