frame_index,time_s,x_min,y_min,x_max,y_max,x_center,y_center,dy_px
0,0.0,157,458,427,551,292.0,504.5,0.0
1,0.01666354556803995,168,530,414,628,291.0,579.0,74.5
2,0.0333270911360799,177,623,417,717,297.0,670.0,165.5
3,0.04999063670411985,188,728,418,822,303.0,775.0,270.5
4,0.0666541822721598,195,825,416,930,305.5,877.5,373.0
5,0.08331772784019975,202,931,422,1044,312.0,987.5,483.0
6,0.0999812734082397,203,1049,430,1151,316.5,1100.0,595.5
7,0.11664481897627965,200,1152,447,1250,323.5,1201.0,696.5
8,0.1333083645443196,197,1247,445,1334,321.0,1290.5,786.0
9,0.14997191011235955,193,1315,453,1406,323.0,1360.5,856.0
10,0.1666354556803995,194,1386,460,1468,327.0,1427.0,922.5
11,0.18329900124843945,190,1448,465,1520,327.5,1484.0,979.5
12,0.1999625468164794,184,1488,471,1557,327.5,1522.5,1018.0
13,0.21662609238451935,178,1508,473,1574,325.5,1541.0,1036.5
14,0.2332896379525593,179,1498,471,1565,325.0,1531.5,1027.0
15,0.24995318352059925,184,1466,470,1534,327.0,1500.0,995.5
16,0.2666167290886392,194,1396,460,1488,327.0,1442.0,937.5
17,0.28328027465667915,198,1322,446,1413,322.0,1367.5,863.0
18,0.2999438202247191,202,1231,438,1325,320.0,1278.0,773.5
19,0.31660736579275905,202,1128,432,1224,317.0,1176.0,671.5
20,0.333270911360799,200,1031,430,1127,315.0,1079.0,574.5
21,0.34993445692883896,195,924,432,1026,313.5,975.0,470.5
22,0.3665980024968789,184,831,417,926,300.5,878.5,374.0
23,0.38326154806491886,180,728,414,834,297.0,781.0,276.5
24,0.3999250936329588,177,633,420,735,298.5,684.0,179.5
25,0.41658863920099876,170,545,418,644,294.0,594.5,90.0
26,0.4332521847690387,162,472,416,566,289.0,519.0,14.5
27,0.44991573033707866,152,418,428,503,290.0,460.5,-44.0
28,0.4665792759051186,138,385,432,462,285.0,423.5,-81.0
29,0.48324282147315856,137,362,434,442,285.5,402.0,-102.5
30,0.4999063670411985,136,374,434,448,285.0,411.0,-93.5
31,0.5165699126092385,144,397,432,480,288.0,438.5,-66.0
32,0.5332334581772784,152,439,424,531,288.0,485.0,-19.5
33,0.5498970037453184,159,508,422,600,290.5,554.0,49.5
34,0.5665605493133583,166,574,415,670,290.5,622.0,117.5
35,0.5832240948813983,166,661,414,754,290.0,707.5,203.0
36,0.5998876404494382,181,748,415,845,298.0,796.5,292.0
37,0.6165511860174782,189,842,411,946,300.0,894.0,389.5
38,0.6332147315855181,195,945,430,1054,312.5,999.5,495.0
39,0.6498782771535581,198,1057,428,1154,313.0,1105.5,601.0
40,0.666541822721598,200,1160,433,1257,316.5,1208.5,704.0
41,0.683205368289638,198,1253,440,1358,319.0,1305.5,801.0
42,0.6998689138576779,194,1339,449,1437,321.5,1388.0,883.5
43,0.7165324594257179,183,1423,461,1499,322.0,1461.0,956.5
44,0.7331960049937578,175,1467,465,1536,320.0,1501.5,997.0
45,0.7498595505617978,175,1486,472,1552,323.5,1519.0,1014.5
46,0.7665230961298377,175,1484,472,1550,323.5,1517.0,1012.5
47,0.7831866416978777,175,1467,469,1537,322.0,1502.0,997.5
48,0.7998501872659176,179,1431,464,1502,321.5,1466.5,962.0
49,0.8165137328339576,184,1363,454,1454,319.0,1408.5,904.0
50,0.8331772784019975,190,1295,449,1390,319.5,1342.5,838.0
51,0.8498408239700375,200,1226,441,1312,320.5,1269.0,764.5
52,0.8665043695380774,198,1129,434,1225,316.0,1177.0,672.5
53,0.8831679151061174,197,1019,431,1123,314.0,1071.0,566.5
54,0.8998314606741573,194,910,425,1009,309.5,959.5,455.0
55,0.9164950062421973,193,777,424,896,308.5,836.5,332.0
56,0.9331585518102372,184,689,428,789,306.0,739.0,234.5
57,0.9498220973782772,178,598,424,698,301.0,648.0,143.5
58,0.9664856429463171,167,527,427,621,297.0,574.0,69.5
59,0.9831491885143571,151,458,432,558,291.5,508.0,3.5
60,0.999812734082397,146,417,431,510,288.5,463.5,-41.0
61,1.016476279650437,135,406,433,480,284.0,443.0,-61.5
62,1.033139825218477,132,396,432,470,282.0,433.0,-71.5
63,1.0498033707865169,133,400,433,473,283.0,436.5,-68.0
64,1.0664669163545568,137,417,433,494,285.0,455.5,-49.0
65,1.0831304619225968,150,425,426,532,288.0,478.5,-26.0
66,1.0997940074906367,161,506,418,593,289.5,549.5,45.0
67,1.1164575530586767,172,580,417,680,294.5,630.0,125.5
68,1.1331210986267166,177,674,414,777,295.5,725.5,221.0
69,1.1497846441947566,186,784,410,883,298.0,833.5,329.0
70,1.1664481897627965,186,889,417,989,301.5,939.0,434.5
71,1.1831117353308365,196,991,422,1095,309.0,1043.0,538.5
72,1.1997752808988764,190,1100,427,1190,308.5,1145.0,640.5
73,1.2164388264669164,188,1186,432,1279,310.0,1232.5,728.0
74,1.2331023720349563,187,1265,438,1358,312.5,1311.5,807.0
75,1.2497659176029963,184,1351,446,1422,315.0,1386.5,882.0
76,1.2664294631710362,191,1411,455,1480,323.0,1445.5,941.0
77,1.2830930087390762,183,1456,460,1524,321.5,1490.0,985.5
78,1.2997565543071161,176,1486,469,1552,322.5,1519.0,1014.5
79,1.316420099875156,175,1493,470,1559,322.5,1526.0,1021.5
80,1.333083645443196,181,1471,466,1538,323.5,1504.5,1000.0
81,1.349747191011236,190,1422,458,1497,324.0,1459.5,955.0
82,1.366410736579276,195,1362,456,1437,325.5,1399.5,895.0
83,1.3830742821473159,199,1271,448,1359,323.5,1315.0,810.5
84,1.3997378277153558,207,1172,441,1271,324.0,1221.5,717.0
85,1.4164013732833958,200,1087,436,1176,318.0,1131.5,627.0
86,1.4330649188514357,199,981,430,1078,314.5,1029.5,525.0
87,1.4497284644194757,191,885,431,980,311.0,932.5,428.0
88,1.4663920099875156,184,787,429,890,306.5,838.5,334.0
89,1.4830555555555556,185,695,433,793,309.0,744.0,239.5
90,1.4997191011235955,182,600,422,698,302.0,649.0,144.5
91,1.5163826466916355,174,515,432,612,303.0,563.5,59.0
92,1.5330461922596754,160,432,429,544,294.5,488.0,-16.5
93,1.5497097378277154,150,403,440,494,295.0,448.5,-56.0
94,1.5663732833957553,142,392,440,467,291.0,429.5,-75.0
95,1.5830368289637953,140,388,440,462,290.0,425.0,-79.5
96,1.5997003745318352,139,401,434,480,286.5,440.5,-64.0
97,1.6163639200998752,147,430,428,517,287.5,473.5,-31.0
98,1.6330274656679151,151,471,420,575,285.5,523.0,18.5
99,1.649691011235955,157,536,418,638,287.5,587.0,82.5
100,1.666354556803995,162,610,416,716,289.0,663.0,158.5
101,1.683018102372035,170,694,416,798,293.0,746.0,241.5
102,1.699681647940075,178,789,412,888,295.0,838.5,334.0
103,1.7163451935081149,184,892,414,994,299.0,943.0,438.5
104,1.7330087390761548,184,993,421,1097,302.5,1045.0,540.5
105,1.7496722846441948,184,1111,424,1202,304.0,1156.5,652.0
106,1.7663358302122347,187,1186,424,1300,305.5,1243.0,738.5
107,1.7829993757802747,184,1271,436,1384,310.0,1327.5,823.0
108,1.7996629213483146,178,1359,449,1453,313.5,1406.0,901.5
109,1.8163264669163546,167,1431,456,1501,311.5,1466.0,961.5
110,1.8329900124843945,167,1459,461,1528,314.0,1493.5,989.0
111,1.8496535580524345,168,1470,463,1534,315.5,1502.0,997.5
112,1.8663171036204744,169,1458,463,1525,316.0,1491.5,987.0
113,1.8829806491885144,169,1436,461,1505,315.0,1470.5,966.0
114,1.8996441947565543,177,1397,456,1471,316.5,1434.0,929.5
115,1.9163077403245943,189,1327,452,1415,320.5,1371.0,866.5
116,1.9329712858926342,188,1258,446,1346,317.0,1302.0,797.5
117,1.9496348314606742,195,1161,446,1265,320.5,1213.0,708.5
118,1.9662983770287141,198,1068,431,1167,314.5,1117.5,613.0
119,1.982961922596754,207,959,431,1063,319.0,1011.0,506.5
120,1.999625468164794,201,846,426,953,313.5,899.5,395.0
121,2.016289013732834,195,745,426,845,310.5,795.0,290.5
122,2.032952559300874,190,652,433,750,311.5,701.0,196.5
123,2.049616104868914,174,576,439,669,306.5,622.5,118.0
124,2.066279650436954,168,496,435,606,301.5,551.0,46.5
125,2.082943196004994,154,469,441,551,297.5,510.0,5.5
126,2.0996067415730337,151,429,441,510,296.0,469.5,-35.0
127,2.1162702871410737,143,414,443,487,293.0,450.5,-54.0
128,2.1329338327091136,142,407,441,481,291.5,444.0,-60.5
129,2.1495973782771536,144,406,441,492,292.5,449.0,-55.5
130,2.1662609238451935,151,438,438,522,294.5,480.0,-24.5
131,2.1829244694132335,162,483,429,572,295.5,527.5,23.0
132,2.1995880149812734,174,551,426,640,300.0,595.5,91.0
133,2.2162515605493134,184,637,422,734,303.0,685.5,181.0
134,2.2329151061173533,182,733,416,833,299.0,783.0,278.5
135,2.2495786516853933,182,846,414,938,298.0,892.0,387.5
136,2.2662421972534332,186,943,421,1037,303.5,990.0,485.5
137,2.282905742821473,178,1030,421,1131,299.5,1080.5,576.0
138,2.299569288389513,179,1133,424,1223,301.5,1178.0,673.5
139,2.316232833957553,178,1209,432,1307,305.0,1258.0,753.5
140,2.332896379525593,180,1289,442,1377,311.0,1333.0,828.5
141,2.349559925093633,176,1370,446,1440,311.0,1405.0,900.5
142,2.366223470661673,175,1418,451,1490,313.0,1454.0,949.5
143,2.382887016229713,169,1457,459,1528,314.0,1492.5,988.0
144,2.399550561797753,166,1479,461,1544,313.5,1511.5,1007.0
145,2.416214107365793,168,1471,462,1536,315.0,1503.5,999.0
146,2.4328776529338327,177,1430,455,1502,316.0,1466.0,961.5
147,2.4495411985018727,186,1370,451,1453,318.5,1411.5,907.0
148,2.4662047440699126,186,1298,447,1384,316.5,1341.0,836.5
149,2.4828682896379526,190,1217,442,1310,316.0,1263.5,759.0
150,2.4995318352059925,194,1113,445,1222,319.5,1167.5,663.0
151,2.5161953807740325,191,1032,432,1129,311.5,1080.5,576.0
152,2.5328589263420724,194,930,436,1037,315.0,983.5,479.0
153,2.5495224719101124,188,842,431,942,309.5,892.0,387.5
154,2.5661860174781523,184,751,431,848,307.5,799.5,295.0
155,2.5828495630461923,187,661,428,754,307.5,707.5,203.0
156,2.5995131086142322,184,569,431,664,307.5,616.5,112.0
157,2.616176654182272,172,483,435,585,303.5,534.0,29.5
158,2.632840199750312,161,425,440,528,300.5,476.5,-28.0
159,2.649503745318352,152,414,447,494,299.5,454.0,-50.5
160,2.666167290886392,147,406,447,480,297.0,443.0,-61.5
161,2.682830836454432,145,413,446,486,295.5,449.5,-55.0
162,2.699494382022472,150,436,440,513,295.0,474.5,-30.0
163,2.716157927590512,155,468,433,554,294.0,511.0,6.5
164,2.732821473158552,161,521,427,613,294.0,567.0,62.5
165,2.749485018726592,168,574,424,681,296.0,627.5,123.0
166,2.7661485642946317,170,658,424,755,297.0,706.5,202.0
167,2.7828121098626717,172,740,412,842,292.0,791.0,286.5
168,2.7994756554307116,187,838,415,942,301.0,890.0,385.5
169,2.8161392009987516,186,938,419,1042,302.5,990.0,485.5
170,2.8328027465667915,188,1050,421,1151,304.5,1100.5,596.0
171,2.8494662921348315,184,1151,424,1248,304.0,1199.5,695.0
172,2.8661298377028714,182,1238,430,1334,306.0,1286.0,781.5
173,2.8827933832709114,177,1292,443,1405,310.0,1348.5,844.0
174,2.8994569288389513,167,1389,450,1463,308.5,1426.0,921.5
175,2.9161204744069913,162,1430,453,1500,307.5,1465.0,960.5
176,2.9327840199750312,159,1450,455,1515,307.0,1482.5,978.0
177,2.949447565543071,161,1448,456,1514,308.5,1481.0,976.5
178,2.966111111111111,165,1434,456,1502,310.5,1468.0,963.5
179,2.982774656679151,168,1407,456,1477,312.0,1442.0,937.5
180,2.999438202247191,178,1364,448,1438,313.0,1401.0,896.5
181,3.016101747815231,184,1299,437,1376,310.5,1337.5,833.0
182,3.032765293383271,192,1207,436,1300,314.0,1253.5,749.0
183,3.049428838951311,194,1120,435,1211,314.5,1165.5,661.0
184,3.066092384519351,194,1012,433,1111,313.5,1061.5,557.0
185,3.082755930087391,194,906,432,1007,313.0,956.5,452.0
186,3.0994194756554307,194,805,430,905,312.0,855.0,350.5
187,3.1160830212234707,192,709,431,808,311.5,758.5,254.0
188,3.1327465667915106,183,628,431,717,307.0,672.5,168.0
189,3.1494101123595506,173,557,444,652,308.5,604.5,100.0
190,3.1660736579275905,164,487,444,592,304.0,539.5,35.0
191,3.1827372034956305,158,464,446,544,302.0,504.0,-0.5
192,3.1994007490636704,152,436,448,511,300.0,473.5,-31.0
193,3.2160642946317104,151,420,449,494,300.0,457.0,-47.5
194,3.2327278401997503,151,422,449,494,300.0,458.0,-46.5
195,3.2493913857677903,153,440,447,514,300.0,477.0,-27.5
196,3.2660549313358302,166,467,440,558,303.0,512.5,8.0
197,3.28271847690387,175,526,434,616,304.5,571.0,66.5
198,3.29938202247191,184,603,425,696,304.5,649.5,145.0
199,3.31604556803995,185,688,427,790,306.0,739.0,234.5
200,3.33270911360799,184,783,427,889,305.5,836.0,331.5
201,3.34937265917603,188,879,425,986,306.5,932.5,428.0
202,3.36603620474407,177,981,423,1080,300.0,1030.5,526.0
203,3.38269975031211,183,1070,427,1166,305.0,1118.0,613.5
204,3.39936329588015,182,1166,430,1253,306.0,1209.5,705.0
205,3.41602684144819,177,1240,437,1330,307.0,1285.0,780.5
206,3.4326903870162297,178,1312,445,1400,311.5,1356.0,851.5
207,3.4493539325842697,167,1384,451,1458,309.0,1421.0,916.5
208,3.4660174781523096,164,1431,453,1500,308.5,1465.5,961.0
209,3.4826810237203496,162,1456,456,1524,309.0,1490.0,985.5
210,3.4993445692883896,160,1460,456,1528,308.0,1494.0,989.5
211,3.5160081148564295,165,1438,453,1507,309.0,1472.5,968.0
212,3.5326716604244695,174,1390,446,1463,310.0,1426.5,922.0
213,3.5493352059925094,174,1322,442,1406,308.0,1364.0,859.5
214,3.5659987515605494,178,1247,438,1337,308.0,1292.0,787.5
215,3.5826622971285893,181,1158,434,1262,307.5,1210.0,705.5
216,3.5993258426966293,180,1072,430,1176,305.0,1124.0,619.5
217,3.615989388264669,182,986,428,1084,305.0,1035.0,530.5
218,3.632652933832709,185,890,426,991,305.5,940.5,436.0
219,3.649316479400749,183,802,429,896,306.0,849.0,344.5
220,3.665980024968789,180,708,426,806,303.0,757.0,252.5
221,3.682643570536829,179,617,427,716,303.0,666.5,162.0
222,3.699307116104869,175,534,432,634,303.5,584.0,79.5
223,3.715970661672909,168,476,437,567,302.5,521.5,17.0
224,3.732634207240949,155,447,448,524,301.5,485.5,-19.0
225,3.749297752808989,151,428,449,501,300.0,464.5,-40.0
226,3.7659612983770288,148,427,448,500,298.0,463.5,-41.0
227,3.7826248439450687,151,441,446,514,298.5,477.5,-27.0
228,3.7992883895131087,155,470,442,545,298.5,507.5,3.0
229,3.8159519350811486,164,509,440,592,302.0,550.5,46.0
230,3.8326154806491886,173,542,433,651,303.0,596.5,92.0
231,3.8492790262172285,178,615,434,725,306.0,670.0,165.5
232,3.8659425717852685,183,709,430,799,306.5,754.0,249.5
233,3.8826061173533084,184,796,429,891,306.5,843.5,339.0
234,3.8992696629213484,190,889,426,992,308.0,940.5,436.0
235,3.9159332084893883,194,1000,426,1096,310.0,1048.0,543.5
236,3.9325967540574283,195,1100,432,1194,313.5,1147.0,642.5
237,3.949260299625468,185,1190,440,1285,312.5,1237.5,733.0
238,3.965923845193508,182,1282,441,1360,311.5,1321.0,816.5
239,3.982587390761548,177,1350,446,1421,311.5,1385.5,881.0
240,3.999250936329588,168,1396,452,1466,310.0,1431.0,926.5
241,4.015914481897628,164,1424,455,1494,309.5,1459.0,954.5
242,4.032578027465668,163,1437,456,1504,309.5,1470.5,966.0
243,4.049241573033708,162,1431,454,1498,308.0,1464.5,960.0
244,4.065905118601748,162,1413,454,1480,308.0,1446.5,942.0
245,4.082568664169788,168,1378,452,1449,310.0,1413.5,909.0
246,4.099232209737828,174,1327,438,1400,306.0,1363.5,859.0
247,4.115895755305868,179,1241,437,1334,308.0,1287.5,783.0
248,4.132559300873908,186,1152,431,1248,308.5,1200.0,695.5
249,4.149222846441948,183,1056,430,1151,306.5,1103.5,599.0
250,4.165886392009988,190,959,423,1052,306.5,1005.5,501.0
251,4.1825499375780275,183,855,425,956,304.0,905.5,401.0
252,4.1992134831460675,180,761,422,862,301.0,811.5,307.0
253,4.215877028714107,173,674,432,772,302.5,723.0,218.5
254,4.232540574282147,170,576,429,695,299.5,635.5,131.0
255,4.249204119850187,161,543,434,634,297.5,588.5,84.0
256,4.265867665418227,153,502,436,583,294.5,542.5,38.0
257,4.282531210986267,152,464,440,541,296.0,502.5,-2.0
258,4.299194756554307,149,440,447,513,298.0,476.5,-28.0
259,4.315858302122347,150,431,449,504,299.5,467.5,-37.0
260,4.332521847690387,152,439,450,513,301.0,476.0,-28.5
261,4.349185393258427,160,458,447,548,303.5,503.0,-1.5
262,4.365848938826467,167,508,441,599,304.0,553.5,49.0
263,4.382512484394507,175,572,432,670,303.5,621.0,116.5
264,4.399176029962547,184,650,430,749,307.0,699.5,195.0
265,4.415839575530587,181,752,425,842,303.0,797.0,292.5
266,4.432503121098627,188,838,434,938,311.0,888.0,383.5
267,4.449166666666667,184,935,429,1030,306.5,982.5,478.0
268,4.465830212234707,191,1028,437,1117,314.0,1072.5,568.0
269,4.482493757802747,186,1105,434,1204,310.0,1154.5,650.0
270,4.499157303370787,188,1190,443,1280,315.5,1235.0,730.5
271,4.5158208489388265,186,1266,448,1358,317.0,1312.0,807.5
272,4.5324843945068665,178,1345,448,1426,313.0,1385.5,881.0
273,4.549147940074906,171,1403,456,1471,313.5,1437.0,932.5
274,4.565811485642946,162,1433,458,1502,310.0,1467.5,963.0
275,4.582475031210986,160,1445,457,1514,308.5,1479.5,975.0
276,4.599138576779026,160,1437,456,1505,308.0,1471.0,966.5
277,4.615802122347066,164,1401,448,1472,306.0,1436.5,932.0
278,4.632465667915106,173,1343,440,1422,306.5,1382.5,878.0
279,4.649129213483146,175,1271,439,1360,307.0,1315.5,811.0
280,4.665792759051186,176,1194,430,1288,303.0,1241.0,736.5
281,4.682456304619226,174,1123,430,1212,302.0,1167.5,663.0
282,4.699119850187266,179,1016,423,1128,301.0,1072.0,567.5
283,4.715783395755306,177,932,426,1040,301.5,986.0,481.5
284,4.732446941323346,175,852,422,950,298.5,901.0,396.5
285,4.749110486891386,177,757,424,856,300.5,806.5,302.0
286,4.765774032459426,179,662,419,764,299.0,713.0,208.5
287,4.782437578027466,170,573,427,681,298.5,627.0,122.5
288,4.799101123595506,165,511,428,609,296.5,560.0,55.5
289,4.815764669163546,154,474,440,556,297.0,515.0,10.5
290,4.832428214731586,146,452,442,525,294.0,488.5,-16.0
291,4.8490917602996255,146,444,444,516,295.0,480.0,-24.5
292,4.8657553058676655,147,451,445,525,296.0,488.0,-16.5
293,4.882418851435705,150,471,446,546,298.0,508.5,4.0
294,4.899082397003745,156,504,446,581,301.0,542.5,38.0
295,4.915745942571785,168,544,439,629,303.5,586.5,82.0
296,4.932409488139825,180,605,443,693,311.5,649.0,144.5
297,4.949073033707865,179,674,434,767,306.5,720.5,216.0
298,4.965736579275905,190,751,430,851,310.0,801.0,296.5
299,4.982400124843945,194,842,436,943,315.0,892.5,388.0
300,4.999063670411985,194,946,436,1042,315.0,994.0,489.5
301,5.015727215980025,196,1045,438,1144,317.0,1094.5,590.0
302,5.032390761548065,193,1148,440,1237,316.5,1192.5,688.0
303,5.049054307116105,189,1228,446,1318,317.5,1273.0,768.5
304,5.065717852684145,181,1305,450,1382,315.5,1343.5,839.0
305,5.082381398252185,181,1360,459,1431,320.0,1395.5,891.0
306,5.099044943820225,170,1394,463,1468,316.5,1431.0,926.5
307,5.115708489388265,167,1418,463,1486,315.0,1452.0,947.5
308,5.132372034956305,167,1424,461,1491,314.0,1457.5,953.0
309,5.149035580524345,167,1411,460,1480,313.5,1445.5,941.0
310,5.165699126092385,167,1385,456,1456,311.5,1420.5,916.0
311,5.1823626716604245,171,1341,448,1416,309.5,1378.5,874.0
312,5.1990262172284645,174,1254,441,1359,307.5,1306.5,802.0
313,5.215689762796504,179,1184,430,1282,304.5,1233.0,728.5
314,5.232353308364544,178,1086,420,1193,299.0,1139.5,635.0
315,5.249016853932584,184,1000,418,1096,301.0,1048.0,543.5
316,5.265680399500624,174,908,421,1000,297.5,954.0,449.5
317,5.282343945068664,176,808,422,907,299.0,857.5,353.0
318,5.299007490636704,172,716,417,824,294.5,770.0,265.5
319,5.315671036204744,164,648,425,744,294.5,696.0,191.5
320,5.332334581772784,157,584,425,674,291.0,629.0,124.5
321,5.348998127340824,157,530,433,619,295.0,574.5,70.0
322,5.365661672908864,150,486,434,574,292.0,530.0,25.5
323,5.382325218476904,146,458,438,538,292.0,498.0,-6.5
324,5.398988764044944,144,447,442,520,293.0,483.5,-21.0
325,5.415652309612984,145,446,443,518,294.0,482.0,-22.5
326,5.432315855181024,151,464,441,541,296.0,502.5,-2.0
327,5.448979400749064,163,497,432,588,297.5,542.5,38.0
328,5.465642946317104,169,553,430,648,299.5,600.5,96.0
329,5.482306491885144,178,617,434,720,306.0,668.5,164.0
330,5.498970037453184,184,706,429,802,306.5,754.0,249.5
331,5.5156335830212235,187,794,437,893,312.0,843.5,339.0
332,5.5322971285892635,188,884,431,985,309.5,934.5,430.0
333,5.548960674157303,185,987,438,1075,311.5,1031.0,526.5
334,5.565624219725343,194,1063,439,1156,316.5,1109.5,605.0
335,5.582287765293383,199,1148,448,1234,323.5,1191.0,686.5
336,5.598951310861423,196,1220,449,1314,322.5,1267.0,762.5
337,5.615614856429463,193,1297,455,1385,324.0,1341.0,836.5
338,5.632278401997503,179,1370,459,1442,319.0,1406.0,901.5
339,5.648941947565543,172,1410,465,1478,318.5,1444.0,939.5
340,5.665605493133583,169,1430,464,1496,316.5,1463.0,958.5
341,5.682269038701623,169,1430,463,1495,316.0,1462.5,958.0
342,5.698932584269663,170,1407,459,1474,314.5,1440.5,936.0
343,5.715596129837703,175,1361,455,1437,315.0,1399.0,894.5
344,5.732259675405743,179,1298,448,1380,313.5,1339.0,834.5
345,5.748923220973783,184,1224,440,1317,312.0,1270.5,766.0
346,5.765586766541823,178,1154,440,1244,309.0,1199.0,694.5
347,5.782250312109863,179,1070,432,1168,305.5,1119.0,614.5
348,5.798913857677903,184,989,426,1086,305.0,1037.5,533.0
349,5.815577403245943,183,906,425,994,304.0,950.0,445.5
350,5.832240948813983,180,804,417,898,298.5,851.0,346.5
351,5.8489044943820225,169,714,419,810,294.0,762.0,257.5
352,5.8655680399500625,167,627,423,727,295.0,677.0,172.5
353,5.882231585518102,164,545,421,652,292.5,598.5,94.0
354,5.898895131086142,147,509,430,591,288.5,550.0,45.5
355,5.915558676654182,144,473,436,552,290.0,512.5,8.0
356,5.932222222222222,140,462,439,535,289.5,498.5,-6.0
357,5.948885767790262,140,462,439,535,289.5,498.5,-6.0
358,5.965549313358302,143,476,440,550,291.5,513.0,8.5
359,5.982212858926342,149,501,441,576,295.0,538.5,34.0
360,5.998876404494382,155,508,441,615,298.0,561.5,57.0
361,6.015539950062422,170,577,435,669,302.5,623.0,118.5
362,6.032203495630462,176,645,433,734,304.5,689.5,185.0
363,6.048867041198502,184,722,430,814,307.0,768.0,263.5
364,6.065530586766542,190,802,431,902,310.5,852.0,347.5
365,6.082194132334582,192,893,430,998,311.0,945.5,441.0
366,6.098857677902622,195,998,439,1096,317.0,1047.0,542.5
367,6.115521223470662,192,1094,435,1190,313.5,1142.0,637.5
368,6.132184769038702,192,1184,442,1272,317.0,1228.0,723.5
369,6.148848314606742,182,1261,455,1343,318.5,1302.0,797.5
370,6.165511860174782,178,1322,458,1393,318.0,1357.5,853.0
371,6.1821754057428215,176,1362,466,1432,321.0,1397.0,892.5
372,6.1988389513108615,172,1394,467,1463,319.5,1428.5,924.0
373,6.215502496878901,170,1410,467,1478,318.5,1444.0,939.5
374,6.232166042446941,170,1408,467,1476,318.5,1442.0,937.5
375,6.248829588014981,170,1389,464,1457,317.0,1423.0,918.5
376,6.265493133583021,176,1354,459,1427,317.5,1390.5,886.0
377,6.282156679151061,179,1302,451,1377,315.0,1339.5,835.0
378,6.298820224719101,185,1230,444,1314,314.5,1272.0,767.5
379,6.315483770287141,182,1126,434,1230,308.0,1178.0,673.5
380,6.332147315855181,182,1031,421,1138,301.5,1084.5,580.0
381,6.348810861423221,178,952,419,1043,298.5,997.5,493.0
382,6.365474406991261,173,854,420,952,296.5,903.0,398.5
383,6.382137952559301,173,769,421,870,297.0,819.5,315.0
384,6.398801498127341,168,683,429,788,298.5,735.5,231.0
385,6.415465043695381,162,624,431,716,296.5,670.0,165.5
386,6.432128589263421,156,566,424,654,290.0,610.0,105.5
387,6.448792134831461,149,515,429,604,289.0,559.5,55.0
388,6.465455680399501,145,481,433,564,289.0,522.5,18.0
389,6.482119225967541,139,465,434,538,286.5,501.5,-3.0
390,6.498782771535581,139,459,438,531,288.5,495.0,-9.5
391,6.5154463171036205,141,456,438,541,289.5,498.5,-6.0
392,6.5321098626716605,150,478,429,575,289.5,526.5,22.0
393,6.5487734082397004,164,543,430,631,297.0,587.0,82.5
394,6.56543695380774,168,596,424,698,296.0,647.0,142.5
395,6.58210049937578,172,679,430,772,301.0,725.5,221.0
396,6.59876404494382,179,749,432,852,305.5,800.5,296.0
397,6.61542759051186,182,850,431,940,306.5,895.0,390.5
398,6.6320911360799,189,934,433,1024,311.0,979.0,474.5
399,6.64875468164794,191,1013,438,1111,314.5,1062.0,557.5
400,6.66541822721598,191,1102,441,1191,316.0,1146.5,642.0
401,6.68208177278402,194,1171,447,1268,320.5,1219.5,715.0
402,6.69874531835206,192,1250,452,1342,322.0,1296.0,791.5
403,6.7154088639201,189,1314,458,1405,323.5,1359.5,855.0
404,6.73207240948814,177,1382,465,1452,321.0,1417.0,912.5
405,6.74873595505618,173,1410,468,1477,320.5,1443.5,939.0
406,6.76539950062422,172,1416,469,1482,320.5,1449.0,944.5
407,6.78206304619226,172,1400,465,1470,318.5,1435.0,930.5
408,6.7987265917603,177,1370,463,1440,320.0,1405.0,900.5
409,6.81539013732834,184,1321,456,1396,320.0,1358.5,854.0
410,6.83205368289638,182,1249,455,1339,318.5,1294.0,789.5
411,6.8487172284644195,184,1182,444,1273,314.0,1227.5,723.0
412,6.8653807740324595,180,1112,440,1201,310.0,1156.5,652.0
413,6.8820443196004994,185,1026,434,1123,309.5,1074.5,570.0
414,6.898707865168539,190,940,429,1039,309.5,989.5,485.0
415,6.915371410736579,185,846,424,948,304.5,897.0,392.5
416,6.932034956304619,177,756,421,855,299.0,805.5,301.0
417,6.948698501872659,175,677,422,768,298.5,722.5,218.0
418,6.965362047440699,161,601,424,694,292.5,647.5,143.0
419,6.982025593008739,152,550,426,631,289.0,590.5,86.0
420,6.998689138576779,145,506,435,586,290.0,546.0,41.5
421,7.015352684144819,139,487,436,558,287.5,522.5,18.0
422,7.032016229712859,138,479,436,550,287.0,514.5,10.0
423,7.048679775280899,139,484,436,556,287.5,520.0,15.5
424,7.065343320848939,144,500,435,575,289.5,537.5,33.0
425,7.082006866416979,148,520,434,606,291.0,563.0,58.5
426,7.098670411985019,153,562,430,648,291.5,605.0,100.5
427,7.115333957553059,162,601,425,706,293.5,653.5,149.0
428,7.131997503121099,171,672,429,781,300.0,726.5,222.0
429,7.148661048689139,179,756,423,865,301.0,810.5,306.0
430,7.165324594257179,184,858,425,958,304.5,908.0,403.5
431,7.1819881398252186,185,947,432,1050,308.5,998.5,494.0
432,7.1986516853932585,190,1033,432,1143,311.0,1088.0,583.5
433,7.2153152309612985,183,1120,441,1227,312.0,1173.5,669.0
434,7.231978776529338,182,1204,444,1298,313.0,1251.0,746.5
435,7.248642322097378,178,1286,455,1360,316.5,1323.0,818.5
436,7.265305867665418,174,1328,457,1402,315.5,1365.0,860.5
437,7.281969413233458,174,1364,464,1433,319.0,1398.5,894.0
438,7.298632958801498,173,1386,468,1456,320.5,1421.0,916.5
439,7.315296504369538,172,1400,468,1465,320.0,1432.5,928.0
440,7.331960049937578,172,1391,469,1457,320.5,1424.0,919.5
441,7.348623595505618,176,1362,466,1434,321.0,1398.0,893.5
442,7.365287141073658,182,1320,456,1392,319.0,1356.0,851.5
443,7.381950686641698,182,1241,447,1334,314.5,1287.5,783.0
444,7.398614232209738,188,1156,439,1259,313.5,1207.5,703.0
445,7.415277777777778,186,1073,429,1174,307.5,1123.5,619.0
446,7.431941323345818,191,984,433,1086,312.0,1035.0,530.5
447,7.448604868913858,183,897,435,999,309.0,948.0,443.5
448,7.465268414481898,177,816,430,912,303.5,864.0,359.5
449,7.481931960049938,167,737,431,836,299.0,786.5,282.0
450,7.498595505617978,164,670,431,762,297.5,716.0,211.5
451,7.515259051186018,166,592,436,699,301.0,645.5,141.0
452,7.5319225967540575,159,549,431,641,295.0,595.0,90.5
453,7.5485861423220975,149,505,434,592,291.5,548.5,44.0
454,7.565249687890137,140,487,439,562,289.5,524.5,20.0
455,7.581913233458177,137,474,437,546,287.0,510.0,5.5
456,7.598576779026217,138,477,436,549,287.0,513.0,8.5
457,7.615240324594257,143,484,434,572,288.5,528.0,23.5
458,7.631903870162297,152,508,430,616,291.0,562.0,57.5
459,7.648567415730337,159,590,427,679,293.0,634.5,130.0
460,7.665230961298377,168,656,428,748,298.0,702.0,197.5
461,7.681894506866417,168,731,425,819,296.5,775.0,270.5
462,7.698558052434457,180,809,425,901,302.5,855.0,350.5
463,7.715221598002497,180,890,430,981,305.0,935.5,431.0
464,7.731885143570537,183,968,432,1065,307.5,1016.5,512.0
465,7.748548689138577,185,1050,434,1147,309.5,1098.5,594.0
466,7.765212234706617,184,1134,440,1227,312.0,1180.5,676.0
467,7.781875780274657,190,1208,443,1300,316.5,1254.0,749.5
468,7.798539325842697,183,1274,454,1368,318.5,1321.0,816.5
469,7.815202871410737,178,1343,456,1418,317.0,1380.5,876.0
470,7.831866416978777,169,1384,464,1454,316.5,1419.0,914.5
471,7.848529962546817,169,1399,466,1466,317.5,1432.5,928.0
472,7.8651935081148565,171,1392,466,1460,318.5,1426.0,921.5
473,7.8818570536828965,173,1369,463,1440,318.0,1404.5,900.0
474,7.898520599250936,181,1333,459,1404,320.0,1368.5,864.0
475,7.915184144818976,184,1280,458,1358,321.0,1319.0,814.5
476,7.931847690387016,184,1216,456,1299,320.0,1257.5,753.0
477,7.948511235955056,193,1153,448,1232,320.5,1192.5,688.0
478,7.965174781523096,191,1051,440,1160,315.5,1105.5,601.0
479,7.981838327091136,182,977,439,1079,310.5,1028.0,523.5
480,7.998501872659176,181,894,428,992,304.5,943.0,438.5
481,8.015165418227216,189,801,431,905,310.0,853.0,348.5
482,8.031828963795256,182,707,429,814,305.5,760.5,256.0
483,8.048492509363296,169,640,432,732,300.5,686.0,181.5
484,8.065156054931336,164,562,434,668,299.0,615.0,110.5
485,8.081819600499376,152,534,442,620,297.0,577.0,72.5
486,8.098483146067416,144,512,440,588,292.0,550.0,45.5
487,8.115146691635456,141,497,439,569,290.0,533.0,28.5
488,8.131810237203496,141,494,439,566,290.0,530.0,25.5
489,8.148473782771536,142,506,440,578,291.0,542.0,37.5
490,8.165137328339576,146,528,436,603,291.0,565.5,61.0
491,8.181800873907616,149,553,433,638,291.0,595.5,91.0
492,8.198464419475656,160,595,433,686,296.5,640.5,136.0
493,8.215127965043695,166,653,427,750,296.5,701.5,197.0
494,8.231791510611735,173,734,424,829,298.5,781.5,277.0
495,8.248455056179775,173,820,417,919,295.0,869.5,365.0
496,8.265118601747815,180,924,424,1011,302.0,967.5,463.0
497,8.281782147315855,184,993,429,1097,306.5,1045.0,540.5
498,8.298445692883895,182,1073,434,1180,308.0,1126.5,622.0
499,8.315109238451935,182,1168,441,1254,311.5,1211.0,706.5
500,8.331772784019975,175,1240,448,1317,311.5,1278.5,774.0
501,8.348436329588015,172,1295,454,1368,313.0,1331.5,827.0
502,8.365099875156055,171,1333,460,1406,315.5,1369.5,865.0
503,8.381763420724095,172,1361,463,1433,317.5,1397.0,892.5
504,8.398426966292135,168,1380,463,1450,315.5,1415.0,910.5
505,8.415090511860175,169,1385,464,1450,316.5,1417.5,913.0
506,8.431754057428215,169,1367,463,1434,316.0,1400.5,896.0
507,8.448417602996255,175,1329,458,1402,316.5,1365.5,861.0
508,8.465081148564295,184,1261,456,1351,320.0,1306.0,801.5
509,8.481744694132335,187,1191,441,1284,314.0,1237.5,733.0
510,8.498408239700375,192,1113,446,1208,319.0,1160.5,656.0
511,8.515071785268415,193,1032,438,1121,315.5,1076.5,572.0
512,8.531735330836455,191,945,435,1037,313.0,991.0,486.5
513,8.548398876404494,180,863,438,953,309.0,908.0,403.5
514,8.565062421972534,179,783,435,876,307.0,829.5,325.0
515,8.581725967540574,175,720,437,806,306.0,763.0,258.5
516,8.598389513108614,164,639,436,736,300.0,687.5,183.0
517,8.615053058676654,166,586,441,674,303.5,630.0,125.5
518,8.631716604244694,158,537,440,624,299.0,580.5,76.0
519,8.648380149812734,150,508,440,583,295.0,545.5,41.0
520,8.665043695380774,144,489,443,563,293.5,526.0,21.5
521,8.681707240948814,144,488,441,561,292.5,524.5,20.0
522,8.698370786516854,145,500,441,575,293.0,537.5,33.0
523,8.715034332084894,151,524,440,609,295.5,566.5,62.0
524,8.731697877652934,162,580,430,663,296.0,621.5,117.0
525,8.748361423220974,168,628,432,726,300.0,677.0,172.5
526,8.765024968789014,168,693,432,795,300.0,744.0,239.5
527,8.781688514357054,170,759,426,869,298.0,814.0,309.5
528,8.798352059925094,177,837,427,943,302.0,890.0,385.5
529,8.815015605493134,178,934,423,1022,300.5,978.0,473.5
530,8.831679151061174,185,1015,430,1102,307.5,1058.5,554.0
531,8.848342696629214,184,1100,430,1183,307.0,1141.5,637.0
532,8.865006242197254,174,1175,438,1260,306.0,1217.5,713.0
533,8.881669787765293,176,1217,443,1328,309.5,1272.5,768.0
534,8.898333333333333,174,1310,446,1385,310.0,1347.5,843.0
535,8.914996878901373,168,1356,456,1424,312.0,1390.0,885.5
536,8.931660424469413,164,1380,461,1447,312.5,1413.5,909.0
537,8.948323970037453,164,1379,461,1447,312.5,1413.0,908.5
538,8.964987515605493,167,1366,461,1432,314.0,1399.0,894.5
539,8.981651061173533,171,1334,461,1406,316.0,1370.0,865.5
540,8.998314606741573,173,1296,457,1369,315.0,1332.5,828.0
541,9.014978152309613,178,1241,454,1318,316.0,1279.5,775.0
542,9.031641697877653,184,1169,449,1258,316.5,1213.5,709.0
543,9.048305243445693,183,1083,442,1190,312.5,1136.5,632.0
544,9.064968789013733,180,1008,436,1113,308.0,1060.5,556.0
545,9.081632334581773,183,935,432,1032,307.5,983.5,479.0
546,9.098295880149813,188,844,429,942,308.5,893.0,388.5
547,9.114959425717853,184,750,426,855,305.0,802.5,298.0
548,9.131622971285893,175,679,430,772,302.5,725.5,221.0
549,9.148286516853933,172,610,436,704,304.0,657.0,152.5
550,9.164950062421973,162,563,446,651,304.0,607.0,102.5
551,9.181613607990013,152,531,446,614,299.0,572.5,68.0
552,9.198277153558053,147,518,447,592,297.0,555.0,50.5
553,9.214940699126092,147,508,446,582,296.5,545.0,40.5
554,9.231604244694132,146,511,445,584,295.5,547.5,43.0
555,9.248267790262172,147,527,443,600,295.0,563.5,59.0
556,9.264931335830212,152,557,439,632,295.5,594.5,90.0
557,9.281594881398252,159,583,435,672,297.0,627.5,123.0
558,9.298258426966292,162,638,433,728,297.5,683.0,178.5
559,9.314921972534332,179,712,424,799,301.5,755.5,251.0
560,9.331585518102372,179,785,422,883,300.5,834.0,329.5
561,9.348249063670412,184,872,424,972,304.0,922.0,417.5
562,9.364912609238452,179,960,427,1057,303.0,1008.5,504.0
563,9.381576154806492,174,1041,434,1136,304.0,1088.5,584.0
564,9.398239700374532,176,1121,436,1214,306.0,1167.5,663.0
565,9.414903245942572,174,1184,445,1278,309.5,1231.0,726.5
566,9.431566791510612,172,1258,448,1333,310.0,1295.5,791.0
567,9.448230337078652,169,1302,451,1378,310.0,1340.0,835.5
568,9.464893882646692,165,1336,456,1407,310.5,1371.5,867.0
569,9.481557428214732,163,1360,457,1430,310.0,1395.0,890.5
570,9.498220973782772,162,1370,458,1438,310.0,1404.0,899.5
571,9.514884519350812,162,1364,458,1432,310.0,1398.0,893.5
572,9.531548064918852,166,1334,455,1405,310.5,1369.5,865.0
573,9.548211610486891,176,1282,449,1362,312.5,1322.0,817.5
574,9.564875156054931,184,1222,443,1301,313.5,1261.5,757.0
575,9.581538701622971,183,1150,446,1233,314.5,1191.5,687.0
576,9.598202247191011,187,1070,438,1157,312.5,1113.5,609.0
577,9.614865792759051,189,978,442,1075,315.5,1026.5,522.0
578,9.631529338327091,184,901,442,993,313.0,947.0,442.5
579,9.648192883895131,178,828,434,916,306.0,872.0,367.5
580,9.664856429463171,174,746,437,843,305.5,794.5,290.0
581,9.681519975031211,169,681,440,776,304.5,728.5,224.0
582,9.698183520599251,166,618,442,712,304.0,665.0,160.5
583,9.714847066167291,167,562,442,654,304.5,608.0,103.5
584,9.731510611735331,152,528,441,608,296.5,568.0,63.5
585,9.748174157303371,150,508,446,580,298.0,544.0,39.5
586,9.76483770287141,147,499,447,573,297.0,536.0,31.5
587,9.78150124843945,150,506,447,583,298.5,544.5,40.0
588,9.79816479400749,152,523,444,607,298.0,565.0,60.5
589,9.81482833957553,162,568,440,650,301.0,609.0,104.5
590,9.83149188514357,165,615,436,704,300.5,659.5,155.0
591,9.84815543071161,166,684,434,770,300.0,727.0,222.5
592,9.86481897627965,172,735,432,838,302.0,786.5,282.0
593,9.88148252184769,174,799,432,912,303.0,855.5,351.0
594,9.89814606741573,179,890,431,984,305.0,937.0,432.5
595,9.91480961298377,172,968,430,1062,301.0,1015.0,510.5
596,9.93147315855181,183,1040,436,1144,309.5,1092.0,587.5
597,9.94813670411985,178,1108,432,1223,305.0,1165.5,661.0
598,9.96480024968789,177,1193,440,1289,308.5,1241.0,736.5
599,9.98146379525593,171,1280,448,1350,309.5,1315.0,810.5
600,9.99812734082397,167,1323,453,1394,310.0,1358.5,854.0
601,10.01479088639201,161,1355,457,1423,309.0,1389.0,884.5
602,10.03145443196005,162,1367,456,1432,309.0,1399.5,895.0
603,10.04811797752809,163,1358,457,1423,310.0,1390.5,886.0
604,10.06478152309613,166,1335,456,1401,311.0,1368.0,863.5
605,10.08144506866417,164,1301,453,1371,308.5,1336.0,831.5
606,10.09810861423221,169,1257,448,1329,308.5,1293.0,788.5
607,10.11477215980025,173,1208,445,1279,309.0,1243.5,739.0
608,10.13143570536829,176,1126,435,1218,305.5,1172.0,667.5
609,10.14809925093633,184,1042,431,1144,307.5,1093.0,588.5
610,10.16476279650437,182,960,431,1069,306.5,1014.5,510.0
611,10.18142634207241,178,881,430,981,304.0,931.0,426.5
612,10.19808988764045,181,795,430,895,305.5,845.0,340.5
613,10.21475343320849,175,713,430,814,302.5,763.5,259.0
614,10.23141697877653,174,652,440,741,307.0,696.5,192.0
615,10.24808052434457,165,578,444,684,304.5,631.0,126.5
616,10.26474406991261,158,561,446,643,302.0,602.0,97.5
617,10.28140761548065,152,541,449,615,300.5,578.0,73.5
618,10.29807116104869,149,527,450,600,299.5,563.5,59.0
619,10.31473470661673,150,522,449,595,299.5,558.5,54.0
620,10.33139825218477,151,530,450,602,300.5,566.0,61.5
621,10.348061797752809,154,550,448,624,301.0,587.0,82.5
622,10.364725343320849,161,563,447,662,304.0,612.5,108.0
623,10.381388888888889,163,630,443,713,303.0,671.5,167.0
624,10.398052434456929,174,687,436,775,305.0,731.0,226.5
625,10.414715980024969,180,757,424,853,302.0,805.0,300.5
626,10.431379525593009,188,842,430,938,309.0,890.0,385.5
627,10.448043071161049,184,935,428,1023,306.0,979.0,474.5
628,10.464706616729089,183,1016,432,1103,307.5,1059.5,555.0
629,10.481370162297129,176,1079,440,1175,308.0,1127.0,622.5
630,10.498033707865169,178,1148,444,1239,311.0,1193.5,689.0
631,10.514697253433209,176,1223,450,1296,313.0,1259.5,755.0
632,10.531360799001249,169,1272,455,1345,312.0,1308.5,804.0
633,10.548024344569289,168,1311,455,1382,311.5,1346.5,842.0
634,10.564687890137328,162,1341,456,1408,309.0,1374.5,870.0
635,10.581351435705368,161,1358,456,1423,308.5,1390.5,886.0
636,10.598014981273408,161,1358,456,1423,308.5,1390.5,886.0
637,10.614678526841448,162,1338,454,1406,308.0,1372.0,867.5
638,10.631342072409488,170,1299,450,1370,310.0,1334.5,830.0
639,10.648005617977528,176,1239,440,1317,308.0,1278.0,773.5
640,10.664669163545568,178,1165,443,1254,310.5,1209.5,705.0
641,10.681332709113608,181,1087,434,1180,307.5,1133.5,629.0
642,10.697996254681648,182,1016,433,1104,307.5,1060.0,555.5
643,10.714659800249688,178,922,429,1030,303.5,976.0,471.5
644,10.731323345817728,172,864,433,953,302.5,908.5,404.0
645,10.747986891385768,170,794,436,882,303.0,838.0,333.5
646,10.764650436953808,170,719,435,812,302.5,765.5,261.0
647,10.781313982521848,166,641,434,746,300.0,693.5,189.0
648,10.797977528089888,162,596,438,688,300.0,642.0,137.5
649,10.814641073657928,157,551,440,638,298.5,594.5,90.0
650,10.831304619225968,150,527,445,603,297.5,565.0,60.5
651,10.847968164794008,148,514,448,586,298.0,550.0,45.5
652,10.864631710362048,150,517,448,590,299.0,553.5,49.0
653,10.881295255930088,155,521,448,610,301.5,565.5,61.0
654,10.897958801498127,160,567,444,644,302.0,605.5,101.0
655,10.914622347066167,166,588,440,692,303.0,640.0,135.5
656,10.931285892634207,171,651,441,750,306.0,700.5,196.0
657,10.947949438202247,176,720,437,814,306.5,767.0,262.5
658,10.964612983770287,174,784,439,881,306.5,832.5,328.0
659,10.981276529338327,180,858,437,952,308.5,905.0,400.5
660,10.997940074906367,180,935,437,1026,308.5,980.5,476.0
661,11.014603620474407,185,1014,440,1104,312.5,1059.0,554.5
662,11.031267166042447,184,1089,438,1182,311.0,1135.5,631.0
663,11.047930711610487,182,1162,449,1258,315.5,1210.0,705.5
664,11.064594257178527,175,1234,448,1319,311.5,1276.5,772.0
665,11.081257802746567,170,1290,454,1364,312.0,1327.0,822.5
666,11.097921348314607,168,1327,458,1397,313.0,1362.0,857.5
667,11.114584893882647,163,1345,459,1414,311.0,1379.5,875.0
668,11.131248439450687,162,1347,458,1414,310.0,1380.5,876.0
669,11.147911985018727,163,1328,456,1398,309.5,1363.0,858.5
670,11.164575530586767,168,1304,455,1373,311.5,1338.5,834.0
671,11.181239076154807,168,1265,448,1337,308.0,1301.0,796.5
672,11.197902621722847,169,1221,447,1296,308.0,1258.5,754.0
673,11.214566167290887,174,1147,442,1240,308.0,1193.5,689.0
674,11.231229712858926,170,1081,432,1174,301.0,1127.5,623.0
675,11.247893258426966,175,1007,431,1097,303.0,1052.0,547.5
676,11.264556803995006,174,926,428,1017,301.0,971.5,467.0
677,11.281220349563046,177,837,430,932,303.5,884.5,380.0
678,11.297883895131086,170,761,429,853,299.5,807.0,302.5
679,11.314547440699126,166,674,434,782,300.0,728.0,223.5
680,11.331210986267166,161,631,436,719,298.5,675.0,170.5
681,11.347874531835206,152,597,441,673,296.5,635.0,130.5
682,11.364538077403246,151,566,445,640,298.0,603.0,98.5
683,11.381201622971286,146,547,446,620,296.0,583.5,79.0
684,11.397865168539326,146,537,446,610,296.0,573.5,69.0
685,11.414528714107366,147,538,446,610,296.5,574.0,69.5
686,11.431192259675406,149,550,448,622,298.5,586.0,81.5
687,11.447855805243446,160,581,447,653,303.5,617.0,112.5
688,11.464519350811486,163,593,440,696,301.5,644.5,140.0
689,11.481182896379526,169,654,438,756,303.5,705.0,200.5
690,11.497846441947566,178,721,433,827,305.5,774.0,269.5
691,11.514509987515606,184,809,434,903,309.0,856.0,351.5
692,11.531173533083646,187,895,438,986,312.5,940.5,436.0
693,11.547837078651686,186,983,439,1065,312.5,1024.0,519.5
694,11.564500624219725,183,1049,444,1138,313.5,1093.5,589.0
695,11.581164169787765,182,1125,448,1204,315.0,1164.5,660.0
696,11.597827715355805,182,1173,452,1258,317.0,1215.5,711.0
697,11.614491260923845,178,1238,453,1312,315.5,1275.0,770.5
698,11.631154806491885,170,1288,456,1356,313.0,1322.0,817.5
699,11.647818352059925,168,1321,459,1388,313.5,1354.5,850.0
700,11.664481897627965,165,1340,461,1406,313.0,1373.0,868.5
701,11.681145443196005,162,1346,459,1413,310.5,1379.5,875.0
702,11.697808988764045,163,1333,458,1402,310.5,1367.5,863.0
703,11.714472534332085,168,1307,452,1375,310.0,1341.0,836.5
704,11.731136079900125,176,1254,448,1328,312.0,1291.0,786.5
705,11.747799625468165,177,1192,444,1270,310.5,1231.0,726.5
706,11.764463171036205,177,1109,440,1202,308.5,1155.5,651.0
707,11.781126716604245,172,1023,436,1132,304.0,1077.5,573.0
708,11.797790262172285,176,975,432,1061,304.0,1018.0,513.5
709,11.814453807740325,169,894,429,992,299.0,943.0,438.5
710,11.831117353308365,164,830,427,918,295.5,874.0,369.5
711,11.847780898876405,161,755,428,850,294.5,802.5,298.0
712,11.864444444444445,162,689,430,781,296.0,735.0,230.5
713,11.881107990012485,161,629,432,722,296.5,675.5,171.0
714,11.897771535580524,152,579,433,670,292.5,624.5,120.0
715,11.914435081148564,145,555,440,628,292.5,591.5,87.0
716,11.931098626716604,144,531,442,604,293.0,567.5,63.0
717,11.947762172284644,145,529,443,601,294.0,565.0,60.5
718,11.964425717852684,147,544,445,615,296.0,579.5,75.0
719,11.981089263420724,153,567,444,643,298.5,605.0,100.5
720,11.997752808988764,161,594,442,680,301.5,637.0,132.5
721,12.014416354556804,167,620,436,731,301.5,675.5,171.0
722,12.031079900124844,174,674,440,790,307.0,732.0,227.5
723,12.047743445692884,178,760,441,853,309.5,806.5,302.0
724,12.064406991260924,178,833,441,920,309.5,876.5,372.0
725,12.081070536828964,184,901,440,993,312.0,947.0,442.5
726,12.097734082397004,183,981,441,1069,312.0,1025.0,520.5
727,12.114397627965044,187,1050,444,1146,315.5,1098.0,593.5
728,12.131061173533084,184,1124,448,1221,316.0,1172.5,668.0
729,12.147724719101124,179,1208,450,1287,314.5,1247.5,743.0
730,12.164388264669164,173,1264,457,1336,315.0,1300.0,795.5
731,12.181051810237204,169,1298,464,1372,316.5,1335.0,830.5
732,12.197715355805244,169,1324,463,1394,316.0,1359.0,854.5
733,12.214378901373284,168,1334,463,1400,315.5,1367.0,862.5
734,12.231042446941323,167,1326,462,1393,314.5,1359.5,855.0
735,12.247705992509363,169,1305,459,1374,314.0,1339.5,835.0
736,12.264369538077403,170,1274,456,1344,313.0,1309.0,804.5
737,12.281033083645443,166,1235,448,1305,307.0,1270.0,765.5
738,12.297696629213483,170,1167,447,1257,308.5,1212.0,707.5
739,12.314360174781523,166,1107,440,1202,303.0,1154.5,650.0
740,12.331023720349563,178,1018,435,1127,306.5,1072.5,568.0
741,12.347687265917603,173,953,428,1048,300.5,1000.5,496.0
742,12.364350811485643,171,863,427,966,299.0,914.5,410.0
743,12.381014357053683,168,780,429,888,298.5,834.0,329.5
744,12.397677902621723,164,734,430,817,297.0,775.5,271.0
745,12.414341448189763,160,669,430,755,295.0,712.0,207.5
746,12.431004993757803,151,625,434,705,292.5,665.0,160.5
747,12.447668539325843,147,591,439,666,293.0,628.5,124.0
748,12.464332084893883,142,566,440,640,291.0,603.0,98.5
749,12.480995630461923,140,555,438,626,289.0,590.5,86.0
750,12.497659176029963,141,549,441,621,291.0,585.0,80.5
751,12.514322721598003,143,555,442,626,292.5,590.5,86.0
752,12.530986267166043,146,575,440,647,293.0,611.0,106.5
753,12.547649812734083,154,608,438,684,296.0,646.0,141.5
754,12.564313358302122,161,645,435,739,298.0,692.0,187.5
755,12.580976903870162,168,695,432,802,300.0,748.5,244.0
756,12.597640449438202,177,765,428,879,302.5,822.0,317.5
757,12.614303995006242,184,860,435,953,309.5,906.5,402.0
758,12.630967540574282,182,938,435,1032,308.5,985.0,480.5
759,12.647631086142322,184,1016,440,1105,312.0,1060.5,556.0
760,12.664294631710362,179,1060,449,1172,314.0,1116.0,611.5
761,12.680958177278402,181,1151,454,1229,317.5,1190.0,685.5
762,12.697621722846442,176,1206,455,1280,315.5,1243.0,738.5
763,12.714285268414482,179,1254,462,1330,320.5,1292.0,787.5
764,12.730948813982522,172,1293,460,1369,316.0,1331.0,826.5
765,12.747612359550562,170,1323,465,1392,317.5,1357.5,853.0
766,12.764275905118602,168,1335,465,1402,316.5,1368.5,864.0
767,12.780939450686642,167,1329,464,1396,315.5,1362.5,858.0
768,12.797602996254682,172,1303,462,1374,317.0,1338.5,834.0
769,12.814266541822722,174,1266,459,1337,316.5,1301.5,797.0
770,12.830930087390762,179,1211,450,1286,314.5,1248.5,744.0
771,12.847593632958802,179,1132,442,1224,310.5,1178.0,673.5
772,12.864257178526842,180,1063,438,1157,309.0,1110.0,605.5
773,12.880920724094882,170,974,436,1088,303.0,1031.0,526.5
774,12.897584269662921,170,938,438,1023,304.0,980.5,476.0
775,12.914247815230961,168,866,435,952,301.5,909.0,404.5
776,12.930911360799001,172,782,429,883,300.5,832.5,328.0
777,12.947574906367041,164,712,425,814,294.5,763.0,258.5
778,12.964238451935081,158,640,430,752,294.0,696.0,191.5
779,12.980901997503121,150,618,433,697,291.5,657.5,153.0
780,12.997565543071161,145,578,438,655,291.5,616.5,112.0
781,13.014229088639201,142,553,440,627,291.0,590.0,85.5
782,13.030892634207241,141,543,440,615,290.5,579.0,74.5
783,13.047556179775281,141,549,440,621,290.5,585.0,80.5
784,13.064219725343321,144,565,440,644,292.0,604.5,100.0
785,13.080883270911361,152,592,440,679,296.0,635.5,131.0
786,13.097546816479401,154,627,440,723,297.0,675.0,170.5
787,13.11421036204744,161,687,438,769,299.5,728.0,223.5
788,13.13087390761548,168,743,438,829,303.0,786.0,281.5
789,13.14753745318352,174,808,434,894,304.0,851.0,346.5
790,13.16420099875156,176,867,432,964,304.0,915.5,411.0
791,13.1808645443196,179,943,443,1038,311.0,990.5,486.0
792,13.19752808988764,185,1026,443,1112,314.0,1069.0,564.5
793,13.21419163545568,188,1091,442,1185,315.0,1138.0,633.5
794,13.23085518102372,185,1159,452,1252,318.5,1205.5,701.0
795,13.24751872659176,178,1237,455,1308,316.5,1272.5,768.0
796,13.2641822721598,169,1278,464,1347,316.5,1312.5,808.0
797,13.28084581772784,170,1304,466,1372,318.0,1338.0,833.5
798,13.29750936329588,173,1318,467,1384,320.0,1351.0,846.5
799,13.31417290886392,171,1318,467,1384,319.0,1351.0,846.5
800,13.33083645443196,169,1304,464,1371,316.5,1337.5,833.0
801,13.3475,171,1279,464,1350,317.5,1314.5,810.0
802,13.36416354556804,171,1243,456,1315,313.5,1279.0,774.5
803,13.38082709113608,178,1199,451,1272,314.5,1235.5,731.0
804,13.39749063670412,178,1135,448,1218,313.0,1176.5,672.0
805,13.41415418227216,182,1065,440,1157,311.0,1111.0,606.5
806,13.4308177278402,178,988,434,1080,306.0,1034.0,529.5
807,13.44748127340824,177,890,433,997,305.0,943.5,439.0
808,13.46414481897628,176,810,432,921,304.0,865.5,361.0
809,13.48080836454432,168,739,434,852,301.0,795.5,291.0
810,13.49747191011236,161,686,433,788,297.0,737.0,232.5
811,13.5141354556804,157,654,434,739,295.5,696.5,192.0
812,13.53079900124844,149,615,437,694,293.0,654.5,150.0
813,13.54746254681648,144,589,438,664,291.0,626.5,122.0
814,13.56412609238452,139,570,438,643,288.5,606.5,102.0
815,13.58078963795256,139,562,437,635,288.0,598.5,94.0
816,13.5974531835206,140,562,438,636,289.0,599.0,94.5
817,13.61411672908864,141,576,440,647,290.5,611.5,107.0
818,13.63078027465668,152,599,436,678,294.0,638.5,134.0
819,13.64744382022472,160,637,430,724,295.0,680.5,176.0
820,13.66410736579276,167,691,428,783,297.5,737.0,232.5
821,13.6807709113608,168,755,426,854,297.0,804.5,300.0
822,13.697434456928839,167,836,430,926,298.5,881.0,376.5
823,13.714098002496879,174,910,430,999,302.0,954.5,450.0
824,13.730761548064919,178,980,435,1071,306.5,1025.5,521.0
825,13.747425093632959,178,1046,443,1136,310.5,1091.0,586.5
826,13.764088639200999,176,1113,446,1196,311.0,1154.5,650.0
827,13.780752184769039,176,1175,454,1251,315.0,1213.0,708.5
828,13.797415730337079,175,1212,458,1299,316.5,1255.5,751.0
829,13.814079275905119,176,1267,460,1340,318.0,1303.5,799.0
830,13.830742821473159,171,1303,464,1373,317.5,1338.0,833.5
831,13.847406367041199,170,1324,467,1390,318.5,1357.0,852.5
832,13.864069912609239,169,1323,467,1389,318.0,1356.0,851.5
833,13.880733458177279,172,1302,465,1373,318.5,1337.5,833.0
834,13.897397003745319,174,1270,462,1341,318.0,1305.5,801.0
835,13.914060549313358,179,1225,458,1298,318.5,1261.5,757.0
836,13.930724094881398,182,1165,452,1243,317.0,1204.0,699.5
837,13.947387640449438,179,1097,443,1181,311.0,1139.0,634.5
838,13.964051186017478,182,1034,448,1114,315.0,1074.0,569.5
839,13.980714731585518,173,960,444,1050,308.5,1005.0,500.5
840,13.997378277153558,175,895,438,988,306.5,941.5,437.0
841,14.014041822721598,176,820,431,918,303.5,869.0,364.5
842,14.030705368289638,170,762,433,849,301.5,805.5,301.0
843,14.047368913857678,165,679,437,783,301.0,731.0,226.5
844,14.064032459425718,157,623,440,729,298.5,676.0,171.5
845,14.080696004993758,146,600,440,681,293.0,640.5,136.0
846,14.097359550561798,146,575,440,648,293.0,611.5,107.0
847,14.114023096129838,141,560,441,632,291.0,596.0,91.5
848,14.130686641697878,141,560,441,632,291.0,596.0,91.5
849,14.147350187265918,144,573,439,646,291.5,609.5,105.0
850,14.164013732833958,143,601,436,675,289.5,638.0,133.5
851,14.180677278401998,148,637,433,712,290.5,674.5,170.0
852,14.197340823970038,152,678,433,756,292.5,717.0,212.5
853,14.214004369538078,162,719,430,808,296.0,763.5,259.0
854,14.230667915106118,164,780,426,867,295.0,823.5,319.0
855,14.247331460674157,168,843,432,932,300.0,887.5,383.0
856,14.263995006242197,169,924,433,1007,301.0,965.5,461.0
857,14.280658551810237,175,984,435,1080,305.0,1032.0,527.5
858,14.297322097378277,178,1064,441,1152,309.5,1108.0,603.5
859,14.313985642946317,175,1128,447,1218,311.0,1173.0,668.5
860,14.330649188514357,173,1198,449,1278,311.0,1238.0,733.5
861,14.347312734082397,169,1253,456,1323,312.5,1288.0,783.5
862,14.363976279650437,166,1281,462,1350,314.0,1315.5,811.0
863,14.380639825218477,169,1298,463,1366,316.0,1332.0,827.5
864,14.397303370786517,168,1305,466,1371,317.0,1338.0,833.5
865,14.413966916354557,169,1298,465,1366,317.0,1332.0,827.5
866,14.430630461922597,169,1281,465,1350,317.0,1315.5,811.0
867,14.447294007490637,174,1251,462,1326,318.0,1288.5,784.0
868,14.463957553058677,178,1212,459,1282,318.5,1247.0,742.5
869,14.480621098626717,182,1160,453,1235,317.5,1197.5,693.0
870,14.497284644194757,182,1093,450,1177,316.0,1135.0,630.5
871,14.513948189762797,178,1010,443,1105,310.5,1057.5,553.0
872,14.530611735330837,184,936,436,1029,310.0,982.5,478.0
873,14.547275280898877,184,867,439,954,311.5,910.5,406.0
874,14.563938826466917,177,796,440,883,308.5,839.5,335.0
875,14.580602372034956,169,736,439,822,304.0,779.0,274.5
876,14.597265917602996,162,689,439,770,300.5,729.5,225.0
877,14.613929463171036,154,639,442,724,298.0,681.5,177.0
878,14.630593008739076,148,615,441,687,294.5,651.0,146.5
879,14.647256554307116,146,590,441,662,293.5,626.0,121.5
880,14.663920099875156,143,576,441,648,292.0,612.0,107.5
881,14.680583645443196,142,574,440,644,291.0,609.0,104.5
882,14.697247191011236,142,582,439,653,290.5,617.5,113.0
883,14.713910736579276,148,602,440,675,294.0,638.5,134.0
884,14.730574282147316,153,632,437,714,295.0,673.0,168.5
885,14.747237827715356,154,667,428,770,291.0,718.5,214.0
886,14.763901373283396,162,724,429,832,295.5,778.0,273.5
887,14.780564918851436,164,789,431,902,297.5,845.5,341.0
888,14.797228464419476,164,859,431,970,297.5,914.5,410.0
889,14.813892009987516,170,952,434,1037,302.0,994.5,490.0
890,14.830555555555556,167,1021,440,1102,303.5,1061.5,557.0
891,14.847219101123596,170,1083,439,1166,304.5,1124.5,620.0
892,14.863882646691636,169,1150,447,1223,308.0,1186.5,682.0
893,14.880546192259676,170,1199,448,1271,309.0,1235.0,730.5
894,14.897209737827716,167,1243,451,1314,309.0,1278.5,774.0
895,14.913873283395755,168,1279,460,1350,314.0,1314.5,810.0
896,14.930536828963795,168,1305,463,1373,315.5,1339.0,834.5
897,14.947200374531835,167,1314,465,1380,316.0,1347.0,842.5
898,14.963863920099875,168,1299,463,1371,315.5,1335.0,830.5
899,14.980527465667915,171,1272,463,1343,317.0,1307.5,803.0
900,14.997191011235955,177,1232,457,1304,317.0,1268.0,763.5
901,15.013854556803995,179,1182,456,1258,317.5,1220.0,715.5
902,15.030518102372035,182,1119,451,1202,316.5,1160.5,656.0
903,15.047181647940075,183,1056,448,1141,315.5,1098.5,594.0
904,15.063845193508115,181,993,448,1079,314.5,1036.0,531.5
905,15.080508739076155,183,899,441,1015,312.0,957.0,452.5
906,15.097172284644195,177,858,440,952,308.5,905.0,400.5
907,15.113835830212235,177,786,440,883,308.5,834.5,330.0
908,15.130499375780275,173,725,440,818,306.5,771.5,267.0
909,15.147162921348315,168,676,440,758,304.0,717.0,212.5
910,15.163826466916355,161,625,446,711,303.5,668.0,163.5
911,15.180490012484395,152,598,444,673,298.0,635.5,131.0
912,15.197153558052435,146,580,445,652,295.5,616.0,111.5
913,15.213817103620475,146,575,444,646,295.0,610.5,106.0
914,15.230480649188515,144,582,443,654,293.5,618.0,113.5
915,15.247144194756554,147,600,439,675,293.0,637.5,133.0
916,15.263807740324594,152,632,440,707,296.0,669.5,165.0
917,15.280471285892634,154,661,438,746,296.0,703.5,199.0
918,15.297134831460674,159,713,436,791,297.5,752.0,247.5
919,15.313798377028714,159,755,437,844,298.0,799.5,295.0
920,15.330461922596754,167,823,434,908,300.5,865.5,361.0
921,15.347125468164794,173,856,432,976,302.5,916.0,411.5
922,15.363789013732834,172,934,431,1049,301.5,991.5,487.0
923,15.380452559300874,174,1031,436,1119,305.0,1075.0,570.5
924,15.397116104868914,175,1096,438,1184,306.5,1140.0,635.5
925,15.413779650436954,172,1160,447,1248,309.5,1204.0,699.5
926,15.430443196004994,166,1224,449,1294,307.5,1259.0,754.5
927,15.447106741573034,162,1258,457,1326,309.5,1292.0,787.5
928,15.463770287141074,162,1280,458,1348,310.0,1314.0,809.5
929,15.480433832709114,162,1290,458,1357,310.0,1323.5,819.0
930,15.497097378277154,162,1290,458,1357,310.0,1323.5,819.0
931,15.513760923845194,165,1280,462,1346,313.5,1313.0,808.5
932,15.530424469413234,168,1259,462,1327,315.0,1293.0,788.5
933,15.547088014981274,169,1224,456,1295,312.5,1259.5,755.0
934,15.563751560549314,177,1170,452,1250,314.5,1210.0,705.5
935,15.580415106117353,180,1106,448,1195,314.0,1150.5,646.0
936,15.597078651685393,184,1022,447,1129,315.5,1075.5,571.0
937,15.613742197253433,186,974,446,1062,316.0,1018.0,513.5
938,15.630405742821473,184,906,439,984,311.5,945.0,440.5
939,15.647069288389513,180,835,442,915,311.0,875.0,370.5
940,15.663732833957553,174,739,448,853,311.0,796.0,291.5
941,15.680396379525593,168,720,449,798,308.5,759.0,254.5
942,15.697059925093633,162,673,446,751,304.0,712.0,207.5
943,15.713723470661673,158,636,446,714,302.0,675.0,170.5
944,15.730387016229713,154,611,447,682,300.5,646.5,142.0
945,15.747050561797753,152,591,448,664,300.0,627.5,123.0
946,15.763714107365793,150,584,448,654,299.0,619.0,114.5
947,15.780377652933833,147,587,447,659,297.0,623.0,118.5
948,15.797041198501873,149,602,446,675,297.5,638.5,134.0
949,15.813704744069913,156,594,441,706,298.5,650.0,145.5
950,15.830368289637953,161,653,440,752,300.5,702.5,198.0
951,15.847031835205993,162,718,432,810,297.0,764.0,259.5
952,15.863695380774033,168,781,426,876,297.0,828.5,324.0
953,15.880358926342073,168,846,430,944,299.0,895.0,390.5
954,15.897022471910113,168,927,433,1008,300.5,967.5,463.0
955,15.913686017478152,169,981,434,1070,301.5,1025.5,521.0
956,15.930349563046192,168,1054,440,1131,304.0,1092.5,588.0
957,15.947013108614232,168,1119,439,1191,303.5,1155.0,650.5
958,15.963676654182272,168,1169,448,1242,308.0,1205.5,701.0
959,15.980340199750312,165,1212,448,1287,306.5,1249.5,745.0
960,15.997003745318352,164,1251,452,1327,308.0,1289.0,784.5
961,16.013667290886392,162,1285,456,1354,309.0,1319.5,815.0
962,16.030330836454432,161,1301,459,1366,310.0,1333.5,829.0
963,16.046994382022472,161,1295,456,1363,308.5,1329.0,824.5
964,16.063657927590512,168,1273,456,1343,312.0,1308.0,803.5
965,16.080321473158552,164,1237,454,1309,309.0,1273.0,768.5
966,16.096985018726592,175,1183,452,1266,313.5,1224.5,720.0
967,16.113648564294632,175,1136,452,1218,313.5,1177.0,672.5
968,16.130312109862672,177,1073,447,1164,312.0,1118.5,614.0
969,16.146975655430712,174,1019,449,1108,311.5,1063.5,559.0
970,16.16363920099875,176,959,441,1042,308.5,1000.5,496.0
971,16.18030274656679,178,884,440,981,309.0,932.5,428.0
972,16.19696629213483,173,808,440,914,306.5,861.0,356.5
973,16.21362983770287,176,756,442,849,309.0,802.5,298.0
974,16.23029338327091,170,698,446,790,308.0,744.0,239.5
975,16.24695692883895,167,649,449,734,308.0,691.5,187.0
976,16.26362047440699,159,618,449,696,304.0,657.0,152.5
977,16.28028401997503,152,598,451,670,301.5,634.0,129.5
978,16.29694756554307,151,590,450,662,300.5,626.0,121.5
979,16.31361111111111,152,592,450,664,301.0,628.0,123.5
980,16.33027465667915,152,606,447,677,299.5,641.5,137.0
981,16.34693820224719,156,630,446,702,301.0,666.0,161.5
982,16.36360174781523,158,661,445,736,301.5,698.5,194.0
983,16.38026529338327,162,701,440,778,301.0,739.5,235.0
984,16.39692883895131,162,736,440,827,301.0,781.5,277.0
985,16.41359238451935,169,771,438,882,303.5,826.5,322.0
986,16.43025593008739,174,854,434,948,304.0,901.0,396.5
987,16.44691947565543,175,926,431,1017,303.0,971.5,467.0
988,16.46358302122347,170,986,432,1089,301.0,1037.5,533.0
989,16.48024656679151,171,1078,442,1154,306.5,1116.0,611.5
990,16.49691011235955,167,1137,445,1214,306.0,1175.5,671.0
991,16.51357365792759,165,1188,447,1261,306.0,1224.5,720.0
992,16.53023720349563,160,1230,452,1301,306.0,1265.5,761.0
993,16.54690074906367,159,1257,454,1327,306.5,1292.0,787.5
994,16.56356429463171,159,1273,456,1342,307.5,1307.5,803.0
995,16.58022784019975,159,1278,456,1344,307.5,1311.0,806.5
996,16.59689138576779,160,1272,456,1340,308.0,1306.0,801.5
997,16.61355493133583,161,1258,456,1326,308.5,1292.0,787.5
998,16.63021847690387,167,1232,456,1302,311.5,1267.0,762.5
999,16.64688202247191,166,1192,450,1262,308.0,1227.0,722.5
1000,16.66354556803995,169,1134,449,1212,309.0,1173.0,668.5
1001,16.68020911360799,176,1070,442,1150,309.0,1110.0,605.5
1002,16.69687265917603,176,988,438,1085,307.0,1036.5,532.0
1003,16.71353620474407,180,926,441,1016,310.5,971.0,466.5
1004,16.73019975031211,175,854,441,946,308.0,900.0,395.5
1005,16.74686329588015,171,804,444,882,307.5,843.0,338.5
1006,16.76352684144819,168,744,443,827,305.5,785.5,281.0
1007,16.78019038701623,165,691,446,780,305.5,735.5,231.0
1008,16.79685393258427,160,666,446,743,303.0,704.5,200.0
1009,16.81351747815231,158,631,450,709,304.0,670.0,165.5
1010,16.83018102372035,155,608,451,683,303.0,645.5,141.0
1011,16.84684456928839,153,595,452,666,302.5,630.5,126.0
1012,16.86350811485643,152,594,452,666,302.0,630.0,125.5
1013,16.88017166042447,154,607,449,678,301.5,642.5,138.0
1014,16.89683520599251,159,608,449,705,304.0,656.5,152.0
1015,16.91349875156055,162,656,447,745,304.5,700.5,196.0
1016,16.93016229712859,166,711,439,796,302.5,753.5,249.0
1017,16.94682584269663,172,763,438,857,305.0,810.0,305.5
1018,16.96348938826467,175,823,436,920,305.5,871.5,367.0
1019,16.98015293383271,173,872,438,982,305.5,927.0,422.5
1020,16.99681647940075,171,961,443,1043,307.0,1002.0,497.5
1021,17.01348002496879,174,1019,442,1100,308.0,1059.5,555.0
1022,17.03014357053683,173,1079,444,1158,308.5,1118.5,614.0
1023,17.04680711610487,170,1130,441,1210,305.5,1170.0,665.5
1024,17.06347066167291,169,1190,451,1261,310.0,1225.5,721.0
1025,17.08013420724095,163,1230,452,1303,307.5,1266.5,762.0
1026,17.09679775280899,160,1262,454,1331,307.0,1296.5,792.0
1027,17.11346129837703,158,1283,455,1349,306.5,1316.0,811.5
1028,17.13012484394507,158,1284,455,1352,306.5,1318.0,813.5
1029,17.14678838951311,159,1270,454,1339,306.5,1304.5,800.0
1030,17.16345193508115,163,1241,451,1311,307.0,1276.0,771.5
1031,17.18011548064919,168,1199,451,1273,309.5,1236.0,731.5
1032,17.19677902621723,164,1150,450,1228,307.0,1189.0,684.5
1033,17.21344257178527,169,1097,448,1180,308.5,1138.5,634.0
1034,17.23010611735331,169,1040,441,1128,305.0,1084.0,579.5
1035,17.24676966292135,171,982,439,1066,305.0,1024.0,519.5
1036,17.26343320848939,172,908,436,1006,304.0,957.0,452.5
1037,17.28009675405743,171,856,438,942,304.5,899.0,394.5
1038,17.29676029962547,168,786,440,879,304.0,832.5,328.0
1039,17.31342384519351,168,729,440,822,304.0,775.5,271.0
1040,17.33008739076155,164,657,448,764,306.0,710.5,206.0
1041,17.346750936329588,158,639,450,720,304.0,679.5,175.0
1042,17.363414481897628,154,619,451,691,302.5,655.0,150.5
1043,17.380078027465668,153,606,452,678,302.5,642.0,137.5
1044,17.396741573033708,154,606,451,677,302.5,641.5,137.0
1045,17.413405118601748,153,614,452,685,302.5,649.5,145.0
1046,17.430068664169788,157,632,452,702,304.5,667.0,162.5
1047,17.446732209737828,163,656,450,730,306.5,693.0,188.5
1048,17.463395755305868,166,652,446,767,306.0,709.5,205.0
1049,17.480059300873908,166,727,447,814,306.5,770.5,266.0
1050,17.496722846441948,171,777,441,864,306.0,820.5,316.0
1051,17.513386392009988,176,817,440,924,308.0,870.5,366.0
1052,17.530049937578028,177,905,438,988,307.5,946.5,442.0
1053,17.546713483146068,177,979,442,1059,309.5,1019.0,514.5
1054,17.563377028714108,178,1017,442,1126,310.0,1071.5,567.0
1055,17.580040574282148,174,1106,446,1185,310.0,1145.5,641.0
1056,17.596704119850187,171,1161,450,1234,310.5,1197.5,693.0
1057,17.613367665418227,170,1203,454,1274,312.0,1238.5,734.0
1058,17.630031210986267,164,1234,455,1302,309.5,1268.0,763.5
1059,17.646694756554307,162,1253,456,1322,309.0,1287.5,783.0
1060,17.663358302122347,160,1265,457,1332,308.5,1298.5,794.0
1061,17.680021847690387,160,1266,456,1332,308.0,1299.0,794.5
1062,17.696685393258427,160,1255,456,1321,308.0,1288.0,783.5
1063,17.713348938826467,159,1230,454,1302,306.5,1266.0,761.5
1064,17.730012484394507,162,1200,450,1274,306.0,1237.0,732.5
1065,17.746676029962547,169,1150,446,1227,307.5,1188.5,684.0
1066,17.763339575530587,168,1071,441,1168,304.5,1119.5,615.0
1067,17.780003121098627,169,997,438,1106,303.5,1051.5,547.0
1068,17.796666666666667,172,934,439,1039,305.5,986.5,482.0
1069,17.813330212234707,171,890,434,975,302.5,932.5,428.0
1070,17.829993757802747,165,827,440,912,302.5,869.5,365.0
1071,17.846657303370787,162,780,443,859,302.5,819.5,315.0
1072,17.863320848938827,160,718,440,808,300.0,763.0,258.5
1073,17.879984394506867,154,692,446,766,300.0,729.0,224.5
1074,17.896647940074907,152,659,446,732,299.0,695.5,191.0
1075,17.913311485642947,152,632,447,703,299.5,667.5,163.0
1076,17.929975031210986,151,611,450,683,300.5,647.0,142.5
1077,17.946638576779026,152,604,452,676,302.0,640.0,135.5
1078,17.963302122347066,153,611,451,684,302.0,647.5,143.0
1079,17.979965667915106,156,632,450,704,303.0,668.0,163.5
1080,17.996629213483146,164,663,448,740,306.0,701.5,197.0
1081,18.013292759051186,168,707,445,786,306.5,746.5,242.0
1082,18.029956304619226,170,760,445,840,307.5,800.0,295.5
1083,18.046619850187266,172,801,444,897,308.0,849.0,344.5
1084,18.063283395755306,176,877,446,958,311.0,917.5,413.0
1085,18.079946941323346,176,936,447,1018,311.5,977.0,472.5
1086,18.096610486891386,174,992,448,1073,311.0,1032.5,528.0
1087,18.113274032459426,181,1044,449,1127,315.0,1085.5,581.0
1088,18.129937578027466,176,1107,449,1183,312.5,1145.0,640.5
1089,18.146601123595506,174,1159,456,1234,315.0,1196.5,692.0
1090,18.163264669163546,168,1205,459,1278,313.5,1241.5,737.0
1091,18.179928214731586,163,1241,457,1311,310.0,1276.0,771.5
1092,18.196591760299626,163,1264,458,1331,310.5,1297.5,793.0
1093,18.213255305867666,161,1272,457,1338,309.0,1305.0,800.5
1094,18.229918851435706,161,1264,457,1331,309.0,1297.5,793.0
1095,18.246582397003746,162,1240,453,1310,307.5,1275.0,770.5
1096,18.263245942571785,168,1203,450,1277,309.0,1240.0,735.5
1097,18.279909488139825,164,1164,445,1240,304.5,1202.0,697.5
1098,18.296573033707865,168,1120,445,1193,306.5,1156.5,652.0
1099,18.313236579275905,168,1071,440,1146,304.0,1108.5,604.0
1100,18.329900124843945,168,1011,437,1090,302.5,1050.5,546.0
1101,18.346563670411985,174,944,433,1034,303.5,989.0,484.5
1102,18.363227215980025,168,881,431,972,299.5,926.5,422.0
1103,18.379890761548065,162,798,434,906,298.0,852.0,347.5
1104,18.396554307116105,160,743,432,846,296.0,794.5,290.0
1105,18.413217852684145,157,681,435,793,296.0,737.0,232.5
1106,18.429881398252185,157,638,445,747,301.0,692.5,188.0
1107,18.446544943820225,149,639,444,714,296.5,676.5,172.0
1108,18.463208489388265,147,623,447,696,297.0,659.5,155.0
1109,18.479872034956305,149,618,448,691,298.5,654.5,150.0
1110,18.496535580524345,150,624,449,695,299.5,659.5,155.0
1111,18.513199126092385,152,638,449,708,300.5,673.0,168.5
1112,18.529862671660425,160,656,451,730,305.5,693.0,188.5
1113,18.546526217228465,162,687,448,761,305.0,724.0,219.5
1114,18.563189762796505,165,721,450,799,307.5,760.0,255.5
1115,18.579853308364545,169,770,446,848,307.5,809.0,304.5
1116,18.596516853932584,178,822,446,905,312.0,863.5,359.0
1117,18.613180399500624,179,887,448,965,313.5,926.0,421.5
1118,18.629843945068664,185,944,449,1032,317.0,988.0,483.5
1119,18.646507490636704,184,1001,446,1098,315.0,1049.5,545.0
1120,18.663171036204744,178,1068,450,1158,314.0,1113.0,608.5
1121,18.679834581772784,175,1133,455,1209,315.0,1171.0,666.5
1122,18.696498127340824,172,1175,457,1247,314.5,1211.0,706.5
1123,18.713161672908864,170,1211,460,1279,315.0,1245.0,740.5
1124,18.729825218476904,167,1234,462,1303,314.5,1268.5,764.0
1125,18.746488764044944,166,1249,461,1316,313.5,1282.5,778.0
1126,18.763152309612984,166,1255,462,1321,314.0,1288.0,783.5
1127,18.779815855181024,164,1249,460,1315,312.0,1282.0,777.5
1128,18.796479400749064,163,1233,458,1300,310.5,1266.5,762.0
1129,18.813142946317104,164,1205,453,1275,308.5,1240.0,735.5
1130,18.829806491885144,166,1162,448,1237,307.0,1199.5,695.0
1131,18.846470037453184,171,1110,437,1184,304.0,1147.0,642.5
1132,18.863133583021224,170,1033,435,1125,302.5,1079.0,574.5
1133,18.879797128589264,168,981,438,1064,303.0,1022.5,518.0
1134,18.896460674157304,163,895,438,1001,300.5,948.0,443.5
1135,18.913124219725344,162,857,434,941,298.0,899.0,394.5
1136,18.929787765293383,156,808,437,887,296.5,847.5,343.0
1137,18.946451310861423,155,761,435,836,295.0,798.5,294.0
1138,18.963114856429463,154,716,440,792,297.0,754.0,249.5
1139,18.979778401997503,150,680,440,754,295.0,717.0,212.5
1140,18.996441947565543,148,652,442,724,295.0,688.0,183.5
1141,19.013105493133583,146,629,445,702,295.5,665.5,161.0
1142,19.029769038701623,146,617,445,688,295.5,652.5,148.0
1143,19.046432584269663,146,616,445,690,295.5,653.0,148.5
1144,19.063096129837703,152,633,448,705,300.0,669.0,164.5
1145,19.079759675405743,158,658,447,738,302.5,698.0,193.5
1146,19.096423220973783,162,688,448,778,305.0,733.0,228.5
1147,19.113086766541823,170,740,444,826,307.0,783.0,278.5
1148,19.129750312109863,173,793,447,878,310.0,835.5,331.0
1149,19.146413857677903,172,852,448,936,310.0,894.0,389.5
1150,19.163077403245943,176,878,451,993,313.5,935.5,431.0
1151,19.179740948813983,178,963,452,1050,315.0,1006.5,502.0
1152,19.196404494382023,178,1016,454,1102,316.0,1059.0,554.5
1153,19.213068039950063,179,1080,453,1155,316.0,1117.5,613.0
1154,19.229731585518103,179,1134,458,1208,318.5,1171.0,666.5
1155,19.246395131086143,178,1179,458,1252,318.0,1215.5,711.0
1156,19.263058676654182,172,1218,463,1290,317.5,1254.0,749.5
1157,19.279722222222222,168,1244,463,1312,315.5,1278.0,773.5
1158,19.296385767790262,167,1257,462,1324,314.5,1290.5,786.0
1159,19.313049313358302,165,1254,461,1320,313.0,1287.0,782.5
1160,19.329712858926342,165,1236,461,1305,313.0,1270.5,766.0
1161,19.346376404494382,168,1210,456,1280,312.0,1245.0,740.5
1162,19.363039950062422,169,1173,456,1244,312.5,1208.5,704.0
1163,19.379703495630462,172,1129,447,1202,309.5,1165.5,661.0
1164,19.396367041198502,168,1082,450,1160,309.0,1121.0,616.5
1165,19.413030586766542,168,1031,443,1110,305.5,1070.5,566.0
1166,19.429694132334582,166,941,438,1054,302.0,997.5,493.0
1167,19.446357677902622,166,911,440,996,303.0,953.5,449.0
1168,19.463021223470662,167,845,434,932,300.5,888.5,384.0
1169,19.479684769038702,164,770,433,873,298.5,821.5,317.0
1170,19.496348314606742,154,736,434,819,294.0,777.5,273.0
1171,19.51301186017478,151,689,434,773,292.5,731.0,226.5
1172,19.52967540574282,146,665,440,737,293.0,701.0,196.5
1173,19.54633895131086,143,642,441,714,292.0,678.0,173.5
1174,19.5630024968789,141,632,441,704,291.0,668.0,163.5
1175,19.57966604244694,141,632,440,705,290.5,668.5,164.0
1176,19.59632958801498,145,644,442,714,293.5,679.0,174.5
1177,19.61299313358302,146,659,446,731,296.0,695.0,190.5
1178,19.62965667915106,151,667,446,755,298.5,711.0,206.5
1179,19.6463202247191,159,700,446,789,302.5,744.5,240.0
1180,19.66298377028714,162,739,440,832,301.0,785.5,281.0
1181,19.67964731585518,168,788,442,887,305.0,837.5,333.0
1182,19.69631086142322,172,844,444,945,308.0,894.5,390.0
1183,19.71297440699126,178,916,444,1006,311.0,961.0,456.5
1184,19.7296379525593,181,986,447,1071,314.0,1028.5,524.0
1185,19.74630149812734,179,1036,450,1128,314.5,1082.0,577.5
1186,19.76296504369538,178,1108,456,1181,317.0,1144.5,640.0
1187,19.77962858926342,172,1152,460,1224,316.0,1188.0,683.5
1188,19.79629213483146,170,1186,464,1255,317.0,1220.5,716.0
1189,19.8129556803995,169,1211,464,1280,316.5,1245.5,741.0
1190,19.82961922596754,169,1229,466,1298,317.5,1263.5,759.0
1191,19.84628277153558,169,1241,466,1308,317.5,1274.5,770.0
1192,19.86294631710362,169,1241,465,1308,317.0,1274.5,770.0
1193,19.87960986267166,166,1228,462,1296,314.0,1262.0,757.5
1194,19.8962734082397,168,1204,456,1273,312.0,1238.5,734.0
1195,19.91293695380774,168,1168,456,1240,312.0,1204.0,699.5
1196,19.92960049937578,173,1121,446,1198,309.5,1159.5,655.0
1197,19.94626404494382,172,1064,444,1141,308.0,1102.5,598.0
1198,19.96292759051186,169,993,441,1084,305.0,1038.5,534.0
1199,19.9795911360799,162,919,438,1021,300.0,970.0,465.5
1200,19.99625468164794,166,878,438,966,302.0,922.0,417.5
1201,20.01291822721598,160,809,438,912,299.0,860.5,356.0
1202,20.02958177278402,158,781,439,862,298.5,821.5,317.0
1203,20.04624531835206,152,738,438,817,295.0,777.5,273.0
1204,20.0629088639201,148,703,438,778,293.0,740.5,236.0
1205,20.07957240948814,147,671,439,743,293.0,707.0,202.5
1206,20.09623595505618,142,646,440,719,291.0,682.5,178.0
1207,20.11289950062422,141,630,440,704,290.5,667.0,162.5
1208,20.12956304619226,141,629,440,699,290.5,664.0,159.5
1209,20.1462265917603,144,637,441,711,292.5,674.0,169.5
1210,20.16289013732834,150,661,440,734,295.0,697.5,193.0
1211,20.17955368289638,154,695,441,772,297.5,733.5,229.0
1212,20.19621722846442,162,734,440,816,301.0,775.0,270.5
1213,20.21288077403246,161,786,440,865,300.5,825.5,321.0
1214,20.2295443196005,162,832,443,915,302.5,873.5,369.0
1215,20.24620786516854,169,879,450,969,309.5,924.0,419.5
1216,20.26287141073658,172,938,448,1023,310.0,980.5,476.0
1217,20.27953495630462,174,1002,449,1080,311.5,1041.0,536.5
1218,20.29619850187266,178,1055,450,1130,314.0,1092.5,588.0
1219,20.3128620474407,177,1102,456,1181,316.5,1141.5,637.0
1220,20.32952559300874,178,1154,458,1226,318.0,1190.0,685.5
1221,20.34618913857678,175,1194,460,1269,317.5,1231.5,727.0
1222,20.36285268414482,172,1227,465,1295,318.5,1261.0,756.5
1223,20.37951622971286,168,1242,466,1310,317.0,1276.0,771.5
1224,20.3961797752809,169,1242,466,1308,317.5,1275.0,770.5
1225,20.41284332084894,170,1228,464,1297,317.0,1262.5,758.0
1226,20.42950686641698,170,1207,464,1277,317.0,1242.0,737.5
1227,20.44617041198502,174,1176,464,1248,319.0,1212.0,707.5
1228,20.46283395755306,171,1140,456,1213,313.5,1176.5,672.0
1229,20.4794975031211,174,1097,455,1171,314.5,1134.0,629.5
1230,20.49616104868914,173,1053,449,1125,311.0,1089.0,584.5
1231,20.51282459425718,175,983,446,1073,310.5,1028.0,523.5
1232,20.52948813982522,167,930,439,1018,303.0,974.0,469.5
1233,20.54615168539326,168,871,437,959,302.5,915.0,410.5
1234,20.5628152309613,162,811,440,899,301.0,855.0,350.5
1235,20.57947877652934,159,759,438,843,298.5,801.0,296.5
1236,20.59614232209738,152,720,437,798,294.5,759.0,254.5
1237,20.61280586766542,150,686,440,761,295.0,723.5,219.0
1238,20.62946941323346,142,663,440,735,291.0,699.0,194.5
1239,20.6461329588015,141,647,441,719,291.0,683.0,178.5
1240,20.66279650436954,140,645,441,716,290.5,680.5,176.0
1241,20.67946004993758,141,649,440,722,290.5,685.5,181.0
1242,20.696123595505618,140,663,440,734,290.0,698.5,194.0
1243,20.712787141073658,144,682,440,753,292.0,717.5,213.0
1244,20.729450686641698,150,707,440,783,295.0,745.0,240.5
1245,20.746114232209738,155,745,438,821,296.5,783.0,278.5
1246,20.762777777777778,161,783,435,870,298.0,826.5,322.0
1247,20.779441323345818,168,835,435,926,301.5,880.5,376.0
1248,20.796104868913858,168,897,437,987,302.5,942.0,437.5
1249,20.812768414481898,171,960,443,1046,307.0,1003.0,498.5
1250,20.829431960049938,174,1021,446,1104,310.0,1062.5,558.0
1251,20.846095505617978,169,1080,451,1154,310.0,1117.0,612.5
1252,20.862759051186018,174,1127,456,1200,315.0,1163.5,659.0
1253,20.879422596754058,168,1164,459,1234,313.5,1199.0,694.5
1254,20.896086142322098,168,1190,463,1260,315.5,1225.0,720.5
1255,20.912749687890138,169,1210,464,1281,316.5,1245.5,741.0
1256,20.929413233458178,170,1226,467,1295,318.5,1260.5,756.0
1257,20.946076779026217,169,1234,466,1299,317.5,1266.5,762.0
1258,20.962740324594257,169,1226,464,1294,316.5,1260.0,755.5
1259,20.979403870162297,169,1203,464,1275,316.5,1239.0,734.5
1260,20.996067415730337,174,1172,459,1244,316.5,1208.0,703.5
1261,21.012730961298377,173,1131,458,1205,315.5,1168.0,663.5
1262,21.029394506866417,177,1070,456,1156,316.5,1113.0,608.5
1263,21.046058052434457,178,1012,449,1099,313.5,1055.5,551.0
1264,21.062721598002497,178,954,445,1046,311.5,1000.0,495.5
1265,21.079385143570537,174,898,447,988,310.5,943.0,438.5
1266,21.096048689138577,166,857,442,936,304.0,896.5,392.0
1267,21.112712234706617,164,815,442,888,303.0,851.5,347.0
1268,21.129375780274657,157,770,440,846,298.5,808.0,303.5
1269,21.146039325842697,158,729,440,801,299.0,765.0,260.5
1270,21.162702871410737,151,690,440,765,295.5,727.5,223.0
1271,21.179366416978777,146,664,440,737,293.0,700.5,196.0
1272,21.196029962546817,143,647,441,720,292.0,683.5,179.0
1273,21.212693508114857,144,639,440,712,292.0,675.5,171.0
1274,21.229357053682897,142,646,440,718,291.0,682.0,177.5
1275,21.246020599250937,145,662,440,735,292.5,698.5,194.0
1276,21.262684144818977,148,692,440,767,294.0,729.5,225.0
1277,21.279347690387016,150,731,438,809,294.0,770.0,265.5
1278,21.296011235955056,154,775,438,852,296.0,813.5,309.0
1279,21.312674781523096,159,816,436,900,297.5,858.0,353.5
1280,21.329338327091136,159,868,438,950,298.5,909.0,404.5
1281,21.346001872659176,164,921,440,1000,302.0,960.5,456.0
1282,21.362665418227216,169,977,437,1055,303.0,1016.0,511.5
1283,21.379328963795256,170,1019,445,1106,307.5,1062.5,558.0
1284,21.395992509363296,172,1082,449,1156,310.5,1119.0,614.5
1285,21.412656054931336,170,1129,455,1204,312.5,1166.5,662.0
1286,21.429319600499376,169,1174,457,1245,313.0,1209.5,705.0
1287,21.445983146067416,164,1206,460,1277,312.0,1241.5,737.0
1288,21.462646691635456,167,1225,463,1294,315.0,1259.5,755.0
1289,21.479310237203496,167,1232,463,1298,315.0,1265.0,760.5
1290,21.495973782771536,170,1221,466,1289,318.0,1255.0,750.5
1291,21.512637328339576,170,1205,464,1274,317.0,1239.5,735.0
1292,21.529300873907616,169,1178,463,1249,316.0,1213.5,709.0
1293,21.545964419475656,172,1147,463,1219,317.5,1183.0,678.5
1294,21.562627965043696,176,1109,456,1182,316.0,1145.5,641.0
1295,21.579291510611736,174,1065,455,1140,314.5,1102.5,598.0
1296,21.595955056179776,173,1010,452,1092,312.5,1051.0,546.5
1297,21.612618601747815,173,946,449,1039,311.0,992.5,488.0
1298,21.629282147315855,173,902,444,984,308.5,943.0,438.5
1299,21.645945692883895,173,844,441,925,307.0,884.5,380.0
1300,21.662609238451935,168,791,441,868,304.5,829.5,325.0
1301,21.679272784019975,161,743,445,820,303.0,781.5,277.0
1302,21.695936329588015,152,709,447,782,299.5,745.5,241.0
1303,21.712599875156055,151,684,445,755,298.0,719.5,215.0
1304,21.729263420724095,146,667,446,738,296.0,702.5,198.0
1305,21.745926966292135,144,658,444,730,294.0,694.0,189.5
1306,21.762590511860175,144,659,443,730,293.5,694.5,190.0
1307,21.779254057428215,141,666,441,739,291.0,702.5,198.0
1308,21.795917602996255,143,682,441,755,292.0,718.5,214.0
1309,21.812581148564295,144,706,437,780,290.5,743.0,238.5
1310,21.829244694132335,149,738,437,813,293.0,775.5,271.0
1311,21.845908239700375,154,778,435,857,294.5,817.5,313.0
1312,21.862571785268415,161,830,434,908,297.5,869.0,364.5
1313,21.879235330836455,164,880,434,968,299.0,924.0,419.5
1314,21.895898876404495,163,945,433,1023,298.0,984.0,479.5
1315,21.912562421972535,164,1004,440,1080,302.0,1042.0,537.5
1316,21.929225967540575,168,1059,444,1131,306.0,1095.0,590.5
1317,21.945889513108614,162,1104,448,1176,305.0,1140.0,635.5
1318,21.962553058676654,164,1143,452,1213,308.0,1178.0,673.5
1319,21.979216604244694,164,1174,455,1242,309.5,1208.0,703.5
1320,21.995880149812734,164,1195,458,1264,311.0,1229.5,725.0
1321,22.012543695380774,164,1211,460,1280,312.0,1245.5,741.0
1322,22.029207240948814,166,1223,462,1288,314.0,1255.5,751.0
1323,22.045870786516854,166,1220,463,1288,314.5,1254.0,749.5
1324,22.062534332084894,167,1206,464,1274,315.5,1240.0,735.5
1325,22.079197877652934,171,1178,461,1247,316.0,1212.5,708.0
1326,22.095861423220974,173,1141,459,1211,316.0,1176.0,671.5
1327,22.112524968789014,178,1070,451,1166,314.5,1118.0,613.5
1328,22.129188514357054,177,1039,453,1116,315.0,1077.5,573.0
1329,22.145852059925094,176,974,451,1064,313.5,1019.0,514.5
1330,22.162515605493134,177,924,452,1009,314.5,966.5,462.0
1331,22.179179151061174,170,878,449,958,309.5,918.0,413.5
1332,22.195842696629214,169,834,450,910,309.5,872.0,367.5
1333,22.212506242197254,164,793,450,869,307.0,831.0,326.5
1334,22.229169787765294,160,746,447,826,303.5,786.0,281.5
1335,22.245833333333334,160,711,445,787,302.5,749.0,244.5
1336,22.262496878901374,153,684,447,755,300.0,719.5,215.0
1337,22.279160424469413,150,662,448,734,299.0,698.0,193.5
1338,22.295823970037453,148,652,446,725,297.0,688.5,184.0
1339,22.312487515605493,147,653,446,725,296.5,689.0,184.5
1340,22.329151061173533,147,668,442,739,294.5,703.5,199.0
1341,22.345814606741573,150,694,441,766,295.5,730.0,225.5
1342,22.362478152309613,154,727,440,801,297.0,764.0,259.5
1343,22.379141697877653,153,769,438,843,295.5,806.0,301.5
1344,22.395805243445693,154,811,436,888,295.0,849.5,345.0
1345,22.412468789013733,158,855,440,934,299.0,894.5,390.0
1346,22.429132334581773,158,894,440,981,299.0,937.5,433.0
1347,22.445795880149813,163,944,440,1030,301.5,987.0,482.5
1348,22.462459425717853,168,1008,441,1084,304.5,1046.0,541.5
1349,22.479122971285893,162,1060,443,1134,302.5,1097.0,592.5
1350,22.495786516853933,161,1107,446,1181,303.5,1144.0,639.5
1351,22.512450062421973,164,1150,448,1222,306.0,1186.0,681.5
1352,22.529113607990013,161,1186,454,1256,307.5,1221.0,716.5
1353,22.545777153558053,160,1209,456,1278,308.0,1243.5,739.0
1354,22.562440699126093,160,1219,457,1286,308.5,1252.5,748.0
1355,22.579104244694133,162,1215,459,1283,310.5,1249.0,744.5
1356,22.595767790262173,164,1201,461,1268,312.5,1234.5,730.0
1357,22.612431335830212,165,1178,459,1249,312.0,1213.5,709.0
1358,22.629094881398252,171,1152,459,1223,315.0,1187.5,683.0
1359,22.645758426966292,169,1120,458,1192,313.5,1156.0,651.5
1360,22.662421972534332,172,1076,455,1152,313.5,1114.0,609.5
1361,22.679085518102372,174,1033,452,1107,313.0,1070.0,565.5
1362,22.695749063670412,168,975,449,1056,308.5,1015.5,511.0
1363,22.712412609238452,176,922,449,1002,312.5,962.0,457.5
1364,22.729076154806492,176,867,448,950,312.0,908.5,404.0
1365,22.745739700374532,172,801,447,894,309.5,847.5,343.0
1366,22.762403245942572,168,765,449,843,308.5,804.0,299.5
1367,22.779066791510612,162,729,451,804,306.5,766.5,262.0
1368,22.795730337078652,155,704,451,775,303.0,739.5,235.0
1369,22.812393882646692,153,686,452,756,302.5,721.0,216.5
1370,22.829057428214732,152,673,450,745,301.0,709.0,204.5
1371,22.845720973782772,150,670,448,741,299.0,705.5,201.0
1372,22.86238451935081,149,672,449,745,299.0,708.5,204.0
1373,22.87904806491885,148,684,445,756,296.5,720.0,215.5
1374,22.89571161048689,148,703,442,776,295.0,739.5,235.0
1375,22.91237515605493,149,733,441,808,295.0,770.5,266.0
1376,22.92903870162297,156,768,441,844,298.5,806.0,301.5
1377,22.94570224719101,162,813,440,893,301.0,853.0,348.5
1378,22.96236579275905,168,868,434,947,301.0,907.5,403.0
1379,22.97902933832709,161,918,437,1006,299.0,962.0,457.5
1380,22.99569288389513,167,969,438,1060,302.5,1014.5,510.0
1381,23.01235642946317,166,1030,441,1108,303.5,1069.0,564.5
1382,23.02901997503121,161,1078,446,1152,303.5,1115.0,610.5
1383,23.04568352059925,161,1118,448,1191,304.5,1154.5,650.0
1384,23.06234706616729,159,1151,452,1222,305.5,1186.5,682.0
1385,23.07901061173533,158,1178,451,1248,304.5,1213.0,708.5
1386,23.09567415730337,159,1197,454,1266,306.5,1231.5,727.0
1387,23.11233770287141,159,1210,455,1278,307.0,1244.0,739.5
1388,23.12900124843945,159,1213,456,1279,307.5,1246.0,741.5
1389,23.14566479400749,159,1202,457,1272,308.0,1237.0,732.5
1390,23.16232833957553,162,1178,456,1250,309.0,1214.0,709.5
1391,23.17899188514357,166,1145,456,1218,311.0,1181.5,677.0
1392,23.19565543071161,168,1102,451,1176,309.5,1139.0,634.5
1393,23.21231897627965,176,1055,450,1130,313.0,1092.5,588.0
1394,23.22898252184769,175,1004,450,1080,312.5,1042.0,537.5
1395,23.24564606741573,171,953,451,1031,311.0,992.0,487.5
1396,23.26230961298377,169,906,450,980,309.5,943.0,438.5
1397,23.27897315855181,168,862,448,931,308.0,896.5,392.0
1398,23.29563670411985,165,816,451,891,308.0,853.5,349.0
1399,23.31230024968789,161,774,449,852,305.0,813.0,308.5
1400,23.32896379525593,161,734,448,811,304.5,772.5,268.0
1401,23.34562734082397,159,703,450,776,304.5,739.5,235.0
1402,23.36229088639201,155,679,451,750,303.0,714.5,210.0
1403,23.37895443196005,152,665,452,737,302.0,701.0,196.5
1404,23.39561797752809,153,664,452,736,302.5,700.0,195.5
1405,23.41228152309613,152,675,450,746,301.0,710.5,206.0
1406,23.42894506866417,152,694,448,766,300.0,730.0,225.5
1407,23.44560861423221,158,723,448,796,303.0,759.5,255.0
1408,23.46227215980025,161,758,443,833,302.0,795.5,291.0
1409,23.47893570536829,162,800,443,874,302.5,837.0,332.5
1410,23.49559925093633,160,844,445,918,302.5,881.0,376.5
1411,23.51226279650437,162,886,444,961,303.0,923.5,419.0
1412,23.52892634207241,159,934,440,1009,299.5,971.5,467.0
1413,23.54558988764045,161,980,438,1060,299.5,1020.0,515.5
1414,23.56225343320849,166,1032,444,1111,305.0,1071.5,567.0
1415,23.57891697877653,164,1082,444,1158,304.0,1120.0,615.5
1416,23.59558052434457,161,1129,447,1202,304.0,1165.5,661.0
1417,23.61224406991261,158,1165,448,1235,303.0,1200.0,695.5
1418,23.62890761548065,156,1189,451,1258,303.5,1223.5,719.0
1419,23.64557116104869,156,1202,453,1272,304.5,1237.0,732.5
1420,23.66223470661673,157,1203,454,1272,305.5,1237.5,733.0
1421,23.67889825218477,158,1195,454,1264,306.0,1229.5,725.0
1422,23.69556179775281,160,1177,454,1248,307.0,1212.5,708.0
1423,23.71222534332085,161,1156,454,1226,307.5,1191.0,686.5
1424,23.72888888888889,160,1126,453,1199,306.5,1162.5,658.0
1425,23.74555243445693,163,1093,450,1164,306.5,1128.5,624.0
1426,23.76221598002497,168,1048,450,1124,309.0,1086.0,581.5
1427,23.77887952559301,168,1000,445,1076,306.5,1038.0,533.5
1428,23.79554307116105,170,924,444,1022,307.0,973.0,468.5
1429,23.81220661672909,169,870,447,968,308.0,919.0,414.5
1430,23.82887016229713,169,840,446,916,307.5,878.0,373.5
1431,23.84553370786517,169,793,449,868,309.0,830.5,326.0
1432,23.86219725343321,165,754,452,826,308.5,790.0,285.5
1433,23.87886079900125,157,722,453,794,305.0,758.0,253.5
1434,23.89552434456929,156,701,454,774,305.0,737.5,233.0
1435,23.91218789013733,155,689,453,760,304.0,724.5,220.0
1436,23.92885143570537,155,681,451,754,303.0,717.5,213.0
1437,23.94551498127341,155,682,453,753,304.0,717.5,213.0
1438,23.96217852684145,155,688,452,760,303.5,724.0,219.5
1439,23.97884207240949,155,704,452,776,303.5,740.0,235.5
1440,23.99550561797753,158,731,449,802,303.5,766.5,262.0
1441,24.01216916354557,158,762,448,837,303.0,799.5,295.0
1442,24.02883270911361,166,801,441,879,303.5,840.0,335.5
1443,24.045496254681648,166,844,438,929,302.0,886.5,382.0
1444,24.062159800249688,168,904,440,987,304.0,945.5,441.0
1445,24.078823345817728,167,949,448,1038,307.5,993.5,489.0
1446,24.095486891385768,161,1011,448,1086,304.5,1048.5,544.0
1447,24.112150436953808,167,1054,448,1127,307.5,1090.5,586.0
1448,24.128813982521848,159,1093,448,1166,303.5,1129.5,625.0
1449,24.145477528089888,157,1127,449,1200,303.0,1163.5,659.0
1450,24.162141073657928,156,1156,450,1228,303.0,1192.0,687.5
1451,24.178804619225968,156,1178,451,1249,303.5,1213.5,709.0
1452,24.195468164794008,156,1195,453,1263,304.5,1229.0,724.5
1453,24.212131710362048,155,1201,453,1268,304.0,1234.5,730.0
1454,24.228795255930088,155,1197,452,1264,303.5,1230.5,726.0
1455,24.245458801498128,157,1182,452,1250,304.5,1216.0,711.5
1456,24.262122347066168,162,1149,450,1222,306.0,1185.5,681.0
1457,24.278785892634207,164,1112,448,1183,306.0,1147.5,643.0
1458,24.295449438202247,168,1067,445,1142,306.5,1104.5,600.0
1459,24.312112983770287,160,1021,446,1095,303.0,1058.0,553.5
1460,24.328776529338327,158,970,450,1047,304.0,1008.5,504.0
1461,24.345440074906367,167,889,448,1001,307.5,945.0,440.5
1462,24.362103620474407,161,880,443,956,302.0,918.0,413.5
1463,24.378767166042447,166,814,446,911,306.0,862.5,358.0
1464,24.395430711610487,160,792,444,868,302.0,830.0,325.5
1465,24.412094257178527,160,752,447,830,303.5,791.0,286.5
1466,24.428757802746567,161,724,450,796,305.5,760.0,255.5
1467,24.445421348314607,157,696,452,768,304.5,732.0,227.5
1468,24.462084893882647,155,677,452,751,303.5,714.0,209.5
1469,24.478748439450687,154,674,452,746,303.0,710.0,205.5
1470,24.495411985018727,155,682,453,752,304.0,717.0,212.5
1471,24.512075530586767,157,698,453,770,305.0,734.0,229.5
1472,24.528739076154807,162,721,452,796,307.0,758.5,254.0
1473,24.545402621722847,160,751,451,825,305.5,788.0,283.5
1474,24.562066167290887,163,787,448,862,305.5,824.5,320.0
1475,24.578729712858927,167,830,449,904,308.0,867.0,362.5
1476,24.595393258426967,165,871,449,946,307.0,908.5,404.0
1477,24.612056803995007,170,917,450,992,310.0,954.5,450.0
1478,24.628720349563046,171,965,450,1038,310.5,1001.5,497.0
1479,24.645383895131086,170,1014,448,1089,309.0,1051.5,547.0
1480,24.662047440699126,168,1064,449,1136,308.5,1100.0,595.5
1481,24.678710986267166,166,1105,450,1179,308.0,1142.0,637.5
1482,24.695374531835206,160,1144,454,1214,307.0,1179.0,674.5
1483,24.712038077403246,158,1170,455,1240,306.5,1205.0,700.5
1484,24.728701622971286,157,1187,455,1254,306.0,1220.5,716.0
1485,24.745365168539326,157,1193,455,1260,306.0,1226.5,722.0
1486,24.762028714107366,156,1187,453,1257,304.5,1222.0,717.5
1487,24.778692259675406,157,1174,453,1244,305.0,1209.0,704.5
1488,24.795355805243446,157,1153,451,1226,304.0,1189.5,685.0
1489,24.812019350811486,157,1130,450,1202,303.5,1166.0,661.5
1490,24.828682896379526,157,1099,448,1173,302.5,1136.0,631.5
1491,24.845346441947566,161,1063,446,1135,303.5,1099.0,594.5
1492,24.862009987515606,164,1012,444,1091,304.0,1051.5,547.0
1493,24.878673533083646,168,966,442,1040,305.0,1003.0,498.5
1494,24.895337078651686,165,882,442,988,303.5,935.0,430.5
1495,24.912000624219726,165,828,447,939,306.0,883.5,379.0
1496,24.928664169787766,160,815,443,893,301.5,854.0,349.5
1497,24.945327715355806,158,776,447,850,302.5,813.0,308.5
1498,24.961991260923845,154,744,446,816,300.0,780.0,275.5
1499,24.978654806491885,153,719,450,790,301.5,754.5,250.0
1500,24.995318352059925,153,705,451,776,302.0,740.5,236.0
1501,25.011981897627965,152,696,451,767,301.5,731.5,227.0
1502,25.028645443196005,153,692,453,764,303.0,728.0,223.5
1503,25.045308988764045,154,695,453,766,303.5,730.5,226.0
1504,25.061972534332085,156,706,454,777,305.0,741.5,237.0
1505,25.078636079900125,159,725,454,799,306.5,762.0,257.5
1506,25.095299625468165,160,759,450,830,305.0,794.5,290.0
1507,25.111963171036205,162,795,449,872,305.5,833.5,329.0
1508,25.128626716604245,169,831,448,919,308.5,875.0,370.5
1509,25.145290262172285,168,876,449,965,308.5,920.5,416.0
1510,25.161953807740325,168,924,445,1016,306.5,970.0,465.5
1511,25.178617353308365,169,975,448,1065,308.5,1020.0,515.5
1512,25.195280898876405,165,1034,450,1108,307.5,1071.0,566.5
1513,25.211944444444445,167,1075,453,1144,310.0,1109.5,605.0
1514,25.228607990012485,166,1106,455,1179,310.5,1142.5,638.0
1515,25.245271535580525,164,1137,456,1207,310.0,1172.0,667.5
1516,25.261935081148565,160,1164,456,1232,308.0,1198.0,693.5
1517,25.278598626716605,159,1183,455,1250,307.0,1216.5,712.0
1518,25.295262172284644,158,1190,456,1258,307.0,1224.0,719.5
1519,25.311925717852684,158,1190,456,1257,307.0,1223.5,719.0
1520,25.328589263420724,156,1176,453,1245,304.5,1210.5,706.0
1521,25.345252808988764,156,1153,451,1224,303.5,1188.5,684.0
1522,25.361916354556804,160,1116,448,1191,304.0,1153.5,649.0
1523,25.378579900124844,161,1074,445,1149,303.0,1111.5,607.0
1524,25.395243445692884,162,1032,443,1106,302.5,1069.0,564.5
1525,25.411906991260924,162,988,441,1063,301.5,1025.5,521.0
1526,25.428570536828964,159,943,440,1019,299.5,981.0,476.5
1527,25.445234082397004,158,900,440,976,299.0,938.0,433.5
1528,25.461897627965044,158,856,440,933,299.0,894.5,390.0
1529,25.478561173533084,158,817,442,892,300.0,854.5,350.0
1530,25.495224719101124,153,779,443,850,298.0,814.5,310.0
1531,25.511888264669164,152,743,443,817,297.5,780.0,275.5
1532,25.528551810237204,152,716,447,786,299.5,751.0,246.5
1533,25.545215355805244,152,696,448,766,300.0,731.0,226.5
1534,25.561878901373284,153,688,450,758,301.5,723.0,218.5
1535,25.578542446941324,153,689,451,760,302.0,724.5,220.0
1536,25.595205992509364,154,702,450,774,302.0,738.0,233.5
1537,25.611869538077404,158,724,451,797,304.5,760.5,256.0
1538,25.628533083645443,159,752,449,824,304.0,788.0,283.5
1539,25.645196629213483,162,785,452,857,307.0,821.0,316.5
1540,25.661860174781523,169,821,450,890,309.5,855.5,351.0
1541,25.678523720349563,170,856,454,931,312.0,893.5,389.0
1542,25.695187265917603,175,899,455,974,315.0,936.5,432.0
1543,25.711850811485643,173,937,450,1022,311.5,979.5,475.0
1544,25.728514357053683,170,982,456,1067,313.0,1024.5,520.0
1545,25.745177902621723,174,1036,451,1112,312.5,1074.0,569.5
1546,25.761841448189763,169,1084,453,1159,311.0,1121.5,617.0
1547,25.778504993757803,166,1123,456,1194,311.0,1158.5,654.0
1548,25.795168539325843,162,1152,459,1222,310.5,1187.0,682.5
1549,25.811832084893883,161,1169,458,1238,309.5,1203.5,699.0
1550,25.828495630461923,161,1176,458,1246,309.5,1211.0,706.5
1551,25.845159176029963,161,1178,458,1246,309.5,1212.0,707.5
1552,25.861822721598003,159,1170,456,1238,307.5,1204.0,699.5
1553,25.878486267166043,160,1154,456,1226,308.0,1190.0,685.5
1554,25.895149812734083,158,1131,454,1202,306.0,1166.5,662.0
1555,25.911813358302123,157,1105,450,1178,303.5,1141.5,637.0
1556,25.928476903870163,159,1070,447,1144,303.0,1107.0,602.5
1557,25.945140449438203,160,1030,445,1104,302.5,1067.0,562.5
1558,25.961803995006242,160,984,440,1058,300.0,1021.0,516.5
1559,25.978467540574282,161,926,440,1010,300.5,968.0,463.5
1560,25.995131086142322,160,872,440,956,300.0,914.0,409.5
1561,26.011794631710362,152,836,437,912,294.5,874.0,369.5
1562,26.028458177278402,154,799,439,872,296.5,835.5,331.0
1563,26.045121722846442,151,765,441,839,296.0,802.0,297.5
1564,26.061785268414482,146,740,445,809,295.5,774.5,270.0
1565,26.078448813982522,146,721,443,793,294.5,757.0,252.5
1566,26.095112359550562,146,709,446,780,296.0,744.5,240.0
1567,26.111775905118602,149,704,447,776,298.0,740.0,235.5
1568,26.128439450686642,149,704,447,776,298.0,740.0,235.5
1569,26.145102996254682,151,712,449,782,300.0,747.0,242.5
1570,26.161766541822722,155,726,450,798,302.5,762.0,257.5
1571,26.178430087390762,159,752,448,824,303.5,788.0,283.5
1572,26.195093632958802,160,779,448,864,304.0,821.5,317.0
1573,26.21175717852684,166,830,449,906,307.5,868.0,363.5
1574,26.22842072409488,166,874,449,951,307.5,912.5,408.0
1575,26.24508426966292,169,886,451,1000,310.0,943.0,438.5
1576,26.26174781523096,171,972,452,1045,311.5,1008.5,504.0
1577,26.278411360799,168,1016,454,1087,311.0,1051.5,547.0
1578,26.29507490636704,168,1051,458,1124,313.0,1087.5,583.0
1579,26.31173845193508,168,1088,460,1158,314.0,1123.0,618.5
1580,26.32840199750312,168,1119,460,1186,314.0,1152.5,648.0
1581,26.34506554307116,167,1145,461,1212,314.0,1178.5,674.0
1582,26.3617290886392,165,1165,461,1234,313.0,1199.5,695.0
1583,26.37839263420724,165,1178,459,1246,312.0,1212.0,707.5
1584,26.39505617977528,164,1179,460,1247,312.0,1213.0,708.5
1585,26.41171972534332,163,1169,459,1238,311.0,1203.5,699.0
1586,26.42838327091136,162,1151,457,1220,309.5,1185.5,681.0
1587,26.4450468164794,163,1121,453,1193,308.0,1157.0,652.5
1588,26.46171036204744,163,1081,450,1158,306.5,1119.5,615.0
1589,26.47837390761548,162,1042,447,1118,304.5,1080.0,575.5
1590,26.49503745318352,161,1003,445,1077,303.0,1040.0,535.5
1591,26.51170099875156,158,962,445,1034,301.5,998.0,493.5
1592,26.5283645443196,157,910,442,996,299.5,953.0,448.5
1593,26.54502808988764,154,880,440,955,297.0,917.5,413.0
1594,26.56169163545568,153,840,440,911,296.5,875.5,371.0
1595,26.57835518102372,152,790,440,872,296.0,831.0,326.5
1596,26.59501872659176,149,762,440,835,294.5,798.5,294.0
1597,26.6116822721598,150,734,442,807,296.0,770.5,266.0
1598,26.62834581772784,145,712,443,784,294.0,748.0,243.5
1599,26.64500936329588,145,702,445,772,295.0,737.0,232.5
1600,26.66167290886392,145,701,443,772,294.0,736.5,232.0
1601,26.67833645443196,146,709,445,780,295.5,744.5,240.0
1602,26.695,149,727,446,799,297.5,763.0,258.5
1603,26.71166354556804,152,753,446,824,299.0,788.5,284.0
1604,26.72832709113608,154,780,448,851,301.0,815.5,311.0
1605,26.74499063670412,162,808,449,884,305.5,846.0,341.5
1606,26.76165418227216,164,842,452,918,308.0,880.0,375.5
1607,26.7783177278402,164,882,451,958,307.5,920.0,415.5
1608,26.79498127340824,170,907,452,1003,311.0,955.0,450.5
1609,26.81164481897628,171,968,452,1046,311.5,1007.0,502.5
1610,26.82830836454432,170,1024,454,1093,312.0,1058.5,554.0
1611,26.84497191011236,176,1061,456,1137,316.0,1099.0,594.5
1612,26.8616354556804,173,1102,458,1174,315.5,1138.0,633.5
1613,26.87829900124844,168,1133,462,1202,315.0,1167.5,663.0
1614,26.89496254681648,167,1153,464,1223,315.5,1188.0,683.5
1615,26.91162609238452,168,1163,464,1232,316.0,1197.5,693.0
1616,26.92828963795256,168,1167,463,1234,315.5,1200.5,696.0
1617,26.9449531835206,165,1162,461,1229,313.0,1195.5,691.0
1618,26.96161672908864,166,1152,460,1220,313.0,1186.0,681.5
1619,26.97828027465668,162,1133,458,1202,310.0,1167.5,663.0
1620,26.99494382022472,160,1107,456,1178,308.0,1142.5,638.0
1621,27.01160736579276,161,1079,453,1150,307.0,1114.5,610.0
1622,27.0282709113608,161,1041,451,1114,306.0,1077.5,573.0
1623,27.04493445692884,161,996,448,1072,304.5,1034.0,529.5
1624,27.06159800249688,162,944,444,1025,303.0,984.5,480.0
1625,27.07826154806492,165,892,440,976,302.5,934.0,429.5
1626,27.09492509363296,160,854,440,930,300.0,892.0,387.5
1627,27.111588639201,152,817,441,892,296.5,854.5,350.0
1628,27.12825218476904,148,784,442,859,295.0,821.5,317.0
1629,27.14491573033708,146,759,442,830,294.0,794.5,290.0
1630,27.16157927590512,145,737,441,809,293.0,773.0,268.5
1631,27.17824282147316,144,722,443,794,293.5,758.0,253.5
1632,27.1949063670412,143,714,442,786,292.5,750.0,245.5
1633,27.21156991260924,143,713,442,784,292.5,748.5,244.0
1634,27.22823345817728,146,719,444,788,295.0,753.5,249.0
1635,27.24489700374532,148,730,446,800,297.0,765.0,260.5
1636,27.26156054931336,151,750,446,823,298.5,786.5,282.0
1637,27.2782240948814,156,782,442,856,299.0,819.0,314.5
1638,27.29488764044944,161,823,443,896,302.0,859.5,355.0
1639,27.31155118601748,162,865,448,940,305.0,902.5,398.0
1640,27.32821473158552,168,905,448,983,308.0,944.0,439.5
1641,27.34487827715356,166,954,451,1026,308.5,990.0,485.5
1642,27.3615418227216,168,994,453,1068,310.5,1031.0,526.5
1643,27.37820536828964,169,1032,455,1104,312.0,1068.0,563.5
1644,27.394868913857678,168,1065,459,1139,313.5,1102.0,597.5
1645,27.411532459425718,167,1098,460,1168,313.5,1133.0,628.5
1646,27.428196004993758,170,1123,462,1193,316.0,1158.0,653.5
1647,27.444859550561798,168,1148,464,1216,316.0,1182.0,677.5
1648,27.461523096129838,166,1162,463,1233,314.5,1197.5,693.0
1649,27.478186641697878,167,1170,465,1238,316.0,1204.0,699.5
1650,27.494850187265918,166,1164,463,1232,314.5,1198.0,693.5
1651,27.511513732833958,166,1147,462,1215,314.0,1181.0,676.5
1652,27.528177278401998,167,1122,459,1192,313.0,1157.0,652.5
1653,27.544840823970038,166,1091,455,1162,310.5,1126.5,622.0
1654,27.561504369538078,168,1051,454,1127,311.0,1089.0,584.5
1655,27.578167915106118,165,1016,453,1088,309.0,1052.0,547.5
1656,27.594831460674158,165,974,449,1050,307.0,1012.0,507.5
1657,27.611495006242198,160,936,448,1009,304.0,972.5,468.0
1658,27.628158551810237,156,900,445,972,300.5,936.0,431.5
1659,27.644822097378277,158,859,444,930,301.0,894.5,390.0
1660,27.661485642946317,156,818,443,892,299.5,855.0,350.5
1661,27.678149188514357,150,781,442,854,296.0,817.5,313.0
1662,27.694812734082397,148,750,444,823,296.0,786.5,282.0
1663,27.711476279650437,146,728,442,801,294.0,764.5,260.0
1664,27.728139825218477,143,716,442,786,292.5,751.0,246.5
1665,27.744803370786517,145,712,443,783,294.0,747.5,243.0
1666,27.761466916354557,143,718,442,788,292.5,753.0,248.5
1667,27.778130461922597,144,731,441,802,292.5,766.5,262.0
1668,27.794794007490637,146,751,443,824,294.5,787.5,283.0
1669,27.811457553058677,147,776,443,849,295.0,812.5,308.0
1670,27.828121098626717,151,806,446,878,298.5,842.0,337.5
1671,27.844784644194757,157,835,447,909,302.0,872.0,367.5
1672,27.861448189762797,160,875,448,944,304.0,909.5,405.0
1673,27.878111735330837,166,914,448,986,307.0,950.0,445.5
1674,27.894775280898877,165,954,450,1033,307.5,993.5,489.0
1675,27.911438826466917,166,1001,451,1075,308.5,1038.0,533.5
1676,27.928102372034957,169,1046,454,1118,311.5,1082.0,577.5
1677,27.944765917602997,167,1081,456,1154,311.5,1117.5,613.0
1678,27.961429463171037,167,1114,459,1184,313.0,1149.0,644.5
1679,27.978093008739076,167,1136,463,1205,315.0,1170.5,666.0
1680,27.994756554307116,166,1148,464,1217,315.0,1182.5,678.0
1681,28.011420099875156,170,1153,462,1222,316.0,1187.5,683.0
1682,28.028083645443196,169,1152,464,1220,316.5,1186.0,681.5
1683,28.044747191011236,167,1146,464,1213,315.5,1179.5,675.0
1684,28.061410736579276,166,1132,463,1200,314.5,1166.0,661.5
1685,28.078074282147316,168,1111,461,1182,314.5,1146.5,642.0
1686,28.094737827715356,167,1081,458,1154,312.5,1117.5,613.0
1687,28.111401373283396,165,1047,452,1121,308.5,1084.0,579.5
1688,28.128064918851436,168,1010,452,1082,310.0,1046.0,541.5
1689,28.144728464419476,168,964,450,1038,309.0,1001.0,496.5
1690,28.161392009987516,168,918,447,994,307.5,956.0,451.5
1691,28.178055555555556,162,862,448,951,305.0,906.5,402.0
1692,28.194719101123596,159,839,448,909,303.5,874.0,369.5
1693,28.211382646691636,152,806,447,876,299.5,841.0,336.5
1694,28.228046192259676,149,778,448,848,298.5,813.0,308.5
1695,28.244709737827716,147,757,445,828,296.0,792.5,288.0
1696,28.261373283395756,145,740,444,809,294.5,774.5,270.0
1697,28.278036828963796,145,728,445,799,295.0,763.5,259.0
1698,28.294700374531836,144,724,443,794,293.5,759.0,254.5
1699,28.311363920099875,144,724,443,796,293.5,760.0,255.5
1700,28.328027465667915,144,735,442,806,293.0,770.5,266.0
1701,28.344691011235955,145,754,443,824,294.0,789.0,284.5
1702,28.361354556803995,148,780,443,851,295.5,815.5,311.0
1703,28.378018102372035,154,814,440,887,297.0,850.5,346.0
1704,28.394681647940075,161,852,442,928,301.5,890.0,385.5
1705,28.411345193508115,159,898,443,972,301.0,935.0,430.5
1706,28.428008739076155,162,937,446,1012,304.0,974.5,470.0
1707,28.444672284644195,160,977,450,1049,305.0,1013.0,508.5
1708,28.461335830212235,164,1013,452,1086,308.0,1049.5,545.0
1709,28.477999375780275,165,1049,453,1118,309.0,1083.5,579.0
1710,28.494662921348315,165,1078,456,1151,310.5,1114.5,610.0
1711,28.511326466916355,166,1108,458,1177,312.0,1142.5,638.0
1712,28.527990012484395,166,1129,459,1199,312.5,1164.0,659.5
1713,28.544653558052435,166,1149,462,1217,314.0,1183.0,678.5
1714,28.561317103620475,167,1160,463,1226,315.0,1193.0,688.5
1715,28.577980649188515,165,1158,463,1225,314.0,1191.5,687.0
1716,28.594644194756555,167,1144,463,1211,315.0,1177.5,673.0
1717,28.611307740324595,167,1120,461,1190,314.0,1155.0,650.5
1718,28.627971285892635,169,1091,461,1162,315.0,1126.5,622.0
1719,28.644634831460674,168,1060,458,1131,313.0,1095.5,591.0
1720,28.661298377028714,170,1026,455,1098,312.5,1062.0,557.5
1721,28.677961922596754,168,990,453,1061,310.5,1025.5,521.0
1722,28.694625468164794,168,951,452,1023,310.0,987.0,482.5
1723,28.711289013732834,162,914,453,988,307.5,951.0,446.5
1724,28.727952559300874,161,878,449,949,305.0,913.5,409.0
1725,28.744616104868914,156,839,448,911,302.0,875.0,370.5
1726,28.761279650436954,158,800,447,874,302.5,837.0,332.5
1727,28.777943196004994,153,768,448,841,300.5,804.5,300.0
1728,28.794606741573034,149,745,447,816,298.0,780.5,276.0
1729,28.811270287141074,146,732,444,802,295.0,767.0,262.5
1730,28.827933832709114,145,725,445,795,295.0,760.0,255.5
1731,28.844597378277154,145,727,444,798,294.5,762.5,258.0
1732,28.861260923845194,145,737,445,808,295.0,772.5,268.0
1733,28.877924469413234,145,754,443,824,294.0,789.0,284.5
1734,28.894588014981274,146,776,444,847,295.0,811.5,307.0
1735,28.911251560549314,150,802,445,874,297.5,838.0,333.5
1736,28.927915106117354,148,828,444,903,296.0,865.5,361.0
1737,28.944578651685394,157,861,443,935,300.0,898.0,393.5
1738,28.961242197253434,163,898,442,973,302.5,935.5,431.0
1739,28.977905742821473,160,943,444,1015,302.0,979.0,474.5
1740,28.994569288389513,160,983,446,1058,303.0,1020.5,516.0
1741,29.011232833957553,160,1028,448,1101,304.0,1064.5,560.0
1742,29.027896379525593,160,1066,451,1136,305.5,1101.0,596.5
1743,29.044559925093633,161,1096,456,1164,308.5,1130.0,625.5
1744,29.061223470661673,161,1117,455,1188,308.0,1152.5,648.0
1745,29.077887016229713,161,1135,458,1203,309.5,1169.0,664.5
1746,29.094550561797753,162,1142,460,1210,311.0,1176.0,671.5
1747,29.111214107365793,163,1142,460,1210,311.5,1176.0,671.5
1748,29.127877652933833,165,1137,462,1204,313.5,1170.5,666.0
1749,29.144541198501873,165,1129,461,1196,313.0,1162.5,658.0
1750,29.161204744069913,166,1112,461,1182,313.5,1147.0,642.5
1751,29.177868289637953,168,1089,460,1158,314.0,1123.5,619.0
1752,29.194531835205993,168,1058,456,1128,312.0,1093.0,588.5
1753,29.211195380774033,168,1020,457,1091,312.5,1055.5,551.0
1754,29.227858926342073,168,978,455,1053,311.5,1015.5,511.0
1755,29.244522471910113,168,934,453,1009,310.5,971.5,467.0
1756,29.261186017478153,166,893,451,966,308.5,929.5,425.0
1757,29.277849563046193,162,854,452,926,307.0,890.0,385.5
1758,29.294513108614233,158,822,452,893,305.0,857.5,353.0
1759,29.311176654182272,156,795,451,866,303.5,830.5,326.0
1760,29.327840199750312,153,774,450,845,301.5,809.5,305.0
1761,29.344503745318352,151,756,450,827,300.5,791.5,287.0
1762,29.361167290886392,149,742,447,812,298.0,777.0,272.5
1763,29.377830836454432,147,733,447,804,297.0,768.5,264.0
1764,29.394494382022472,147,733,447,804,297.0,768.5,264.0
1765,29.411157927590512,146,738,445,810,295.5,774.0,269.5
1766,29.427821473158552,148,754,445,826,296.5,790.0,285.5
1767,29.444485018726592,149,778,444,850,296.5,814.0,309.5
1768,29.461148564294632,150,808,443,881,296.5,844.5,340.0
1769,29.477812109862672,154,850,441,922,297.5,886.0,381.5
1770,29.494475655430712,156,888,440,961,298.0,924.5,420.0
1771,29.511139200998752,152,893,443,999,297.5,946.0,441.5
1772,29.527802746566792,154,963,445,1035,299.5,999.0,494.5
1773,29.54446629213483,156,999,448,1069,302.0,1034.0,529.5
1774,29.56112983770287,157,1030,449,1102,303.0,1066.0,561.5
1775,29.57779338327091,160,1061,451,1132,305.5,1096.5,592.0
1776,29.59445692883895,161,1091,452,1160,306.5,1125.5,621.0
1777,29.61112047440699,159,1117,455,1185,307.0,1151.0,646.5
1778,29.62778401997503,160,1135,456,1204,308.0,1169.5,665.0
1779,29.64444756554307,160,1146,457,1214,308.5,1180.0,675.5
1780,29.66111111111111,159,1149,458,1216,308.5,1182.5,678.0
1781,29.67777465667915,162,1139,459,1208,310.5,1173.5,669.0
1782,29.69443820224719,163,1120,458,1190,310.5,1155.0,650.5
1783,29.71110174781523,166,1094,458,1164,312.0,1129.0,624.5
1784,29.72776529338327,168,1065,459,1136,313.5,1100.5,596.0
1785,29.74442883895131,168,1034,458,1106,313.0,1070.0,565.5
1786,29.76109238451935,166,1000,456,1073,311.0,1036.5,532.0
1787,29.77775593008739,162,966,455,1039,308.5,1002.5,498.0
1788,29.79441947565543,168,930,455,1002,311.5,966.0,461.5
1789,29.81108302122347,162,888,454,964,308.0,926.0,421.5
1790,29.82774656679151,164,857,451,927,307.5,892.0,387.5
1791,29.84441011235955,165,820,452,893,308.5,856.5,352.0
1792,29.86107365792759,160,785,449,858,304.5,821.5,317.0
1793,29.87773720349563,155,761,451,832,303.0,796.5,292.0
1794,29.89440074906367,153,745,451,816,302.0,780.5,276.0
1795,29.91106429463171,152,737,450,808,301.0,772.5,268.0
1796,29.92772784019975,152,738,450,808,301.0,773.0,268.5
1797,29.94439138576779,151,744,448,815,299.5,779.5,275.0
1798,29.96105493133583,151,757,448,829,299.5,793.0,288.5
1799,29.97771847690387,150,775,448,846,299.0,810.5,306.0
1800,29.99438202247191,151,798,447,869,299.0,833.5,329.0
1801,30.01104556803995,152,825,446,896,299.0,860.5,356.0
1802,30.02770911360799,156,853,446,926,301.0,889.5,385.0
1803,30.04437265917603,155,886,441,961,298.0,923.5,419.0
1804,30.06103620474407,161,929,444,1002,302.5,965.5,461.0
1805,30.07769975031211,158,968,445,1043,301.5,1005.5,501.0
1806,30.09436329588015,160,1010,448,1084,304.0,1047.0,542.5
1807,30.11102684144819,158,1049,448,1122,303.0,1085.5,581.0
1808,30.12769038701623,154,1079,449,1150,301.5,1114.5,610.0
1809,30.14435393258427,156,1102,451,1172,303.5,1137.0,632.5
1810,30.16101747815231,156,1120,454,1188,305.0,1154.0,649.5
1811,30.17768102372035,157,1130,455,1199,306.0,1164.5,660.0
1812,30.19434456928839,159,1135,455,1201,307.0,1168.0,663.5
1813,30.21100811485643,160,1129,456,1199,308.0,1164.0,659.5
1814,30.22767166042447,159,1123,456,1191,307.5,1157.0,652.5
1815,30.24433520599251,161,1111,456,1180,308.5,1145.5,641.0
1816,30.26099875156055,161,1089,456,1160,308.5,1124.5,620.0
1817,30.27766229712859,160,1063,453,1133,306.5,1098.0,593.5
1818,30.29432584269663,163,1027,456,1099,309.5,1063.0,558.5
1819,30.31098938826467,168,987,454,1062,311.0,1024.5,520.0
1820,30.32765293383271,166,949,454,1022,310.0,985.5,481.0
1821,30.34431647940075,164,907,450,981,307.0,944.0,439.5
1822,30.36098002496879,162,871,450,944,306.0,907.5,403.0
1823,30.37764357053683,160,841,454,912,307.0,876.5,372.0
1824,30.39430711610487,157,812,453,884,305.0,848.0,343.5
1825,30.41097066167291,158,789,453,860,305.5,824.5,320.0
1826,30.42763420724095,155,770,452,841,303.5,805.5,301.0
1827,30.44429775280899,153,755,451,826,302.0,790.5,286.0
1828,30.46096129837703,152,743,452,815,302.0,779.0,274.5
1829,30.47762484394507,152,739,451,811,301.5,775.0,270.5
1830,30.49428838951311,151,745,450,816,300.5,780.5,276.0
1831,30.51095193508115,152,758,448,829,300.0,793.5,289.0
1832,30.52761548064919,152,778,448,850,300.0,814.0,309.5
1833,30.54427902621723,154,805,448,879,301.0,842.0,337.5
1834,30.56094257178527,156,840,447,911,301.5,875.5,371.0
1835,30.57760611735331,158,876,446,949,302.0,912.5,408.0
1836,30.59426966292135,157,914,446,986,301.5,950.0,445.5
1837,30.61093320848939,157,949,448,1021,302.5,985.0,480.5
1838,30.62759675405743,157,984,447,1055,302.0,1019.5,515.0
1839,30.64426029962547,158,1014,448,1087,303.0,1050.5,546.0
1840,30.66092384519351,159,1044,450,1117,304.5,1080.5,576.0
1841,30.67758739076155,158,1073,450,1146,304.0,1109.5,605.0
1842,30.69425093632959,157,1099,450,1171,303.5,1135.0,630.5
1843,30.71091448189763,156,1120,452,1190,304.0,1155.0,650.5
1844,30.72757802746567,156,1135,452,1202,304.0,1168.5,664.0
1845,30.744241573033708,156,1138,452,1206,304.0,1172.0,667.5
1846,30.760905118601748,156,1132,454,1200,305.0,1166.0,661.5
1847,30.777568664169788,157,1116,455,1186,306.0,1151.0,646.5
1848,30.794232209737828,160,1093,454,1164,307.0,1128.5,624.0
1849,30.810895755305868,161,1068,452,1138,306.5,1103.0,598.5
1850,30.827559300873908,163,1038,454,1110,308.5,1074.0,569.5
1851,30.844222846441948,161,1010,453,1080,307.0,1045.0,540.5
1852,30.860886392009988,165,979,453,1050,309.0,1014.5,510.0
1853,30.877549937578028,165,944,450,1015,307.5,979.5,475.0
1854,30.894213483146068,165,907,452,978,308.5,942.5,438.0
1855,30.910877028714108,162,872,451,942,306.5,907.0,402.5
1856,30.927540574282148,161,837,450,908,305.5,872.5,368.0
1857,30.944204119850188,159,806,453,876,306.0,841.0,336.5
1858,30.960867665418228,158,777,452,849,305.0,813.0,308.5
1859,30.977531210986267,155,759,453,829,304.0,794.0,289.5
1860,30.994194756554307,155,749,453,819,304.0,784.0,279.5
1861,31.010858302122347,155,748,453,818,304.0,783.0,278.5
1862,31.027521847690387,153,752,452,824,302.5,788.0,283.5
1863,31.044185393258427,153,763,452,833,302.5,798.0,293.5
1864,31.060848938826467,153,776,451,847,302.0,811.5,307.0
1865,31.077512484394507,155,798,451,867,303.0,832.5,328.0
1866,31.094176029962547,157,818,447,891,302.0,854.5,350.0
1867,31.110839575530587,156,846,449,920,302.5,883.0,378.5
1868,31.127503121098627,158,880,448,952,303.0,916.0,411.5
1869,31.144166666666667,162,916,448,988,305.0,952.0,447.5
1870,31.160830212234707,162,956,448,1028,305.0,992.0,487.5
1871,31.177493757802747,160,996,448,1067,304.0,1031.5,527.0
1872,31.194157303370787,158,1032,450,1102,304.0,1067.0,562.5
1873,31.210820848938827,154,1062,452,1134,303.0,1098.0,593.5
1874,31.227484394506867,156,1085,451,1157,303.5,1121.0,616.5
1875,31.244147940074907,155,1103,452,1174,303.5,1138.5,634.0
1876,31.260811485642947,155,1118,452,1185,303.5,1151.5,647.0
1877,31.277475031210987,156,1123,452,1192,304.0,1157.5,653.0
1878,31.294138576779027,156,1124,452,1192,304.0,1158.0,653.5
1879,31.310802122347067,155,1119,452,1187,303.5,1153.0,648.5
1880,31.327465667915106,156,1107,453,1177,304.5,1142.0,637.5
1881,31.344129213483146,156,1091,451,1161,303.5,1126.0,621.5
1882,31.360792759051186,158,1068,452,1138,305.0,1103.0,598.5
1883,31.377456304619226,161,1036,452,1108,306.5,1072.0,567.5
1884,31.394119850187266,162,997,449,1072,305.5,1034.5,530.0
1885,31.410783395755306,163,960,448,1031,305.5,995.5,491.0
1886,31.427446941323346,163,922,450,994,306.5,958.0,453.5
1887,31.444110486891386,161,887,450,959,305.5,923.0,418.5
1888,31.460774032459426,158,854,450,928,304.0,891.0,386.5
1889,31.477437578027466,157,827,451,899,304.0,863.0,358.5
1890,31.494101123595506,155,805,451,876,303.0,840.5,336.0
1891,31.510764669163546,154,785,451,856,302.5,820.5,316.0
1892,31.527428214731586,155,770,453,840,304.0,805.0,300.5
1893,31.544091760299626,155,757,453,828,304.0,792.5,288.0
1894,31.560755305867666,153,750,454,822,303.5,786.0,281.5
1895,31.577418851435706,153,750,453,822,303.0,786.0,281.5
1896,31.594082397003746,155,760,452,831,303.5,795.5,291.0
1897,31.610745942571786,155,778,452,852,303.5,815.0,310.5
1898,31.627409488139826,155,804,450,877,302.5,840.5,336.0
1899,31.644073033707866,157,834,451,906,304.0,870.0,365.5
1900,31.660736579275905,160,867,451,939,305.5,903.0,398.5
1901,31.677400124843945,162,901,450,974,306.0,937.5,433.0
1902,31.694063670411985,159,936,450,1008,304.5,972.0,467.5
1903,31.710727215980025,160,969,451,1039,305.5,1004.0,499.5
1904,31.727390761548065,162,999,450,1070,306.0,1034.5,530.0
1905,31.744054307116105,160,1028,452,1100,306.0,1064.0,559.5
1906,31.760717852684145,159,1056,452,1128,305.5,1092.0,587.5
1907,31.777381398252185,158,1085,453,1155,305.5,1120.0,615.5
1908,31.794044943820225,157,1107,453,1177,305.0,1142.0,637.5
1909,31.810708489388265,156,1122,453,1192,304.5,1157.0,652.5
1910,31.827372034956305,157,1127,453,1196,305.0,1161.5,657.0
1911,31.844035580524345,156,1124,453,1193,304.5,1158.5,654.0
1912,31.860699126092385,157,1113,452,1182,304.5,1147.5,643.0
1913,31.877362671660425,157,1094,451,1164,304.0,1129.0,624.5
1914,31.894026217228465,157,1070,450,1140,303.5,1105.0,600.5
1915,31.910689762796505,158,1043,449,1114,303.5,1078.5,574.0
1916,31.927353308364545,156,1017,450,1088,303.0,1052.5,548.0
1917,31.944016853932585,155,988,450,1058,302.5,1023.0,518.5
1918,31.960680399500625,158,954,449,1028,303.5,991.0,486.5
1919,31.977343945068665,158,921,446,994,302.0,957.5,453.0
1920,31.994007490636704,155,885,446,959,300.5,922.0,417.5
1921,32.01067103620475,156,849,448,924,302.0,886.5,382.0
1922,32.027334581772784,158,821,449,891,303.5,856.0,351.5
1923,32.04399812734083,153,793,448,864,300.5,828.5,324.0
1924,32.060661672908864,152,773,449,844,300.5,808.5,304.0
1925,32.07732521847691,154,760,451,831,302.5,795.5,291.0
1926,32.093988764044944,155,757,452,828,303.5,792.5,288.0
1927,32.11065230961299,153,760,452,830,302.5,795.0,290.5
1928,32.127315855181024,155,769,451,840,303.0,804.5,300.0
1929,32.14397940074907,156,780,451,852,303.5,816.0,311.5
1930,32.160642946317104,156,796,453,866,304.5,831.0,326.5
1931,32.17730649188515,158,815,453,886,305.5,850.5,346.0
1932,32.193970037453184,161,840,454,912,307.5,876.0,371.5
1933,32.21063358302123,160,871,451,944,305.5,907.5,403.0
1934,32.227297128589264,161,905,453,977,307.0,941.0,436.5
1935,32.24396067415731,163,940,448,1014,305.5,977.0,472.5
1936,32.260624219725344,162,979,449,1053,305.5,1016.0,511.5
1937,32.27728776529339,163,1016,452,1088,307.5,1052.0,547.5
1938,32.293951310861424,161,1048,454,1118,307.5,1083.0,578.5
1939,32.31061485642947,160,1072,456,1143,308.0,1107.5,603.0
1940,32.3272784019975,158,1090,456,1160,307.0,1125.0,620.5
1941,32.34394194756555,159,1102,455,1171,307.0,1136.5,632.0
1942,32.36060549313358,158,1111,455,1181,306.5,1146.0,641.5
1943,32.37726903870163,157,1114,454,1184,305.5,1149.0,644.5
1944,32.39393258426966,156,1113,453,1182,304.5,1147.5,643.0
1945,32.41059612983771,155,1107,453,1174,304.0,1140.5,636.0
1946,32.42725967540574,156,1091,452,1161,304.0,1126.0,621.5
1947,32.44392322097379,153,1070,451,1141,302.0,1105.5,601.0
1948,32.46058676654182,156,1040,450,1112,303.0,1076.0,571.5
1949,32.47725031210987,160,1008,448,1080,304.0,1044.0,539.5
1950,32.4939138576779,160,969,447,1042,303.5,1005.5,501.0
1951,32.51057740324595,158,935,447,1007,302.5,971.0,466.5
1952,32.52724094881398,155,902,445,973,300.0,937.5,433.0
1953,32.543904494382026,158,872,448,943,303.0,907.5,403.0
1954,32.56056803995006,152,845,448,915,300.0,880.0,375.5
1955,32.577231585518106,151,821,447,891,299.0,856.0,351.5
1956,32.59389513108614,150,800,447,870,298.5,835.0,330.5
1957,32.610558676654186,150,783,450,853,300.0,818.0,313.5
1958,32.62722222222222,152,769,450,840,301.0,804.5,300.0
1959,32.643885767790266,151,762,450,832,300.5,797.0,292.5
1960,32.6605493133583,151,761,450,831,300.5,796.0,291.5
1961,32.677212858926346,153,765,451,836,302.0,800.5,296.0
1962,32.69387640449438,155,779,451,852,303.0,815.5,311.0
1963,32.710539950062426,158,802,452,876,305.0,839.0,334.5
1964,32.72720349563046,160,833,452,902,306.0,867.5,363.0
1965,32.743867041198506,162,862,455,934,308.5,898.0,393.5
1966,32.76053058676654,162,892,453,963,307.5,927.5,423.0
1967,32.777194132334586,162,924,456,995,309.0,959.5,455.0
1968,32.79385767790262,161,954,455,1028,308.0,991.0,486.5
1969,32.810521223470666,161,984,456,1056,308.5,1020.0,515.5
1970,32.8271847690387,162,1015,456,1086,309.0,1050.5,546.0
1971,32.843848314606745,164,1042,456,1114,310.0,1078.0,573.5
1972,32.86051186017478,162,1069,457,1140,309.5,1104.5,600.0
1973,32.877175405742825,160,1094,457,1163,308.5,1128.5,624.0
1974,32.89383895131086,160,1111,459,1178,309.5,1144.5,640.0
1975,32.910502496878905,159,1119,458,1186,308.5,1152.5,648.0
1976,32.92716604244694,160,1118,459,1185,309.5,1151.5,647.0
1977,32.943829588014985,160,1110,456,1177,308.0,1143.5,639.0
1978,32.96049313358302,159,1092,455,1161,307.0,1126.5,622.0
1979,32.977156679151065,158,1072,454,1142,306.0,1107.0,602.5
1980,32.9938202247191,157,1049,452,1119,304.5,1084.0,579.5
1981,33.010483770287145,156,1021,450,1095,303.0,1058.0,553.5
1982,33.02714731585518,156,996,449,1067,302.5,1031.5,527.0
1983,33.043810861423225,156,967,448,1039,302.0,1003.0,498.5
1984,33.06047440699126,154,936,447,1007,300.5,971.5,467.0
1985,33.077137952559305,158,901,446,973,302.0,937.0,432.5
1986,33.09380149812734,152,865,444,939,298.0,902.0,397.5
1987,33.110465043695385,155,835,446,907,300.5,871.0,366.5
1988,33.12712858926342,152,810,447,881,299.5,845.5,341.0
1989,33.143792134831465,150,790,447,861,298.5,825.5,321.0
1990,33.1604556803995,150,776,448,846,299.0,811.0,306.5
1991,33.177119225967544,151,770,449,840,300.0,805.0,300.5
1992,33.19378277153558,150,770,448,840,299.0,805.0,300.5
1993,33.210446317103624,151,775,449,846,300.0,810.5,306.0
1994,33.22710986267166,153,784,449,856,301.0,820.0,315.5
1995,33.243773408239704,153,798,451,868,302.0,833.0,328.5
1996,33.26043695380774,154,812,450,886,302.0,849.0,344.5
1997,33.277100499375784,156,836,451,907,303.5,871.5,367.0
1998,33.29376404494382,160,863,451,936,305.5,899.5,395.0
1999,33.310427590511864,164,897,452,968,308.0,932.5,428.0
2000,33.3270911360799,166,931,452,1002,309.0,966.5,462.0
2001,33.343754681647944,166,966,456,1039,311.0,1002.5,498.0
2002,33.36041822721598,163,1001,456,1071,309.5,1036.0,531.5
2003,33.377081772784024,162,1031,456,1102,309.0,1066.5,562.0
2004,33.39374531835206,161,1055,458,1126,309.5,1090.5,586.0
2005,33.410408863920104,163,1076,459,1145,311.0,1110.5,606.0
2006,33.42707240948814,162,1089,460,1158,311.0,1123.5,619.0
2007,33.443735955056184,164,1099,460,1168,312.0,1133.5,629.0
2008,33.46039950062422,161,1105,457,1173,309.0,1139.0,634.5
2009,33.477063046192264,161,1105,457,1174,309.0,1139.5,635.0
2010,33.4937265917603,160,1102,456,1170,308.0,1136.0,631.5
2011,33.51039013732834,159,1089,455,1158,307.0,1123.5,619.0
2012,33.52705368289638,159,1069,454,1140,306.5,1104.5,600.0
2013,33.54371722846442,158,1045,452,1118,305.0,1081.5,577.0
2014,33.56038077403246,160,1016,450,1087,305.0,1051.5,547.0
2015,33.5770443196005,161,982,448,1054,304.5,1018.0,513.5
2016,33.59370786516854,162,948,450,1020,306.0,984.0,479.5
2017,33.61037141073658,158,916,448,986,303.0,951.0,446.5
2018,33.62703495630462,152,886,449,958,300.5,922.0,417.5
2019,33.64369850187266,151,859,446,931,298.5,895.0,390.5
2020,33.6603620474407,151,837,445,906,298.0,871.5,367.0
2021,33.67702559300874,150,814,446,886,298.0,850.0,345.5
2022,33.69368913857678,150,795,447,867,298.5,831.0,326.5
2023,33.71035268414482,149,782,448,852,298.5,817.0,312.5
2024,33.72701622971286,149,773,447,843,298.0,808.0,303.5
2025,33.7436797752809,151,769,448,840,299.5,804.5,300.0
2026,33.76034332084894,150,773,448,843,299.0,808.0,303.5
2027,33.77700686641698,151,784,449,855,300.0,819.5,315.0
2028,33.79367041198502,154,803,448,874,301.0,838.5,334.0
2029,33.81033395755306,155,829,448,900,301.5,864.5,360.0
2030,33.8269975031211,156,856,450,926,303.0,891.0,386.5
2031,33.84366104868914,157,885,451,955,304.0,920.0,415.5
2032,33.86032459425718,162,915,454,985,308.0,950.0,445.5
2033,33.87698813982522,162,941,452,1012,307.0,976.5,472.0
2034,33.89365168539326,162,969,456,1042,309.0,1005.5,501.0
2035,33.9103152309613,164,1000,455,1070,309.5,1035.0,530.5
2036,33.92697877652934,162,1028,457,1100,309.5,1064.0,559.5
2037,33.94364232209738,163,1052,458,1124,310.5,1088.0,583.5
2038,33.96030586766542,163,1076,458,1146,310.5,1111.0,606.5
2039,33.97696941323346,162,1096,459,1165,310.5,1130.5,626.0
2040,33.9936329588015,162,1108,460,1175,311.0,1141.5,637.0
2041,34.01029650436954,162,1107,459,1175,310.5,1141.0,636.5
2042,34.02696004993758,161,1101,458,1169,309.5,1135.0,630.5
2043,34.04362359550562,162,1086,457,1156,309.5,1121.0,616.5
2044,34.06028714107366,161,1071,456,1140,308.5,1105.5,601.0
2045,34.0769506866417,159,1053,456,1121,307.5,1087.0,582.5
2046,34.09361423220974,159,1028,454,1099,306.5,1063.5,559.0
2047,34.11027777777778,159,1005,453,1073,306.0,1039.0,534.5
2048,34.12694132334582,156,976,451,1048,303.5,1012.0,507.5
2049,34.14360486891386,155,948,450,1019,302.5,983.5,479.0
2050,34.1602684144819,157,916,446,987,301.5,951.5,447.0
2051,34.17693196004994,157,883,446,953,301.5,918.0,413.5
2052,34.19359550561798,152,850,447,921,299.5,885.5,381.0
2053,34.21025905118602,152,823,448,894,300.0,858.5,354.0
2054,34.22692259675406,150,804,448,874,299.0,839.0,334.5
2055,34.2435861423221,148,789,446,860,297.0,824.5,320.0
2056,34.26024968789014,147,782,447,852,297.0,817.0,312.5
2057,34.27691323345818,147,780,447,850,297.0,815.0,310.5
2058,34.29357677902622,147,782,446,852,296.5,817.0,312.5
2059,34.31024032459426,149,789,447,860,298.0,824.5,320.0
2060,34.3269038701623,149,801,448,871,298.5,836.0,331.5
2061,34.34356741573034,151,815,448,885,299.5,850.0,345.5
2062,34.36023096129838,154,834,451,904,302.5,869.0,364.5
2063,34.37689450686642,157,856,450,928,303.5,892.0,387.5
2064,34.39355805243446,158,888,450,959,304.0,923.5,419.0
2065,34.4102215980025,160,921,452,991,306.0,956.0,451.5
2066,34.42688514357054,162,956,453,1025,307.5,990.5,486.0
2067,34.44354868913858,161,988,453,1056,307.0,1022.0,517.5
2068,34.46021223470662,164,1015,456,1086,310.0,1050.5,546.0
2069,34.47687578027466,162,1039,457,1110,309.5,1074.5,570.0
2070,34.4935393258427,161,1061,459,1129,310.0,1095.0,590.5
2071,34.51020287141074,162,1074,458,1144,310.0,1109.0,604.5
2072,34.52686641697878,163,1085,460,1154,311.5,1119.5,615.0
2073,34.54352996254682,163,1092,460,1160,311.5,1126.0,621.5
2074,34.56019350811486,166,1096,460,1164,313.0,1130.0,625.5
2075,34.5768570536829,166,1096,460,1164,313.0,1130.0,625.5
2076,34.59352059925094,162,1086,459,1155,310.5,1120.5,616.0
2077,34.61018414481898,160,1070,457,1140,308.5,1105.0,600.5
2078,34.62684769038702,162,1048,454,1117,308.0,1082.5,578.0
2079,34.64351123595506,161,1022,456,1092,308.5,1057.0,552.5
2080,34.6601747815231,161,989,455,1060,308.0,1024.5,520.0
2081,34.67683832709114,161,959,452,1031,306.5,995.0,490.5
2082,34.693501872659176,159,927,450,998,304.5,962.5,458.0
2083,34.71016541822722,156,898,450,969,303.0,933.5,429.0
2084,34.726828963795256,153,874,449,944,301.0,909.0,404.5
2085,34.7434925093633,154,851,448,922,301.0,886.5,382.0
2086,34.760156054931336,149,829,447,901,298.0,865.0,360.5
2087,34.77681960049938,147,812,447,880,297.0,846.0,341.5
2088,34.793483146067416,147,795,447,864,297.0,829.5,325.0
2089,34.81014669163546,147,783,446,853,296.5,818.0,313.5
2090,34.826810237203496,147,778,447,848,297.0,813.0,308.5
2091,34.84347378277154,148,780,447,850,297.5,815.0,310.5
2092,34.860137328339576,149,790,446,860,297.5,825.0,320.5
2093,34.87680087390762,152,806,446,875,299.0,840.5,336.0
2094,34.893464419475656,152,828,448,898,300.0,863.0,358.5
2095,34.9101279650437,153,853,447,923,300.0,888.0,383.5
2096,34.926791510611736,156,879,448,949,302.0,914.0,409.5
2097,34.94345505617978,156,904,452,974,304.0,939.0,434.5
2098,34.960118601747816,158,930,452,1002,305.0,966.0,461.5
2099,34.97678214731586,161,958,452,1030,306.5,994.0,489.5
2100,34.993445692883896,160,985,452,1057,306.0,1021.0,516.5
2101,35.01010923845194,163,1013,455,1085,309.0,1049.0,544.5
2102,35.026772784019975,162,1039,455,1109,308.5,1074.0,569.5
2103,35.04343632958802,160,1063,458,1132,309.0,1097.5,593.0
2104,35.060099875156055,160,1080,458,1150,309.0,1115.0,610.5
2105,35.0767634207241,161,1094,459,1162,310.0,1128.0,623.5
2106,35.093426966292135,162,1096,459,1166,310.5,1131.0,626.5
2107,35.11009051186018,163,1092,460,1160,311.5,1126.0,621.5
2108,35.126754057428215,162,1082,460,1152,311.0,1117.0,612.5
2109,35.14341760299626,163,1066,459,1137,311.0,1101.5,597.0
2110,35.160081148564295,162,1049,459,1120,310.5,1084.5,580.0
2111,35.17674469413234,162,1029,458,1102,310.0,1065.5,561.0
2112,35.193408239700375,162,1011,456,1080,309.0,1045.5,541.0
2113,35.21007178526842,160,985,451,1054,305.5,1019.5,515.0
2114,35.226735330836455,159,956,453,1028,306.0,992.0,487.5
2115,35.2433988764045,157,927,451,998,304.0,962.5,458.0
2116,35.260062421972535,159,897,451,967,305.0,932.0,427.5
2117,35.27672596754058,156,863,450,936,303.0,899.5,395.0
2118,35.293389513108615,153,838,448,909,300.5,873.5,369.0
2119,35.31005305867666,150,816,448,887,299.0,851.5,347.0
2120,35.326716604244695,150,801,449,873,299.5,837.0,332.5
2121,35.34338014981274,148,794,447,864,297.5,829.0,324.5
2122,35.360043695380774,148,790,447,860,297.5,825.0,320.5
2123,35.37670724094882,148,791,447,861,297.5,826.0,321.5
2124,35.393370786516854,148,796,447,865,297.5,830.5,326.0
2125,35.4100343320849,149,802,448,873,298.5,837.5,333.0
2126,35.426697877652934,150,816,447,886,298.5,851.0,346.5
2127,35.44336142322098,151,832,447,902,299.0,867.0,362.5
2128,35.460024968789014,152,855,448,924,300.0,889.5,385.0
2129,35.47668851435706,155,881,448,950,301.5,915.5,411.0
2130,35.493352059925094,156,909,448,983,302.0,946.0,441.5
2131,35.51001560549314,157,943,450,1015,303.5,979.0,474.5
2132,35.526679151061174,159,975,451,1046,305.0,1010.5,506.0
2133,35.54334269662922,158,1002,452,1071,305.0,1036.5,532.0
2134,35.560006242197254,160,1025,454,1095,307.0,1060.0,555.5
2135,35.5766697877653,159,1045,456,1115,307.5,1080.0,575.5
2136,35.593333333333334,160,1060,457,1131,308.5,1095.5,591.0
2137,35.60999687890138,161,1073,458,1142,309.5,1107.5,603.0
2138,35.626660424469414,161,1082,458,1149,309.5,1115.5,611.0
2139,35.64332397003746,162,1086,459,1154,310.5,1120.0,615.5
2140,35.65998751560549,162,1086,459,1155,310.5,1120.5,616.0
2141,35.67665106117354,161,1082,460,1150,310.5,1116.0,611.5
2142,35.69331460674157,162,1069,459,1138,310.5,1103.5,599.0
2143,35.70997815230962,160,1048,458,1118,309.0,1083.0,578.5
2144,35.72664169787765,163,1023,456,1094,309.5,1058.5,554.0
2145,35.7433052434457,163,995,456,1066,309.5,1030.5,526.0
2146,35.75996878901373,162,968,456,1037,309.0,1002.5,498.0
2147,35.77663233458178,161,940,454,1010,307.5,975.0,470.5
2148,35.79329588014981,160,910,453,982,306.5,946.0,441.5
2149,35.80995942571786,157,885,453,958,305.0,921.5,417.0
2150,35.82662297128589,156,864,452,935,304.0,899.5,395.0
2151,35.84328651685394,153,840,451,913,302.0,876.5,372.0
2152,35.85995006242197,153,824,450,894,301.5,859.0,354.5
2153,35.876613607990016,152,807,450,878,301.0,842.5,338.0
2154,35.89327715355805,151,795,450,863,300.5,829.0,324.5
2155,35.909940699126096,150,787,449,856,299.5,821.5,317.0
2156,35.92660424469413,149,787,449,858,299.0,822.5,318.0
2157,35.943267790262176,150,795,448,865,299.0,830.0,325.5
2158,35.95993133583021,150,808,447,878,298.5,843.0,338.5
2159,35.976594881398256,151,825,448,896,299.5,860.5,356.0
2160,35.99325842696629,151,850,447,919,299.0,884.5,380.0
2161,36.009921972534336,152,874,448,944,300.0,909.0,404.5
2162,36.02658551810237,152,898,449,969,300.5,933.5,429.0
2163,36.043249063670416,154,923,451,992,302.5,957.5,453.0
2164,36.05991260923845,155,948,450,1018,302.5,983.0,478.5
2165,36.076576154806496,159,974,450,1043,304.5,1008.5,504.0
2166,36.09323970037453,158,1000,452,1070,305.0,1035.0,530.5
2167,36.109903245942576,157,1026,451,1096,304.0,1061.0,556.5
2168,36.12656679151061,159,1050,455,1118,307.0,1084.0,579.5
2169,36.143230337078656,161,1068,457,1136,309.0,1102.0,597.5
2170,36.15989388264669,159,1080,456,1148,307.5,1114.0,609.5
2171,36.176557428214736,159,1086,458,1154,308.5,1120.0,615.5
2172,36.19322097378277,160,1085,458,1152,309.0,1118.5,614.0
2173,36.209884519350815,161,1075,458,1145,309.5,1110.0,605.5
2174,36.22654806491885,162,1064,458,1133,310.0,1098.5,594.0
2175,36.243211610486895,162,1050,459,1118,310.5,1084.0,579.5
2176,36.25987515605493,162,1034,458,1102,310.0,1068.0,563.5
2177,36.276538701622975,161,1014,456,1084,308.5,1049.0,544.5
2178,36.29320224719101,161,990,457,1061,309.0,1025.5,521.0
2179,36.309865792759055,161,966,454,1036,307.5,1001.0,496.5
2180,36.32652933832709,161,936,454,1007,307.5,971.5,467.0
2181,36.343192883895135,160,907,455,979,307.5,943.0,438.5
2182,36.35985642946317,161,878,451,950,306.0,914.0,409.5
2183,36.376519975031215,159,850,452,922,305.5,886.0,381.5
2184,36.39318352059925,155,828,452,900,303.5,864.0,359.5
2185,36.409847066167295,153,814,451,885,302.0,849.5,345.0
2186,36.42651061173533,153,805,451,875,302.0,840.0,335.5
2187,36.443174157303375,152,802,450,872,301.0,837.0,332.5
2188,36.45983770287141,151,801,450,870,300.5,835.5,331.0
2189,36.476501248439455,151,801,449,872,300.0,836.5,332.0
2190,36.49316479400749,151,807,448,878,299.5,842.5,338.0
2191,36.509828339575535,151,819,449,888,300.0,853.5,349.0
2192,36.52649188514357,152,831,449,903,300.5,867.0,362.5
2193,36.543155430711614,152,852,449,924,300.5,888.0,383.5
2194,36.55981897627965,153,875,448,946,300.5,910.5,406.0
2195,36.576482521847694,154,903,449,974,301.5,938.5,434.0
2196,36.59314606741573,158,934,449,1005,303.5,969.5,465.0
2197,36.609809612983774,155,964,450,1034,302.5,999.0,494.5
2198,36.62647315855181,155,988,449,1060,302.0,1024.0,519.5
2199,36.643136704119854,156,1011,451,1084,303.5,1047.5,543.0
2200,36.65980024968789,156,1033,453,1102,304.5,1067.5,563.0
2201,36.676463795255934,157,1048,454,1118,305.5,1083.0,578.5
2202,36.69312734082397,157,1061,454,1130,305.5,1095.5,591.0
2203,36.709790886392014,159,1072,456,1138,307.5,1105.0,600.5
2204,36.72645443196005,159,1078,456,1146,307.5,1112.0,607.5
2205,36.743117977528094,159,1077,456,1146,307.5,1111.5,607.0
2206,36.75978152309613,159,1076,456,1144,307.5,1110.0,605.5
2207,36.776445068664174,160,1065,457,1135,308.5,1100.0,595.5
2208,36.79310861423221,161,1047,456,1118,308.5,1082.5,578.0
2209,36.809772159800254,161,1026,456,1097,308.5,1061.5,557.0
2210,36.82643570536829,162,1000,456,1069,309.0,1034.5,530.0
2211,36.84309925093633,161,976,454,1045,307.5,1010.5,506.0
2212,36.85976279650437,160,948,455,1018,307.5,983.0,478.5
2213,36.87642634207241,160,923,453,994,306.5,958.5,454.0
2214,36.89308988764045,158,898,453,968,305.5,933.0,428.5
2215,36.90975343320849,158,877,453,947,305.5,912.0,407.5
2216,36.92641697877653,157,857,453,926,305.0,891.5,387.0
2217,36.94308052434457,153,837,452,908,302.5,872.5,368.0
2218,36.95974406991261,154,819,452,891,303.0,855.0,350.5
2219,36.97640761548065,154,806,451,877,302.5,841.5,337.0
2220,36.99307116104869,154,798,451,868,302.5,833.0,328.5
2221,37.00973470661673,153,797,451,866,302.0,831.5,327.0
2222,37.02639825218477,153,802,451,872,302.0,837.0,332.5
2223,37.04306179775281,152,812,450,883,301.0,847.5,343.0
2224,37.05972534332085,153,828,450,899,301.5,863.5,359.0
2225,37.07638888888889,153,848,449,919,301.0,883.5,379.0
2226,37.09305243445693,153,869,450,940,301.5,904.5,400.0
2227,37.10971598002497,152,893,450,963,301.0,928.0,423.5
2228,37.12637952559301,156,916,450,984,303.0,950.0,445.5
2229,37.14304307116105,156,938,449,1008,302.5,973.0,468.5
2230,37.15970661672909,157,962,449,1033,303.0,997.5,493.0
2231,37.17637016229713,159,987,451,1058,305.0,1022.5,518.0
2232,37.19303370786517,158,1012,451,1083,304.5,1047.5,543.0
2233,37.20969725343321,158,1037,452,1106,305.0,1071.5,567.0
2234,37.22636079900125,156,1055,453,1124,304.5,1089.5,585.0
2235,37.24302434456929,157,1067,454,1136,305.5,1101.5,597.0
2236,37.25968789013733,158,1075,454,1144,306.0,1109.5,605.0
2237,37.27635143570537,158,1075,455,1144,306.5,1109.5,605.0
2238,37.29301498127341,158,1070,452,1139,305.0,1104.5,600.0
2239,37.30967852684145,158,1061,456,1129,307.0,1095.0,590.5
2240,37.32634207240949,159,1049,455,1116,307.0,1082.5,578.0
2241,37.34300561797753,158,1033,455,1102,306.5,1067.5,563.0
2242,37.35966916354557,159,1016,456,1085,307.5,1050.5,546.0
2243,37.37633270911361,159,997,455,1067,307.0,1032.0,527.5
2244,37.39299625468165,159,974,452,1042,305.5,1008.0,503.5
2245,37.40965980024969,162,946,453,1016,307.5,981.0,476.5
2246,37.42632334581773,160,918,454,988,307.0,953.0,448.5
2247,37.44298689138577,160,890,454,960,307.0,925.0,420.5
2248,37.45965043695381,158,864,452,936,305.0,900.0,395.5
2249,37.47631398252185,157,843,453,913,305.0,878.0,373.5
2250,37.49297752808989,155,827,452,898,303.5,862.5,358.0
2251,37.50964107365793,153,817,452,886,302.5,851.5,347.0
2252,37.52630461922597,152,811,452,881,302.0,846.0,341.5
2253,37.54296816479401,153,809,452,880,302.5,844.5,340.0
2254,37.55963171036205,153,809,452,880,302.5,844.5,340.0
2255,37.57629525593009,153,812,452,883,302.5,847.5,343.0
2256,37.59295880149813,153,819,452,890,302.5,854.5,350.0
2257,37.60962234706617,153,833,452,903,302.5,868.0,363.5
2258,37.62628589263421,156,850,452,920,304.0,885.0,380.5
2259,37.64294943820225,156,872,451,942,303.5,907.0,402.5
2260,37.65961298377029,156,896,450,968,303.0,932.0,427.5
2261,37.67627652933833,155,923,451,996,303.0,959.5,455.0
2262,37.69294007490637,154,952,450,1022,302.0,987.0,482.5
2263,37.70960362047441,156,978,451,1050,303.5,1014.0,509.5
2264,37.72626716604245,156,1002,451,1071,303.5,1036.5,532.0
2265,37.74293071161049,156,1020,453,1090,304.5,1055.0,550.5
2266,37.75959425717853,157,1035,455,1104,306.0,1069.5,565.0
2267,37.77625780274657,157,1050,455,1119,306.0,1084.5,580.0
2268,37.79292134831461,157,1060,454,1128,305.5,1094.0,589.5
2269,37.80958489388265,156,1067,455,1136,305.5,1101.5,597.0
2270,37.82624843945069,157,1072,455,1139,306.0,1105.5,601.0
2271,37.84291198501873,157,1069,455,1136,306.0,1102.5,598.0
2272,37.85957553058677,158,1061,455,1129,306.5,1095.0,590.5
2273,37.87623907615481,158,1048,455,1116,306.5,1082.0,577.5
2274,37.89290262172285,159,1028,454,1096,306.5,1062.0,557.5
2275,37.90956616729089,161,1005,453,1073,307.0,1039.0,534.5
2276,37.92622971285893,160,978,454,1048,307.0,1013.0,508.5
2277,37.94289325842697,159,954,453,1024,306.0,989.0,484.5
2278,37.95955680399501,156,931,452,1002,304.0,966.5,462.0
2279,37.97622034956305,158,908,453,980,305.5,944.0,439.5
2280,37.99288389513109,155,887,451,958,303.0,922.5,418.0
2281,38.00954744069913,156,865,453,937,304.5,901.0,396.5
2282,38.02621098626717,155,847,452,918,303.5,882.5,378.0
2283,38.04287453183521,154,830,452,902,303.0,866.0,361.5
2284,38.059538077403246,153,816,453,887,303.0,851.5,347.0
2285,38.07620162297129,153,807,453,878,303.0,842.5,338.0
2286,38.092865168539326,153,802,452,874,302.5,838.0,333.5
2287,38.10952871410737,153,807,453,876,303.0,841.5,337.0
2288,38.126192259675406,153,817,452,887,302.5,852.0,347.5
2289,38.14285580524345,153,830,452,902,302.5,866.0,361.5
2290,38.159519350811486,154,846,451,919,302.5,882.5,378.0
2291,38.17618289637953,155,866,452,937,303.5,901.5,397.0
2292,38.192846441947566,157,888,453,958,305.0,923.0,418.5
2293,38.20950998751561,157,907,453,978,305.0,942.5,438.0
2294,38.226173533083646,157,931,452,1001,304.5,966.0,461.5
2295,38.24283707865169,157,953,453,1024,305.0,988.5,484.0
2296,38.259500624219726,159,976,453,1047,306.0,1011.5,507.0
2297,38.27616416978777,160,1002,452,1071,306.0,1036.5,532.0
2298,38.292827715355806,158,1025,453,1095,305.5,1060.0,555.5
2299,38.30949126092385,159,1045,453,1114,306.0,1079.5,575.0
2300,38.326154806491886,158,1059,455,1126,306.5,1092.5,588.0
2301,38.34281835205993,157,1065,454,1134,305.5,1099.5,595.0
2302,38.359481897627965,156,1067,455,1135,305.5,1101.0,596.5
2303,38.37614544319601,156,1064,455,1132,305.5,1098.0,593.5
2304,38.392808988764045,157,1057,455,1124,306.0,1090.5,586.0
2305,38.40947253433209,156,1046,454,1114,305.0,1080.0,575.5
2306,38.426136079900125,155,1033,454,1101,304.5,1067.0,562.5
2307,38.44279962546817,157,1017,454,1086,305.5,1051.5,547.0
2308,38.459463171036205,156,1000,453,1069,304.5,1034.5,530.0
2309,38.47612671660425,157,978,452,1048,304.5,1013.0,508.5
2310,38.492790262172285,159,954,452,1023,305.5,988.5,484.0
2311,38.50945380774033,158,927,450,996,304.0,961.5,457.0
2312,38.526117353308365,157,900,452,970,304.5,935.0,430.5
2313,38.54278089887641,155,877,451,945,303.0,911.0,406.5
2314,38.559444444444445,154,855,451,925,302.5,890.0,385.5
2315,38.57610799001249,153,837,452,909,302.5,873.0,368.5
2316,38.592771535580525,153,827,451,897,302.0,862.0,357.5
2317,38.60943508114857,153,819,453,891,303.0,855.0,350.5
2318,38.626098626716605,153,818,452,888,302.5,853.0,348.5
2319,38.64276217228465,153,818,452,888,302.5,853.0,348.5
2320,38.659425717852685,153,818,452,888,302.5,853.0,348.5
2321,38.67608926342073,153,824,451,895,302.0,859.5,355.0
2322,38.692752808988764,154,834,453,904,303.5,869.0,364.5
2323,38.70941635455681,155,849,454,921,304.5,885.0,380.5
2324,38.726079900124844,156,868,452,940,304.0,904.0,399.5
2325,38.74274344569289,157,893,453,964,305.0,928.5,424.0
2326,38.759406991260924,157,918,453,990,305.0,954.0,449.5
2327,38.77607053682897,158,945,454,1015,306.0,980.0,475.5
2328,38.792734082397004,159,970,453,1039,306.0,1004.5,500.0
2329,38.80939762796505,157,992,454,1061,305.5,1026.5,522.0
2330,38.826061173533084,159,1011,455,1080,307.0,1045.5,541.0
2331,38.84272471910113,158,1025,455,1095,306.5,1060.0,555.5
2332,38.859388264669164,159,1039,456,1107,307.5,1073.0,568.5
2333,38.87605181023721,159,1050,457,1118,308.0,1084.0,579.5
2334,38.892715355805244,159,1060,455,1128,307.0,1094.0,589.5
2335,38.90937890137329,158,1063,455,1132,306.5,1097.5,593.0
2336,38.926042446941324,159,1064,455,1132,307.0,1098.0,593.5
2337,38.94270599250937,157,1057,453,1126,305.0,1091.5,587.0
2338,38.959369538077404,157,1046,453,1114,305.0,1080.0,575.5
2339,38.97603308364545,156,1028,452,1098,304.0,1063.0,558.5
2340,38.992696629213484,157,1009,451,1078,304.0,1043.5,539.0
2341,39.00936017478153,158,983,452,1054,305.0,1018.5,514.0
2342,39.02602372034956,157,960,450,1030,303.5,995.0,490.5
2343,39.04268726591761,154,939,450,1009,302.0,974.0,469.5
2344,39.05935081148564,153,918,451,989,302.0,953.5,449.0
2345,39.07601435705369,154,897,450,969,302.0,933.0,428.5
2346,39.09267790262172,153,878,449,950,301.0,914.0,409.5
2347,39.10934144818977,152,858,449,930,300.5,894.0,389.5
2348,39.1260049937578,152,843,450,913,301.0,878.0,373.5
2349,39.14266853932585,153,828,451,898,302.0,863.0,358.5
2350,39.15933208489388,152,818,451,888,301.5,853.0,348.5
2351,39.17599563046193,154,814,451,884,302.5,849.0,344.5
2352,39.19265917602996,153,814,452,884,302.5,849.0,344.5
2353,39.20932272159801,153,822,452,892,302.5,857.0,352.5
2354,39.22598626716604,154,835,451,907,302.5,871.0,366.5
2355,39.242649812734086,154,850,452,920,303.0,885.0,380.5
2356,39.25931335830212,156,868,453,937,304.5,902.5,398.0
2357,39.275976903870166,155,885,453,954,304.0,919.5,415.0
2358,39.2926404494382,157,903,454,974,305.5,938.5,434.0
2359,39.309303995006246,160,924,455,994,307.5,959.0,454.5
2360,39.32596754057428,159,946,455,1016,307.0,981.0,476.5
2361,39.342631086142326,160,968,455,1038,307.5,1003.0,498.5
2362,39.35929463171036,160,992,457,1061,308.5,1026.5,522.0
2363,39.375958177278406,160,1013,456,1084,308.0,1048.5,544.0
2364,39.39262172284644,160,1033,456,1103,308.0,1068.0,563.5
2365,39.409285268414486,159,1049,457,1117,308.0,1083.0,578.5
2366,39.42594881398252,162,1058,457,1126,309.5,1092.0,587.5
2367,39.442612359550566,160,1060,456,1127,308.0,1093.5,589.0
2368,39.4592759051186,162,1057,456,1125,309.0,1091.0,586.5
2369,39.475939450686646,159,1050,456,1120,307.5,1085.0,580.5
2370,39.49260299625468,159,1042,455,1112,307.0,1077.0,572.5
2371,39.509266541822726,157,1032,455,1101,306.0,1066.5,562.0
2372,39.52593008739076,157,1018,454,1087,305.5,1052.5,548.0
2373,39.542593632958805,156,1003,453,1071,304.5,1037.0,532.5
2374,39.55925717852684,155,984,452,1053,303.5,1018.5,514.0
2375,39.575920724094885,156,962,451,1033,303.5,997.5,493.0
2376,39.59258426966292,155,935,450,1006,302.5,970.5,466.0
2377,39.609247815230965,156,909,450,980,303.0,944.5,440.0
2378,39.625911360799,153,886,450,957,301.5,921.5,417.0
2379,39.642574906367045,153,868,449,936,301.0,902.0,397.5
2380,39.65923845193508,151,851,450,921,300.5,886.0,381.5
2381,39.675901997503125,152,839,450,910,301.0,874.5,370.0
2382,39.69256554307116,152,832,450,902,301.0,867.0,362.5
2383,39.709229088639205,152,827,450,896,301.0,861.5,357.0
2384,39.72589263420724,152,827,450,896,301.0,861.5,357.0
2385,39.742556179775285,153,827,451,896,302.0,861.5,357.0
2386,39.75921972534332,152,829,451,899,301.5,864.0,359.5
2387,39.775883270911365,153,837,451,907,302.0,872.0,367.5
2388,39.7925468164794,154,850,452,920,303.0,885.0,380.5
2389,39.809210362047445,155,867,452,937,303.5,902.0,397.5
2390,39.82587390761548,158,888,452,959,305.0,923.5,419.0
2391,39.842537453183525,159,914,453,984,306.0,949.0,444.5
2392,39.85920099875156,159,938,453,1009,306.0,973.5,469.0
2393,39.875864544319604,159,960,456,1030,307.5,995.0,490.5
2394,39.89252808988764,159,981,455,1051,307.0,1016.0,511.5
2395,39.909191635455684,160,1001,458,1070,309.0,1035.5,531.0
2396,39.92585518102372,160,1016,457,1084,308.5,1050.0,545.5
2397,39.942518726591764,159,1030,457,1098,308.0,1064.0,559.5
2398,39.9591822721598,160,1039,458,1108,309.0,1073.5,569.0
2399,39.975845817727844,161,1048,458,1118,309.5,1083.0,578.5
2400,39.99250936329588,159,1055,457,1124,308.0,1089.5,585.0
2401,40.009172908863924,160,1059,457,1126,308.5,1092.5,588.0
2402,40.02583645443196,160,1055,456,1121,308.0,1088.0,583.5
2403,40.042500000000004,159,1043,456,1111,307.5,1077.0,572.5
2404,40.05916354556804,158,1028,455,1096,306.5,1062.0,557.5
2405,40.075827091136084,158,1009,454,1079,306.0,1044.0,539.5
2406,40.09249063670412,157,988,452,1058,304.5,1023.0,518.5
2407,40.109154182272164,157,967,454,1037,305.5,1002.0,497.5
2408,40.1258177278402,154,946,451,1015,302.5,980.5,476.0
2409,40.142481273408244,154,927,451,997,302.5,962.0,457.5
2410,40.15914481897628,154,909,451,978,302.5,943.5,439.0
2411,40.175808364544324,152,890,449,961,300.5,925.5,421.0
2412,40.19247191011236,152,872,448,942,300.0,907.0,402.5
2413,40.2091354556804,152,854,449,922,300.5,888.0,383.5
2414,40.22579900124844,150,838,449,908,299.5,873.0,368.5
2415,40.24246254681648,151,826,449,898,300.0,862.0,357.5
2416,40.25912609238452,151,823,450,892,300.5,857.5,353.0
2417,40.27578963795256,152,823,450,892,301.0,857.5,353.0
2418,40.2924531835206,150,826,450,896,300.0,861.0,356.5
2419,40.30911672908864,152,837,451,908,301.5,872.5,368.0
2420,40.32578027465668,153,851,451,921,302.0,886.0,381.5
2421,40.34244382022472,153,867,451,936,302.0,901.5,397.0
2422,40.35910736579276,155,882,453,953,304.0,917.5,413.0
2423,40.3757709113608,156,899,453,969,304.5,934.0,429.5
2424,40.39243445692884,157,917,454,988,305.5,952.5,448.0
2425,40.40909800249688,158,938,454,1008,306.0,973.0,468.5
2426,40.42576154806492,159,960,455,1030,307.0,995.0,490.5
2427,40.44242509363296,160,982,456,1052,308.0,1017.0,512.5
2428,40.459088639201,159,1004,456,1072,307.5,1038.0,533.5
2429,40.47575218476904,160,1021,456,1091,308.0,1056.0,551.5
2430,40.49241573033708,159,1038,457,1106,308.0,1072.0,567.5
2431,40.50907927590512,159,1046,459,1116,309.0,1081.0,576.5
2432,40.52574282147316,161,1051,458,1119,309.5,1085.0,580.5
2433,40.5424063670412,160,1050,458,1118,309.0,1084.0,579.5
2434,40.55906991260924,162,1046,457,1114,309.5,1080.0,575.5
2435,40.57573345817728,159,1040,457,1108,308.0,1074.0,569.5
2436,40.59239700374532,159,1031,457,1099,308.0,1065.0,560.5
2437,40.60906054931336,159,1020,457,1088,308.0,1054.0,549.5
2438,40.6257240948814,158,1005,456,1074,307.0,1039.5,535.0
2439,40.64238764044944,157,987,453,1057,305.0,1022.0,517.5
2440,40.65905118601748,157,967,452,1036,304.5,1001.5,497.0
2441,40.67571473158552,156,944,452,1013,304.0,978.5,474.0
2442,40.69237827715356,155,917,450,991,302.5,954.0,449.5
2443,40.7090418227216,154,896,449,966,301.5,931.0,426.5
2444,40.72570536828964,153,876,450,947,301.5,911.5,407.0
2445,40.74236891385768,151,860,449,931,300.0,895.5,391.0
2446,40.75903245942572,151,850,449,920,300.0,885.0,380.5
2447,40.77569600499376,150,842,449,912,299.5,877.0,372.5
2448,40.7923595505618,151,837,449,906,300.0,871.5,367.0
2449,40.80902309612984,151,831,448,902,299.5,866.5,362.0
2450,40.82568664169788,151,830,449,902,300.0,866.0,361.5
2451,40.84235018726592,151,833,449,904,300.0,868.5,364.0
2452,40.85901373283396,152,841,449,910,300.5,875.5,371.0
2453,40.875677278402,152,851,451,921,301.5,886.0,381.5
2454,40.89234082397004,153,866,450,936,301.5,901.0,396.5
2455,40.90900436953808,153,886,450,955,301.5,920.5,416.0
2456,40.92566791510612,155,907,450,978,302.5,942.5,438.0
2457,40.94233146067416,157,931,452,1001,304.5,966.0,461.5
2458,40.9589950062422,159,951,454,1022,306.5,986.5,482.0
2459,40.97565855181024,157,971,455,1040,306.0,1005.5,501.0
2460,40.99232209737828,158,989,455,1058,306.5,1023.5,519.0
2461,41.00898564294632,159,1006,457,1074,308.0,1040.0,535.5
2462,41.02564918851436,160,1018,456,1088,308.0,1053.0,548.5
2463,41.0423127340824,160,1031,457,1098,308.5,1064.5,560.0
2464,41.05897627965044,159,1040,457,1108,308.0,1074.0,569.5
2465,41.07563982521848,159,1048,457,1116,308.0,1082.0,577.5
2466,41.09230337078652,159,1052,457,1120,308.0,1086.0,581.5
2467,41.10896691635456,159,1050,457,1118,308.0,1084.0,579.5
2468,41.1256304619226,161,1041,457,1109,309.0,1075.0,570.5
2469,41.14229400749064,160,1026,456,1096,308.0,1061.0,556.5
2470,41.15895755305868,161,1010,455,1080,308.0,1045.0,540.5
2471,41.17562109862672,159,992,454,1061,306.5,1026.5,522.0
2472,41.19228464419476,158,973,455,1042,306.5,1007.5,503.0
2473,41.2089481897628,158,953,454,1023,306.0,988.0,483.5
2474,41.22561173533084,157,934,454,1004,305.5,969.0,464.5
2475,41.24227528089888,157,917,453,987,305.0,952.0,447.5
2476,41.25893882646692,154,898,450,969,302.0,933.5,429.0
2477,41.27560237203496,153,881,450,952,301.5,916.5,412.0
2478,41.292265917603,152,865,449,934,300.5,899.5,395.0
2479,41.30892946317104,152,848,448,918,300.0,883.0,378.5
2480,41.32559300873908,151,836,449,907,300.0,871.5,367.0
2481,41.34225655430712,150,830,448,900,299.0,865.0,360.5
2482,41.35892009987516,150,830,448,900,299.0,865.0,360.5
2483,41.3755836454432,150,831,448,903,299.0,867.0,362.5
2484,41.392247191011236,152,842,449,911,300.5,876.5,372.0
2485,41.40891073657928,151,853,449,922,300.0,887.5,383.0
2486,41.425574282147316,152,866,449,936,300.5,901.0,396.5
2487,41.44223782771536,153,882,450,950,301.5,916.0,411.5
2488,41.458901373283396,153,896,450,965,301.5,930.5,426.0
2489,41.47556491885144,154,911,450,980,302.0,945.5,441.0
2490,41.492228464419476,155,931,452,1000,303.5,965.5,461.0
2491,41.50889200998752,156,951,453,1021,304.5,986.0,481.5
2492,41.525555555555556,156,974,454,1042,305.0,1008.0,503.5
2493,41.5422191011236,157,994,455,1064,306.0,1029.0,524.5
2494,41.558882646691636,158,1013,455,1080,306.5,1046.5,542.0
2495,41.57554619225968,158,1028,456,1096,307.0,1062.0,557.5
2496,41.592209737827716,159,1038,457,1106,308.0,1072.0,567.5
2497,41.60887328339576,159,1042,457,1112,308.0,1077.0,572.5
2498,41.625536828963796,160,1043,458,1112,309.0,1077.5,573.0
2499,41.64220037453184,160,1040,457,1109,308.5,1074.5,570.0
2500,41.658863920099876,160,1034,458,1103,309.0,1068.5,564.0
2501,41.67552746566792,161,1026,458,1097,309.5,1061.5,557.0
2502,41.692191011235956,160,1018,457,1088,308.5,1053.0,548.5
2503,41.708854556804,159,1006,456,1076,307.5,1041.0,536.5
2504,41.725518102372035,161,989,456,1059,308.5,1024.0,519.5
2505,41.74218164794008,159,971,456,1040,307.5,1005.5,501.0
2506,41.758845193508115,159,949,455,1019,307.0,984.0,479.5
2507,41.77550873907616,159,927,453,998,306.0,962.5,458.0
2508,41.792172284644195,156,906,452,977,304.0,941.5,437.0
2509,41.80883583021224,157,884,453,958,305.0,921.0,416.5
2510,41.825499375780275,155,870,452,942,303.5,906.0,401.5
2511,41.84216292134832,153,859,452,929,302.5,894.0,389.5
2512,41.858826466916355,153,852,451,921,302.0,886.5,382.0
2513,41.8754900124844,152,845,449,914,300.5,879.5,375.0
2514,41.892153558052435,152,841,449,910,300.5,875.5,371.0
2515,41.90881710362048,151,840,449,909,300.0,874.5,370.0
2516,41.925480649188515,151,840,449,909,300.0,874.5,370.0
2517,41.94214419475656,151,845,449,914,300.0,879.5,375.0
2518,41.958807740324595,152,852,450,922,301.0,887.0,382.5
2519,41.97547128589264,154,865,450,934,302.0,899.5,395.0
2520,41.992134831460675,154,882,449,952,301.5,917.0,412.5
2521,42.00879837702872,153,904,450,973,301.5,938.5,434.0
2522,42.025461922596755,154,926,450,995,302.0,960.5,456.0
2523,42.0421254681648,155,945,451,1014,303.0,979.5,475.0
2524,42.058789013732834,156,964,452,1033,304.0,998.5,494.0
2525,42.07545255930088,156,980,452,1048,304.0,1014.0,509.5
2526,42.092116104868914,156,994,455,1064,305.5,1029.0,524.5
2527,42.10877965043696,159,1009,455,1078,307.0,1043.5,539.0
2528,42.125443196004994,157,1020,456,1089,306.5,1054.5,550.0
2529,42.14210674157304,159,1030,456,1100,307.5,1065.0,560.5
2530,42.158770287141074,158,1038,458,1107,308.0,1072.5,568.0
2531,42.17543383270912,159,1043,458,1111,308.5,1077.0,572.5
2532,42.192097378277154,159,1043,458,1112,308.5,1077.5,573.0
2533,42.2087609238452,159,1037,458,1106,308.5,1071.5,567.0
2534,42.225424469413234,160,1025,458,1094,309.0,1059.5,555.0
2535,42.24208801498128,161,1009,457,1078,309.0,1043.5,539.0
2536,42.258751560549314,161,993,458,1062,309.5,1027.5,523.0
2537,42.27541510611736,159,976,457,1046,308.0,1011.0,506.5
2538,42.292078651685394,159,960,456,1028,307.5,994.0,489.5
2539,42.30874219725344,159,941,456,1011,307.5,976.0,471.5
2540,42.325405742821474,158,924,455,993,306.5,958.5,454.0
2541,42.34206928838952,156,908,454,978,305.0,943.0,438.5
2542,42.35873283395755,155,891,453,960,304.0,925.5,421.0
2543,42.3753963795256,155,874,452,944,303.5,909.0,404.5
2544,42.39205992509363,155,857,451,928,303.0,892.5,388.0
2545,42.40872347066168,154,845,452,916,303.0,880.5,376.0
2546,42.42538701622971,154,838,452,908,303.0,873.0,368.5
2547,42.44205056179776,154,837,452,907,303.0,872.0,367.5
2548,42.45871410736579,152,838,451,909,301.5,873.5,369.0
2549,42.47537765293384,153,846,450,916,301.5,881.0,376.5
2550,42.49204119850187,153,855,449,924,301.0,889.5,385.0
2551,42.50870474406992,153,867,450,936,301.5,901.5,397.0
2552,42.52536828963795,153,879,450,949,301.5,914.0,409.5
2553,42.542031835206,152,894,450,963,301.0,928.5,424.0
2554,42.55869538077403,153,908,450,976,301.5,942.0,437.5
2555,42.575358926342076,154,925,450,994,302.0,959.5,455.0
2556,42.59202247191011,155,944,451,1013,303.0,978.5,474.0
2557,42.608686017478156,155,963,452,1033,303.5,998.0,493.5
2558,42.62534956304619,155,983,453,1054,304.0,1018.5,514.0
2559,42.642013108614236,155,1002,452,1072,303.5,1037.0,532.5
2560,42.65867665418227,156,1016,454,1085,305.0,1050.5,546.0
2561,42.675340199750316,157,1028,455,1095,306.0,1061.5,557.0
2562,42.69200374531835,157,1033,454,1102,305.5,1067.5,563.0
2563,42.708667290886396,158,1034,456,1103,307.0,1068.5,564.0
2564,42.72533083645443,158,1034,456,1103,307.0,1068.5,564.0
2565,42.741994382022476,160,1029,453,1098,306.5,1063.5,559.0
2566,42.75865792759051,160,1025,457,1094,308.5,1059.5,555.0
2567,42.775321473158556,159,1018,457,1086,308.0,1052.0,547.5
2568,42.79198501872659,159,1008,456,1077,307.5,1042.5,538.0
2569,42.808648564294636,159,993,457,1063,308.0,1028.0,523.5
2570,42.82531210986267,160,976,457,1045,308.5,1010.5,506.0
2571,42.841975655430716,160,955,456,1024,308.0,989.5,485.0
2572,42.85863920099875,158,935,455,1004,306.5,969.5,465.0
2573,42.875302746566796,158,914,456,985,307.0,949.5,445.0
2574,42.89196629213483,158,896,455,966,306.5,931.0,426.5
2575,42.908629837702875,158,881,454,951,306.0,916.0,411.5
2576,42.92529338327091,156,869,454,938,305.0,903.5,399.0
2577,42.941956928838955,156,860,453,930,304.5,895.0,390.5
2578,42.95862047440699,153,854,453,924,303.0,889.0,384.5
2579,42.975284019975035,153,850,453,919,303.0,884.5,380.0
2580,42.99194756554307,154,844,452,915,303.0,879.5,375.0
2581,43.008611111111115,153,844,452,914,302.5,879.0,374.5
2582,43.02527465667915,153,846,452,916,302.5,881.0,376.5
2583,43.041938202247195,153,854,451,924,302.0,889.0,384.5
2584,43.05860174781523,153,867,450,936,301.5,901.5,397.0
2585,43.075265293383275,153,882,450,952,301.5,917.0,412.5
2586,43.09192883895131,153,898,450,969,301.5,933.5,429.0
2587,43.108592384519355,155,919,450,990,302.5,954.5,450.0
2588,43.12525593008739,155,937,450,1008,302.5,972.5,468.0
2589,43.141919475655435,154,956,451,1026,302.5,991.0,486.5
2590,43.15858302122347,153,970,451,1041,302.0,1005.5,501.0
2591,43.175246566791515,154,982,452,1053,303.0,1017.5,513.0
2592,43.19191011235955,155,999,453,1067,304.0,1033.0,528.5
2593,43.208573657927595,155,1010,452,1080,303.5,1045.0,540.5
2594,43.22523720349563,155,1021,453,1090,304.0,1055.5,551.0
2595,43.241900749063674,156,1030,454,1099,305.0,1064.5,560.0
2596,43.25856429463171,158,1036,455,1104,306.5,1070.0,565.5
2597,43.275227840199754,157,1036,454,1104,305.5,1070.0,565.5
2598,43.29189138576779,158,1033,455,1101,306.5,1067.0,562.5
2599,43.308554931335834,157,1022,456,1091,306.5,1056.5,552.0
2600,43.32521847690387,159,1011,455,1078,307.0,1044.5,540.0
2601,43.341882022471914,158,993,455,1062,306.5,1027.5,523.0
2602,43.35854556803995,158,979,455,1048,306.5,1013.5,509.0
2603,43.375209113607994,158,963,455,1032,306.5,997.5,493.0
2604,43.39187265917603,158,947,456,1018,307.0,982.5,478.0
2605,43.408536204744074,157,932,455,1001,306.0,966.5,462.0
2606,43.42519975031211,158,916,455,986,306.5,951.0,446.5
2607,43.441863295880154,157,900,454,968,305.5,934.0,429.5
2608,43.45852684144819,157,884,454,953,305.5,918.5,414.0
2609,43.475190387016234,155,869,454,938,304.5,903.5,399.0
2610,43.49185393258427,155,856,453,925,304.0,890.5,386.0
2611,43.508517478152314,155,847,454,917,304.5,882.0,377.5
2612,43.52518102372035,156,844,453,914,304.5,879.0,374.5
2613,43.54184456928839,155,844,453,915,304.0,879.5,375.0
2614,43.55850811485643,154,852,453,922,303.5,887.0,382.5
2615,43.57517166042447,153,858,452,928,302.5,893.0,388.5
2616,43.59183520599251,154,869,452,937,303.0,903.0,398.5
2617,43.60849875156055,154,879,453,948,303.5,913.5,409.0
2618,43.62516229712859,153,890,452,960,302.5,925.0,420.5
2619,43.64182584269663,153,904,451,974,302.0,939.0,434.5
2620,43.65848938826467,155,919,451,989,303.0,954.0,449.5
2621,43.67515293383271,156,936,452,1006,304.0,971.0,466.5
2622,43.69181647940075,156,955,452,1024,304.0,989.5,485.0
2623,43.70848002496879,155,976,452,1045,303.5,1010.5,506.0
2624,43.72514357053683,156,992,453,1062,304.5,1027.0,522.5
2625,43.74180711610487,155,1007,453,1077,304.0,1042.0,537.5
2626,43.75847066167291,155,1017,454,1086,304.5,1051.5,547.0
2627,43.77513420724095,156,1023,453,1092,304.5,1057.5,553.0
2628,43.79179775280899,155,1024,453,1096,304.0,1060.0,555.5
2629,43.80846129837703,156,1025,454,1096,305.0,1060.5,556.0
2630,43.82512484394507,155,1025,454,1094,304.5,1059.5,555.0
2631,43.84178838951311,156,1020,454,1090,305.0,1055.0,550.5
2632,43.85845193508115,157,1015,455,1084,306.0,1049.5,545.0
2633,43.87511548064919,156,1007,455,1076,305.5,1041.5,537.0
2634,43.89177902621723,156,994,454,1064,305.0,1029.0,524.5
2635,43.90844257178527,156,978,453,1048,304.5,1013.0,508.5
2636,43.92510611735331,158,960,454,1030,306.0,995.0,490.5
2637,43.94176966292135,157,941,455,1011,306.0,976.0,471.5
2638,43.95843320848939,157,922,456,992,306.5,957.0,452.5
2639,43.97509675405743,156,904,455,975,305.5,939.5,435.0
2640,43.99176029962547,156,890,455,960,305.5,925.0,420.5
2641,44.00842384519351,155,878,454,948,304.5,913.0,408.5
2642,44.02508739076155,156,869,453,939,304.5,904.0,399.5
2643,44.04175093632959,155,863,454,932,304.5,897.5,393.0
2644,44.05841448189763,155,857,454,927,304.5,892.0,387.5
2645,44.07507802746567,156,852,454,922,305.0,887.0,382.5
2646,44.09174157303371,156,850,455,920,305.5,885.0,380.5
2647,44.10840511860175,156,850,455,921,305.5,885.5,381.0
2648,44.12506866416979,156,857,454,926,305.0,891.5,387.0
2649,44.14173220973783,156,868,454,936,305.0,902.0,397.5
2650,44.15839575530587,157,882,454,950,305.5,916.0,411.5
2651,44.17505930087391,155,898,453,967,304.0,932.5,428.0
2652,44.19172284644195,156,915,454,984,305.0,949.5,445.0
2653,44.20838639200999,156,932,454,1002,305.0,967.0,462.5
2654,44.22504993757803,156,949,453,1018,304.5,983.5,479.0
2655,44.24171348314607,156,963,453,1034,304.5,998.5,494.0
2656,44.25837702871411,155,976,453,1045,304.0,1010.5,506.0
2657,44.27504057428215,155,988,453,1058,304.0,1023.0,518.5
2658,44.29170411985019,157,1000,453,1070,305.0,1035.0,530.5
2659,44.30836766541823,156,1012,453,1081,304.5,1046.5,542.0
2660,44.32503121098627,157,1023,452,1091,304.5,1057.0,552.5
2661,44.34169475655431,155,1028,453,1097,304.0,1062.5,558.0
2662,44.35835830212235,155,1028,453,1097,304.0,1062.5,558.0
2663,44.37502184769039,156,1028,453,1096,304.5,1062.0,557.5
2664,44.39168539325843,155,1020,453,1087,304.0,1053.5,549.0
2665,44.40834893882647,155,1007,452,1076,303.5,1041.5,537.0
2666,44.42501248439451,155,990,452,1064,303.5,1027.0,522.5
2667,44.44167602996255,155,981,452,1049,303.5,1015.0,510.5
2668,44.45833957553059,156,967,452,1035,304.0,1001.0,496.5
2669,44.47500312109863,153,952,452,1022,302.5,987.0,482.5
2670,44.49166666666667,154,938,451,1007,302.5,972.5,468.0
2671,44.50833021223471,154,921,453,994,303.5,957.5,453.0
2672,44.52499375780275,155,905,453,977,304.0,941.0,436.5
2673,44.54165730337079,154,891,453,961,303.5,926.0,421.5
2674,44.55832084893883,155,875,452,946,303.5,910.5,406.0
2675,44.57498439450687,154,864,453,935,303.5,899.5,395.0
2676,44.59164794007491,155,857,455,926,305.0,891.5,387.0
2677,44.60831148564295,155,852,454,921,304.5,886.5,382.0
2678,44.62497503121099,155,852,454,922,304.5,887.0,382.5
2679,44.64163857677903,155,854,454,926,304.5,890.0,385.5
2680,44.65830212234707,156,863,454,934,305.0,898.5,394.0
2681,44.67496566791511,156,871,455,940,305.5,905.5,401.0
2682,44.69162921348315,156,879,455,949,305.5,914.0,409.5
2683,44.70829275905119,156,889,455,959,305.5,924.0,419.5
2684,44.724956304619226,157,901,455,970,306.0,935.5,431.0
2685,44.74161985018727,158,917,455,986,306.5,951.5,447.0
2686,44.758283395755306,157,933,455,1002,306.0,967.5,463.0
2687,44.77494694132335,158,948,454,1018,306.0,983.0,478.5
2688,44.791610486891386,158,968,456,1038,307.0,1003.0,498.5
2689,44.80827403245943,159,986,454,1054,306.5,1020.0,515.5
2690,44.824937578027466,156,999,454,1068,305.0,1033.5,529.0
2691,44.84160112359551,157,1010,450,1078,303.5,1044.0,539.5
2692,44.858264669163546,156,1014,453,1084,304.5,1049.0,544.5
2693,44.87492821473159,156,1016,454,1086,305.0,1051.0,546.5
2694,44.891591760299626,156,1017,453,1088,304.5,1052.5,548.0
2695,44.90825530586767,155,1019,452,1088,303.5,1053.5,549.0
2696,44.924918851435706,156,1017,453,1086,304.5,1051.5,547.0
2697,44.94158239700375,153,1012,452,1081,302.5,1046.5,542.0
2698,44.958245942571786,154,1006,451,1073,302.5,1039.5,535.0
2699,44.97490948813983,154,995,453,1064,303.5,1029.5,525.0
2700,44.991573033707866,154,980,451,1050,302.5,1015.0,510.5
2701,45.00823657927591,154,962,451,1034,302.5,998.0,493.5
2702,45.024900124843946,153,945,452,1016,302.5,980.5,476.0
2703,45.04156367041199,154,928,451,998,302.5,963.0,458.5
2704,45.058227215980025,153,912,451,983,302.0,947.5,443.0
2705,45.07489076154807,152,898,451,968,301.5,933.0,428.5
2706,45.091554307116105,152,888,452,958,302.0,923.0,418.5
2707,45.10821785268415,153,877,451,948,302.0,912.5,408.0
2708,45.124881398252185,152,869,452,941,302.0,905.0,400.5
2709,45.14154494382023,153,863,452,934,302.5,898.5,394.0
2710,45.158208489388265,155,859,452,930,303.5,894.5,390.0
2711,45.17487203495631,155,857,453,926,304.0,891.5,387.0
2712,45.191535580524345,155,857,453,926,304.0,891.5,387.0
2713,45.20819912609239,155,860,452,930,303.5,895.0,390.5
2714,45.224862671660425,157,870,455,938,306.0,904.0,399.5
2715,45.24152621722847,157,882,455,952,306.0,917.0,412.5
2716,45.258189762796505,159,897,455,966,307.0,931.5,427.0
2717,45.27485330836455,158,912,456,982,307.0,947.0,442.5
2718,45.291516853932585,158,928,455,998,306.5,963.0,458.5
2719,45.30818039950063,158,942,456,1012,307.0,977.0,472.5
2720,45.324843945068665,159,957,456,1026,307.5,991.5,487.0
2721,45.34150749063671,159,969,456,1038,307.5,1003.5,499.0
2722,45.358171036204745,159,980,456,1049,307.5,1014.5,510.0
2723,45.37483458177279,159,991,455,1061,307.0,1026.0,521.5
2724,45.391498127340824,158,1005,455,1072,306.5,1038.5,534.0
2725,45.40816167290887,158,1014,455,1082,306.5,1048.0,543.5
2726,45.424825218476904,157,1019,455,1089,306.0,1054.0,549.5
2727,45.44148876404495,156,1021,454,1090,305.0,1055.5,551.0
2728,45.458152309612984,156,1021,454,1090,305.0,1055.5,551.0
2729,45.47481585518103,156,1013,453,1083,304.5,1048.0,543.5
2730,45.491479400749064,154,1005,453,1074,303.5,1039.5,535.0
2731,45.50814294631711,154,993,452,1062,303.0,1027.5,523.0
2732,45.524806491885144,154,980,452,1050,303.0,1015.0,510.5
2733,45.54147003745319,154,968,452,1038,303.0,1003.0,498.5
2734,45.558133583021224,153,956,452,1025,302.5,990.5,486.0
2735,45.57479712858927,152,944,450,1013,301.0,978.5,474.0
2736,45.591460674157304,152,930,449,999,300.5,964.5,460.0
2737,45.60812421972535,152,916,450,985,301.0,950.5,446.0
2738,45.624787765293384,153,899,450,968,301.5,933.5,429.0
2739,45.64145131086143,151,885,450,954,300.5,919.5,415.0
2740,45.658114856429464,152,873,450,942,301.0,907.5,403.0
2741,45.67477840199751,153,865,452,935,302.5,900.0,395.5
2742,45.691441947565544,155,861,451,930,303.0,895.5,391.0
2743,45.70810549313359,154,860,451,929,302.5,894.5,390.0
2744,45.72476903870162,153,860,452,931,302.5,895.5,391.0
2745,45.74143258426967,154,867,453,937,303.5,902.0,397.5
2746,45.7580961298377,154,874,453,944,303.5,909.0,404.5
2747,45.77475967540575,156,880,453,951,304.5,915.5,411.0
2748,45.79142322097378,156,889,454,960,305.0,924.5,420.0
2749,45.80808676654183,157,899,454,970,305.5,934.5,430.0
2750,45.82475031210986,158,912,455,982,306.5,947.0,442.5
2751,45.84141385767791,159,929,455,998,307.0,963.5,459.0
2752,45.85807740324594,159,945,456,1013,307.5,979.0,474.5
2753,45.87474094881399,160,961,456,1031,308.0,996.0,491.5
2754,45.89140449438202,159,977,456,1046,307.5,1011.5,507.0
2755,45.90806803995007,160,991,455,1060,307.5,1025.5,521.0
2756,45.9247315855181,159,1000,457,1070,308.0,1035.0,530.5
2757,45.941395131086146,160,1009,456,1077,308.0,1043.0,538.5
2758,45.95805867665418,162,1012,455,1080,308.5,1046.0,541.5
2759,45.974722222222226,162,1012,455,1080,308.5,1046.0,541.5
2760,45.99138576779026,161,1012,454,1080,307.5,1046.0,541.5
2761,46.008049313358306,159,1013,455,1080,307.0,1046.5,542.0
2762,46.02471285892634,157,1010,455,1079,306.0,1044.5,540.0
2763,46.041376404494386,156,1003,453,1072,304.5,1037.5,533.0
2764,46.05803995006242,155,994,452,1063,303.5,1028.5,524.0
2765,46.074703495630466,153,982,452,1051,302.5,1016.5,512.0
2766,46.0913670411985,154,966,450,1036,302.0,1001.0,496.5
2767,46.108030586766546,154,952,451,1020,302.5,986.0,481.5
2768,46.12469413233458,154,935,450,1004,302.0,969.5,465.0
2769,46.141357677902626,153,920,450,988,301.5,954.0,449.5
2770,46.15802122347066,152,905,449,974,300.5,939.5,435.0
2771,46.174684769038706,152,896,449,965,300.5,930.5,426.0
2772,46.19134831460674,153,888,450,956,301.5,922.0,417.5
2773,46.208011860174786,151,879,449,948,300.0,913.5,409.0
2774,46.22467540574282,151,871,450,942,300.5,906.5,402.0
2775,46.241338951310865,151,867,450,937,300.5,902.0,397.5
2776,46.2580024968789,153,866,451,934,302.0,900.0,395.5
2777,46.274666042446945,153,865,451,933,302.0,899.0,394.5
2778,46.29132958801498,152,867,451,936,301.5,901.5,397.0
2779,46.307993133583025,154,873,453,942,303.5,907.5,403.0
2780,46.32465667915106,155,884,453,953,304.0,918.5,414.0
2781,46.341320224719105,156,897,455,966,305.5,931.5,427.0
2782,46.35798377028714,157,913,454,981,305.5,947.0,442.5
2783,46.374647315855185,157,928,457,995,307.0,961.5,457.0
2784,46.39131086142322,158,940,455,1008,306.5,974.0,469.5
2785,46.407974406991265,159,951,456,1021,307.5,986.0,481.5
2786,46.4246379525593,160,964,457,1033,308.5,998.5,494.0
2787,46.441301498127345,159,976,458,1044,308.5,1010.0,505.5
2788,46.45796504369538,160,986,458,1054,309.0,1020.0,515.5
2789,46.474628589263425,161,998,457,1066,309.0,1032.0,527.5
2790,46.49129213483146,159,1007,458,1075,308.5,1041.0,536.5
2791,46.507955680399505,163,1016,456,1083,309.5,1049.5,545.0
2792,46.52461922596754,160,1016,457,1086,308.5,1051.0,546.5
2793,46.541282771535585,159,1016,456,1085,307.5,1050.5,546.0
2794,46.55794631710362,158,1011,457,1080,307.5,1045.5,541.0
2795,46.574609862671664,158,1003,454,1072,306.0,1037.5,533.0
2796,46.5912734082397,158,995,454,1062,306.0,1028.5,524.0
2797,46.607936953807744,157,983,454,1051,305.5,1017.0,512.5
2798,46.62460049937578,155,971,453,1039,304.0,1005.0,500.5
2799,46.641264044943824,155,959,451,1028,303.0,993.5,489.0
2800,46.65792759051186,153,947,451,1018,302.0,982.5,478.0
2801,46.674591136079904,152,936,450,1004,301.0,970.0,465.5
2802,46.69125468164794,152,922,449,991,300.5,956.5,452.0
2803,46.707918227215984,152,907,450,976,301.0,941.5,437.0
2804,46.72458177278402,150,893,450,963,300.0,928.0,423.5
2805,46.741245318352064,150,881,449,950,299.5,915.5,411.0
2806,46.7579088639201,151,873,449,942,300.0,907.5,403.0
2807,46.774572409488144,150,868,449,938,299.5,903.0,398.5
2808,46.79123595505618,150,866,449,936,299.5,901.0,396.5
2809,46.807899500624224,151,866,449,936,300.0,901.0,396.5
2810,46.82456304619226,151,872,450,941,300.5,906.5,402.0
2811,46.841226591760304,152,877,451,947,301.5,912.0,407.5
2812,46.85789013732834,153,884,451,954,302.0,919.0,414.5
2813,46.874553682896384,153,890,452,960,302.5,925.0,420.5
2814,46.89121722846442,155,898,453,968,304.0,933.0,428.5
2815,46.90788077403246,156,910,454,980,305.0,945.0,440.5
2816,46.9245443196005,157,924,456,994,306.5,959.0,454.5
2817,46.94120786516854,158,940,456,1008,307.0,974.0,469.5
2818,46.95787141073658,159,957,456,1023,307.5,990.0,485.5
2819,46.97453495630462,160,968,457,1038,308.5,1003.0,498.5
2820,46.99119850187266,160,983,458,1052,309.0,1017.5,513.0
2821,47.0078620474407,160,993,455,1062,307.5,1027.5,523.0
2822,47.02452559300874,161,1000,456,1070,308.5,1035.0,530.5
2823,47.04118913857678,161,1006,456,1074,308.5,1040.0,535.5
2824,47.05785268414482,160,1008,455,1076,307.5,1042.0,537.5
2825,47.07451622971286,161,1007,455,1075,308.0,1041.0,536.5
2826,47.0911797752809,160,1008,458,1076,309.0,1042.0,537.5
2827,47.10784332084894,159,1005,458,1074,308.5,1039.5,535.0
2828,47.12450686641698,159,1001,457,1070,308.0,1035.5,531.0
2829,47.14117041198502,158,993,456,1062,307.0,1027.5,523.0
2830,47.15783395755306,158,980,455,1051,306.5,1015.5,511.0
2831,47.1744975031211,156,969,453,1038,304.5,1003.5,499.0
2832,47.19116104868914,157,954,453,1023,305.0,988.5,484.0
2833,47.20782459425718,155,939,452,1008,303.5,973.5,469.0
2834,47.22448813982522,156,924,452,994,304.0,959.0,454.5
2835,47.24115168539326,156,911,450,980,303.0,945.5,441.0
2836,47.2578152309613,153,901,450,971,301.5,936.0,431.5
2837,47.27447877652934,151,893,449,962,300.0,927.5,423.0
2838,47.29114232209738,151,887,450,956,300.5,921.5,417.0
2839,47.30780586766542,151,880,449,948,300.0,914.0,409.5
2840,47.32446941323346,151,873,449,942,300.0,907.5,403.0
2841,47.3411329588015,151,870,448,938,299.5,904.0,399.5
2842,47.35779650436954,151,868,448,938,299.5,903.0,398.5
2843,47.37446004993758,151,870,449,938,300.0,904.0,399.5
2844,47.39112359550562,151,875,450,944,300.5,909.5,405.0
2845,47.40778714107366,153,884,449,954,301.0,919.0,414.5
2846,47.4244506866417,153,896,450,966,301.5,931.0,426.5
2847,47.44111423220974,154,910,451,979,302.5,944.5,440.0
2848,47.45777777777778,155,923,452,992,303.5,957.5,453.0
2849,47.47444132334582,156,935,454,1004,305.0,969.5,465.0
2850,47.49110486891386,157,945,455,1015,306.0,980.0,475.5
2851,47.5077684144819,158,956,455,1026,306.5,991.0,486.5
2852,47.52443196004994,159,969,456,1038,307.5,1003.5,499.0
2853,47.54109550561798,160,979,457,1048,308.5,1013.5,509.0
2854,47.55775905118602,160,989,458,1058,309.0,1023.5,519.0
2855,47.57442259675406,161,999,458,1068,309.5,1033.5,529.0
2856,47.5910861423221,160,1006,458,1075,309.0,1040.5,536.0
2857,47.60774968789014,161,1011,457,1080,309.0,1045.5,541.0
2858,47.62441323345818,161,1011,458,1079,309.5,1045.0,540.5
2859,47.64107677902622,161,1006,457,1075,309.0,1040.5,536.0
2860,47.65774032459426,161,999,458,1067,309.5,1033.0,528.5
2861,47.6744038701623,161,990,457,1059,309.0,1024.5,520.0
2862,47.69106741573034,161,981,457,1050,309.0,1015.5,511.0
2863,47.70773096129838,160,972,456,1040,308.0,1006.0,501.5
2864,47.72439450686642,159,961,456,1030,307.5,995.5,491.0
2865,47.74105805243446,157,949,455,1019,306.0,984.0,479.5
2866,47.7577215980025,157,937,453,1007,305.0,972.0,467.5
2867,47.77438514357054,156,925,453,995,304.5,960.0,455.5
2868,47.79104868913858,154,913,452,982,303.0,947.5,443.0
2869,47.80771223470662,154,900,451,968,302.5,934.0,429.5
2870,47.82437578027466,153,888,449,956,301.0,922.0,417.5
2871,47.8410393258427,152,878,449,948,300.5,913.0,408.5
2872,47.85770287141074,152,873,450,942,301.0,907.5,403.0
2873,47.87436641697878,150,871,449,942,299.5,906.5,402.0
2874,47.89102996254682,150,871,449,942,299.5,906.5,402.0
2875,47.90769350811486,151,874,449,944,300.0,909.0,404.5
2876,47.9243570536829,150,880,448,949,299.0,914.5,410.0
2877,47.94102059925094,151,885,449,954,300.0,919.5,415.0
2878,47.95768414481898,151,892,449,961,300.0,926.5,422.0
2879,47.97434769038702,152,900,451,968,301.5,934.0,429.5
2880,47.99101123595506,153,909,451,978,302.0,943.5,439.0
2881,48.0076747815231,154,920,451,990,302.5,955.0,450.5
2882,48.02433832709114,155,934,452,1005,303.5,969.5,465.0
2883,48.04100187265918,156,949,453,1020,304.5,984.5,480.0
2884,48.05766541822722,156,964,453,1034,304.5,999.0,494.5
2885,48.07432896379526,157,977,456,1046,306.5,1011.5,507.0
2886,48.090992509363296,158,986,456,1056,307.0,1021.0,516.5
2887,48.10765605493134,158,994,456,1062,307.0,1028.0,523.5
2888,48.124319600499376,159,999,457,1067,308.0,1033.0,528.5
2889,48.14098314606742,159,1001,456,1069,307.5,1035.0,530.5
2890,48.157646691635456,160,1002,457,1070,308.5,1036.0,531.5
2891,48.1743102372035,160,1001,457,1070,308.5,1035.5,531.0
2892,48.190973782771536,161,1001,457,1070,309.0,1035.5,531.0
2893,48.20763732833958,161,998,458,1067,309.5,1032.5,528.0
2894,48.224300873907616,160,992,457,1061,308.5,1026.5,522.0
2895,48.24096441947566,161,980,457,1051,309.0,1015.5,511.0
2896,48.257627965043696,160,966,457,1038,308.5,1002.0,497.5
2897,48.27429151061174,159,954,457,1024,308.0,989.0,484.5
2898,48.290955056179776,159,941,455,1010,307.0,975.5,471.0
2899,48.30761860174782,158,928,454,997,306.0,962.5,458.0
2900,48.324282147315856,156,915,453,986,304.5,950.5,446.0
2901,48.3409456928839,153,906,453,976,303.0,941.0,436.5
2902,48.357609238451936,154,899,451,967,302.5,933.0,428.5
2903,48.37427278401998,152,892,451,961,301.5,926.5,422.0
2904,48.390936329588015,153,886,451,954,302.0,920.0,415.5
2905,48.40759987515606,151,879,450,948,300.5,913.5,409.0
2906,48.424263420724095,151,874,449,943,300.0,908.5,404.0
2907,48.44092696629214,151,872,449,941,300.0,906.5,402.0
2908,48.457590511860175,151,872,449,944,300.0,908.0,403.5
2909,48.47425405742822,150,877,448,948,299.0,912.5,408.0
2910,48.490917602996255,151,886,448,956,299.5,921.0,416.5
2911,48.5075811485643,151,897,449,965,300.0,931.0,426.5
2912,48.524244694132335,151,907,449,977,300.0,942.0,437.5
2913,48.54090823970038,152,920,449,990,300.5,955.0,450.5
2914,48.557571785268415,152,931,451,1001,301.5,966.0,461.5
2915,48.57423533083646,153,943,450,1012,301.5,977.5,473.0
2916,48.590898876404495,154,952,452,1022,303.0,987.0,482.5
2917,48.60756242197254,155,963,452,1032,303.5,997.5,493.0
2918,48.624225967540575,154,975,452,1043,303.0,1009.0,504.5
2919,48.64088951310862,156,983,453,1053,304.5,1018.0,513.5
2920,48.657553058676655,157,994,456,1062,306.5,1028.0,523.5
2921,48.6742166042447,158,1000,456,1070,307.0,1035.0,530.5
2922,48.690880149812735,159,1006,455,1074,307.0,1040.0,535.5
2923,48.70754369538078,159,1006,456,1074,307.5,1040.0,535.5
2924,48.724207240948815,159,1005,456,1073,307.5,1039.0,534.5
2925,48.74087078651686,160,997,456,1066,308.0,1031.5,527.0
2926,48.757534332084894,161,990,457,1057,309.0,1023.5,519.0
2927,48.77419787765294,160,981,457,1050,308.5,1015.5,511.0
2928,48.790861423220974,160,972,458,1041,309.0,1006.5,502.0
2929,48.80752496878902,160,964,457,1032,308.5,998.0,493.5
2930,48.824188514357054,160,953,457,1022,308.5,987.5,483.0
2931,48.8408520599251,159,942,456,1012,307.5,977.0,472.5
2932,48.857515605493134,159,930,456,1000,307.5,965.0,460.5
2933,48.87417915106118,158,917,455,987,306.5,952.0,447.5
2934,48.890842696629214,157,906,454,976,305.5,941.0,436.5
2935,48.90750624219726,156,895,454,964,305.0,929.5,425.0
2936,48.924169787765294,155,884,452,954,303.5,919.0,414.5
2937,48.94083333333334,155,880,451,948,303.0,914.0,409.5
2938,48.957496878901374,153,877,452,947,302.5,912.0,407.5
2939,48.97416042446942,153,877,452,947,302.5,912.0,407.5
2940,48.990823970037454,151,880,451,949,301.0,914.5,410.0
2941,49.0074875156055,151,883,449,952,300.0,917.5,413.0
2942,49.024151061173534,151,888,448,956,299.5,922.0,417.5
2943,49.04081460674158,151,891,449,962,300.0,926.5,422.0
2944,49.05747815230961,152,899,450,970,301.0,934.5,430.0
2945,49.07414169787766,150,908,448,978,299.0,943.0,438.5
2946,49.09080524344569,151,919,450,988,300.5,953.5,449.0
2947,49.10746878901374,151,932,449,1001,300.0,966.5,462.0
2948,49.12413233458177,151,946,450,1016,300.5,981.0,476.5
2949,49.14079588014982,153,962,450,1029,301.5,995.5,491.0
2950,49.15745942571785,152,974,452,1040,302.0,1007.0,502.5
2951,49.1741229712859,153,982,450,1050,301.5,1016.0,511.5
2952,49.19078651685393,153,989,453,1056,303.0,1022.5,518.0
2953,49.20745006242198,156,994,454,1062,305.0,1028.0,523.5
2954,49.22411360799001,156,997,454,1065,305.0,1031.0,526.5
2955,49.24077715355806,157,999,455,1067,306.0,1033.0,528.5
2956,49.25744069912609,158,999,455,1067,306.5,1033.0,528.5
2957,49.274104244694136,159,999,457,1066,308.0,1032.5,528.0
2958,49.29076779026217,158,998,457,1066,307.5,1032.0,527.5
2959,49.307431335830216,160,992,458,1060,309.0,1026.0,521.5
2960,49.32409488139825,159,984,457,1052,308.0,1018.0,513.5
2961,49.340758426966296,159,971,458,1040,308.5,1005.5,501.0
2962,49.35742197253433,159,958,458,1027,308.5,992.5,488.0
2963,49.374085518102376,160,944,458,1014,309.0,979.0,474.5
2964,49.39074906367041,159,934,457,1002,308.0,968.0,463.5
2965,49.407412609238456,160,923,457,991,308.5,957.0,452.5
2966,49.42407615480649,161,912,456,982,308.5,947.0,442.5
2967,49.440739700374536,158,905,455,974,306.5,939.5,435.0
2968,49.45740324594257,158,898,456,966,307.0,932.0,427.5
2969,49.474066791510616,158,891,455,961,306.5,926.0,421.5
2970,49.49073033707865,156,885,454,954,305.0,919.5,415.0
2971,49.507393882646696,155,880,451,949,303.0,914.5,410.0
2972,49.52405742821473,154,876,451,946,302.5,911.0,406.5
2973,49.540720973782776,154,875,451,947,302.5,911.0,406.5
2974,49.55738451935081,153,882,451,950,302.0,916.0,411.5
2975,49.574048064918856,153,888,451,958,302.0,923.0,418.5
2976,49.59071161048689,151,897,450,966,300.5,931.5,427.0
2977,49.607375156054935,152,907,450,976,301.0,941.5,437.0
2978,49.62403870162297,151,918,450,988,300.5,953.0,448.5
2979,49.640702247191015,151,929,450,998,300.5,963.5,459.0
2980,49.65736579275905,152,940,450,1009,301.0,974.5,470.0
2981,49.674029338327095,152,949,451,1018,301.5,983.5,479.0
2982,49.69069288389513,152,957,450,1027,301.0,992.0,487.5
2983,49.707356429463175,152,969,451,1038,301.5,1003.5,499.0
2984,49.72401997503121,152,980,451,1048,301.5,1014.0,509.5
2985,49.740683520599255,153,988,451,1056,302.0,1022.0,517.5
2986,49.75734706616729,153,996,452,1064,302.5,1030.0,525.5
2987,49.774010611735335,154,1000,452,1069,303.0,1034.5,530.0
2988,49.79067415730337,155,1000,452,1069,303.5,1034.5,530.0
2989,49.807337702871415,156,1000,453,1069,304.5,1034.5,530.0
2990,49.82400124843945,158,996,454,1064,306.0,1030.0,525.5
2991,49.840664794007495,158,989,455,1058,306.5,1023.5,519.0
2992,49.85732833957553,158,980,455,1050,306.5,1015.0,510.5
2993,49.873991885143575,158,974,457,1042,307.5,1008.0,503.5
2994,49.89065543071161,159,966,456,1034,307.5,1000.0,495.5
2995,49.907318976279655,158,956,456,1026,307.0,991.0,486.5
2996,49.92398252184769,159,946,456,1016,307.5,981.0,476.5
2997,49.940646067415734,159,934,456,1004,307.5,969.0,464.5
2998,49.95730961298377,159,922,457,991,308.0,956.5,452.0
2999,49.973973158551814,159,911,457,980,308.0,945.5,441.0
3000,49.99063670411985,159,901,455,970,307.0,935.5,431.0
3001,50.007300249687894,157,892,456,960,306.5,926.0,421.5
3002,50.02396379525593,157,885,453,954,305.0,919.5,415.0
3003,50.040627340823974,156,882,454,952,305.0,917.0,412.5
3004,50.05729088639201,156,882,454,952,305.0,917.0,412.5
3005,50.073954431960054,157,882,454,953,305.5,917.5,413.0
3006,50.09061797752809,156,885,453,954,304.5,919.5,415.0
3007,50.107281523096134,155,889,452,958,303.5,923.5,419.0
3008,50.12394506866417,153,892,452,962,302.5,927.0,422.5
3009,50.140608614232214,153,899,452,968,302.5,933.5,429.0
3010,50.15727215980025,153,905,451,976,302.0,940.5,436.0
3011,50.173935705368294,153,917,451,986,302.0,951.5,447.0
3012,50.19059925093633,153,928,450,997,301.5,962.5,458.0
3013,50.207262796504374,152,940,449,1011,300.5,975.5,471.0
3014,50.22392634207241,152,954,450,1023,301.0,988.5,484.0
3015,50.24058988764045,152,967,450,1035,301.0,1001.0,496.5
3016,50.25725343320849,151,976,449,1044,300.0,1010.0,505.5
3017,50.27391697877653,152,981,451,1050,301.5,1015.5,511.0
3018,50.29058052434457,152,986,451,1055,301.5,1020.5,516.0
3019,50.30724406991261,152,990,451,1059,301.5,1024.5,520.0
3020,50.32390761548065,153,992,452,1061,302.5,1026.5,522.0
3021,50.34057116104869,154,995,452,1064,303.0,1029.5,525.0
3022,50.35723470661673,154,995,452,1064,303.0,1029.5,525.0
3023,50.37389825218477,155,993,452,1062,303.5,1027.5,523.0
3024,50.39056179775281,155,990,453,1058,304.0,1024.0,519.5
3025,50.40722534332085,156,982,454,1050,305.0,1016.0,511.5
