frame_index,time_s,x_min,y_min,x_max,y_max,x_center,y_center,dy_px
0,0.0,206,376,463,469,334.5,422.5,0.0
1,0.016663387251643402,195,318,471,407,333.0,362.5,-60.0
2,0.033326774503286805,186,282,476,368,331.0,325.0,-97.5
3,0.0499901617549302,181,266,477,342,329.0,304.0,-118.5
4,0.06665354900657361,178,265,476,341,327.0,303.0,-119.5
5,0.083316936258217,178,264,463,366,320.5,315.0,-107.5
6,0.0999803235098604,193,325,451,424,322.0,374.5,-48.0
7,0.1166437107615038,206,403,448,500,327.0,451.5,29.0
8,0.13330709801314722,214,496,446,604,330.0,550.0,127.5
9,0.14997048526479062,223,599,440,710,331.5,654.5,232.0
10,0.166633872516434,232,728,428,832,330.0,780.0,357.5
11,0.1832972597680774,232,862,432,967,332.0,914.5,492.0
12,0.1999606470197208,232,992,450,1097,341.0,1044.5,622.0
13,0.2166240342713642,232,1118,453,1216,342.5,1167.0,744.5
14,0.2332874215230076,233,1224,464,1328,348.5,1276.0,853.5
15,0.249950808774651,234,1330,475,1433,354.5,1381.5,959.0
16,0.26661419602629444,229,1438,476,1531,352.5,1484.5,1062.0
17,0.28327758327793784,215,1521,474,1603,344.5,1562.0,1139.5
18,0.29994097052958124,200,1586,484,1661,342.0,1623.5,1201.0
19,0.3166043577812246,197,1624,494,1690,345.5,1657.0,1234.5
20,0.333267745032868,201,1626,497,1692,349.0,1659.0,1236.5
21,0.3499311322845114,205,1603,496,1675,350.5,1639.0,1216.5
22,0.3665945195361548,216,1551,488,1631,352.0,1591.0,1168.5
23,0.3832579067877982,233,1471,482,1556,357.5,1513.5,1091.0
24,0.3999212940394416,237,1370,472,1468,354.5,1419.0,996.5
25,0.416584681291085,241,1276,466,1367,353.5,1321.5,899.0
26,0.4332480685427284,246,1153,474,1256,360.0,1204.5,782.0
27,0.4499114557943718,248,1008,464,1134,356.0,1071.0,648.5
28,0.4665748430460152,244,911,459,1012,351.5,961.5,539.0
29,0.4832382302976586,242,782,453,894,347.5,838.0,415.5
30,0.499901617549302,237,655,454,763,345.5,709.0,286.5
31,0.5165650048009455,227,543,450,648,338.5,595.5,173.0
32,0.5332283920525889,217,449,458,544,337.5,496.5,74.0
33,0.5498917793042323,213,358,466,462,339.5,410.0,-12.5
34,0.5665551665558757,198,298,469,392,333.5,345.0,-77.5
35,0.5832185538075191,186,271,480,353,333.0,312.0,-110.5
36,0.5998819410591625,184,271,480,346,332.0,308.5,-114.0
37,0.6165453283108059,178,276,473,362,325.5,319.0,-103.5
38,0.6332087155624492,189,291,472,398,330.5,344.5,-78.0
39,0.6498721028140926,200,371,464,458,332.0,414.5,-8.0
40,0.666535490065736,206,431,458,530,332.0,480.5,58.0
41,0.6831988773173794,222,524,445,621,333.5,572.5,150.0
42,0.6998622645690228,220,619,440,734,330.0,676.5,254.0
43,0.7165256518206662,222,750,434,847,328.0,798.5,376.0
44,0.7331890390723096,223,863,431,971,327.0,917.0,494.5
45,0.749852426323953,237,990,435,1113,336.0,1051.5,629.0
46,0.7665158135755964,230,1116,445,1234,337.5,1175.0,752.5
47,0.7831792008272398,225,1245,445,1358,335.0,1301.5,879.0
48,0.7998425880788832,221,1362,458,1463,339.5,1412.5,990.0
49,0.8165059753305266,207,1449,465,1547,336.0,1498.0,1075.5
50,0.83316936258217,203,1532,473,1607,338.0,1569.5,1147.0
51,0.8498327498338134,203,1580,485,1648,344.0,1614.0,1191.5
52,0.8664961370854568,201,1603,496,1674,348.5,1638.5,1216.0
53,0.8831595243371002,199,1607,496,1676,347.5,1641.5,1219.0
54,0.8998229115887436,206,1578,492,1650,349.0,1614.0,1191.5
55,0.916486298840387,216,1524,484,1608,350.0,1566.0,1143.5
56,0.9331496860920304,225,1464,479,1544,352.0,1504.0,1081.5
57,0.9498130733436738,231,1346,470,1461,350.5,1403.5,981.0
58,0.9664764605953172,241,1260,456,1351,348.5,1305.5,883.0
59,0.9831398478469606,251,1128,462,1230,356.5,1179.0,756.5
60,0.999803235098604,254,1000,464,1105,359.0,1052.5,630.0
61,1.0164666223502474,248,862,460,974,354.0,918.0,495.5
62,1.033130009601891,242,746,464,856,353.0,801.0,378.5
63,1.0497933968535342,237,638,461,738,349.0,688.0,265.5
64,1.0664567841051777,241,537,464,639,352.5,588.0,165.5
65,1.083120171356821,227,437,474,536,350.5,486.5,64.0
66,1.0997835586084646,212,370,476,462,344.0,416.0,-6.5
67,1.1164469458601078,208,319,480,407,344.0,363.0,-59.5
68,1.1331103331117514,191,260,484,368,337.5,314.0,-108.5
69,1.1497737203633946,183,280,480,354,331.5,317.0,-105.5
70,1.1664371076150382,181,286,474,364,327.5,325.0,-97.5
71,1.1831004948666815,192,296,466,403,329.0,349.5,-73.0
72,1.199763882118325,205,369,458,468,331.5,418.5,-4.0
73,1.2164272693699683,211,455,448,555,329.5,505.0,82.5
74,1.2330906566216118,214,536,439,654,326.5,595.0,172.5
75,1.249754043873255,215,661,439,762,327.0,711.5,289.0
76,1.2664174311248984,226,784,432,881,329.0,832.5,410.0
77,1.2830808183765419,224,910,435,1008,329.5,959.0,536.5
78,1.2997442056281852,221,1036,443,1134,332.0,1085.0,662.5
79,1.3164075928798287,222,1138,446,1248,334.0,1193.0,770.5
80,1.333070980131472,221,1252,453,1357,337.0,1304.5,882.0
81,1.3497343673831155,212,1364,452,1462,332.0,1413.0,990.5
82,1.3663977546347588,201,1452,456,1544,328.5,1498.0,1075.5
83,1.3830611418864023,199,1544,465,1615,332.0,1579.5,1157.0
84,1.3997245291380456,191,1590,480,1659,335.5,1624.5,1202.0
85,1.416387916389689,189,1608,483,1674,336.0,1641.0,1218.5
86,1.4330513036413324,193,1600,488,1666,340.5,1633.0,1210.5
87,1.4497146908929759,201,1564,488,1638,344.5,1601.0,1178.5
88,1.4663780781446192,223,1500,479,1585,351.0,1542.5,1120.0
89,1.4830414653962627,230,1415,473,1511,351.5,1463.0,1040.5
90,1.499704852647906,232,1320,471,1421,351.5,1370.5,948.0
91,1.5163682398995495,246,1218,470,1317,358.0,1267.5,845.0
92,1.5330316271511928,249,1094,471,1208,360.0,1151.0,728.5
93,1.5496950144028363,249,984,462,1094,355.5,1039.0,616.5
94,1.5663584016544796,250,865,465,974,357.5,919.5,497.0
95,1.583021788906123,249,735,461,846,355.0,790.5,368.0
96,1.5996851761577664,242,616,465,726,353.5,671.0,248.5
97,1.61634856340941,237,517,472,612,354.5,564.5,142.0
98,1.6330119506610532,228,423,477,522,352.5,472.5,50.0
99,1.6496753379126967,218,352,482,445,350.0,398.5,-24.0
100,1.66633872516434,206,312,493,398,349.5,355.0,-67.5
101,1.6830021124159835,195,299,491,374,343.0,336.5,-86.0
102,1.6996654996676268,194,298,491,374,342.5,336.0,-86.5
103,1.7163288869192703,200,311,489,392,344.5,351.5,-71.0
104,1.7329922741709136,203,348,481,433,342.0,390.5,-32.0
105,1.7496556614225571,202,393,470,491,336.0,442.0,19.5
106,1.7663190486742004,210,465,461,567,335.5,516.0,93.5
107,1.782982435925844,217,566,450,670,333.5,618.0,195.5
108,1.7996458231774872,222,653,441,779,331.5,716.0,293.5
109,1.8163092104291307,223,793,430,900,326.5,846.5,424.0
110,1.832972597680774,223,900,439,1024,331.0,962.0,539.5
111,1.8496359849324175,221,1049,434,1152,327.5,1100.5,678.0
112,1.8662993721840608,224,1150,436,1276,330.0,1213.0,790.5
113,1.8829627594357043,208,1288,445,1386,326.5,1337.0,914.5
114,1.8996261466873476,203,1381,453,1478,328.0,1429.5,1007.0
115,1.9162895339389912,199,1465,464,1552,331.5,1508.5,1086.0
116,1.9329529211906344,199,1528,472,1602,335.5,1565.0,1142.5
117,1.949616308442278,191,1568,480,1638,335.5,1603.0,1180.5
118,1.9662796956939212,184,1591,481,1658,332.5,1624.5,1202.0
119,1.9829430829455648,185,1584,480,1653,332.5,1618.5,1196.0
120,1.999606470197208,197,1551,473,1624,335.0,1587.5,1165.0
121,2.0162698574488513,200,1502,470,1573,335.0,1537.5,1115.0
122,2.032933244700495,216,1400,465,1501,340.5,1450.5,1028.0
123,2.0495966319521384,227,1306,465,1411,346.0,1358.5,936.0
124,2.066260019203782,241,1170,465,1298,353.0,1234.0,811.5
125,2.082923406455425,241,1068,456,1182,348.5,1125.0,702.5
126,2.0995867937070685,240,940,456,1056,348.0,998.0,575.5
127,2.116250180958712,248,818,472,929,360.0,873.5,451.0
128,2.1329135682103555,246,704,475,816,360.5,760.0,337.5
129,2.1495769554619986,243,615,480,708,361.5,661.5,239.0
130,2.166240342713642,238,519,476,606,357.0,562.5,140.0
131,2.1829037299652856,225,430,481,521,353.0,475.5,53.0
132,2.199567117216929,218,362,483,454,350.5,408.0,-14.5
133,2.216230504468572,205,316,490,401,347.5,358.5,-64.0
134,2.2328938917202157,198,299,495,375,346.5,337.0,-85.5
135,2.249557278971859,198,298,495,371,346.5,334.5,-88.0
136,2.2662206662235027,202,311,489,392,345.5,351.5,-71.0
137,2.282884053475146,209,348,480,440,344.5,394.0,-28.5
138,2.2995474407267893,216,414,466,512,341.0,463.0,40.5
139,2.316210827978433,221,509,459,606,340.0,557.5,135.0
140,2.3328742152300763,224,605,455,706,339.5,655.5,233.0
141,2.3495376024817194,230,705,447,812,338.5,758.5,336.0
142,2.366200989733363,237,827,446,930,341.5,878.5,456.0
143,2.3828643769850064,221,950,439,1053,330.0,1001.5,579.0
144,2.39952776423665,217,1061,441,1163,329.0,1112.0,689.5
145,2.416191151488293,214,1180,442,1280,328.0,1230.0,807.5
146,2.4328545387399365,209,1291,441,1388,325.0,1339.5,917.0
147,2.44951792599158,205,1380,445,1485,325.0,1432.5,1010.0
148,2.4661813132432235,200,1465,455,1559,327.5,1512.0,1089.5
149,2.4828447004948666,183,1549,463,1621,323.0,1585.0,1162.5
150,2.49950808774651,175,1585,471,1649,323.0,1617.0,1194.5
151,2.5161714749981536,180,1584,474,1652,327.0,1618.0,1195.5
152,2.5328348622497967,185,1566,475,1637,330.0,1601.5,1179.0
153,2.54949824950144,196,1513,472,1600,334.0,1556.5,1134.0
154,2.5661616367530837,210,1460,470,1544,340.0,1502.0,1079.5
155,2.5828250240047272,214,1363,466,1468,340.0,1415.5,993.0
156,2.5994884112563703,219,1275,463,1377,341.0,1326.0,903.5
157,2.616151798508014,230,1164,455,1276,342.5,1220.0,797.5
158,2.6328151857596573,232,1053,456,1163,344.0,1108.0,685.5
159,2.649478573011301,241,943,452,1047,346.5,995.0,572.5
160,2.666141960262944,248,799,450,928,349.0,863.5,441.0
161,2.6828053475145874,253,690,451,800,352.0,745.0,322.5
162,2.699468734766231,246,582,473,680,359.5,631.0,208.5
163,2.7161321220178745,235,481,480,584,357.5,532.5,110.0
164,2.7327955092695175,232,410,492,504,362.0,457.0,34.5
165,2.749458896521161,216,334,499,446,357.5,390.0,-32.5
166,2.7661222837728046,209,301,503,404,356.0,352.5,-70.0
167,2.782785671024448,207,317,505,390,356.0,353.5,-69.0
168,2.799449058276091,206,320,501,394,353.5,357.0,-65.5
169,2.8161124455277347,210,334,498,418,354.0,376.0,-46.5
170,2.832775832779378,214,376,483,465,348.5,420.5,-2.0
171,2.8494392200310217,216,444,474,526,345.0,485.0,62.5
172,2.8661026072826647,230,525,463,608,346.5,566.5,144.0
173,2.8827659945343083,234,616,452,713,343.0,664.5,242.0
174,2.8994293817859518,239,733,448,831,343.5,782.0,359.5
175,2.9160927690375953,236,849,446,953,341.0,901.0,478.5
176,2.9327561562892384,231,961,437,1073,334.0,1017.0,594.5
177,2.949419543540882,222,1091,445,1199,333.5,1145.0,722.5
178,2.9660829307925254,217,1208,449,1308,333.0,1258.0,835.5
179,2.982746318044169,214,1312,458,1406,336.0,1359.0,936.5
180,2.999409705295812,202,1395,460,1488,331.0,1441.5,1019.0
181,3.0160730925474555,193,1478,460,1553,326.5,1515.5,1093.0
182,3.032736479799099,184,1529,471,1598,327.5,1563.5,1141.0
183,3.0493998670507425,178,1560,471,1630,324.5,1595.0,1172.5
184,3.0660632543023856,173,1577,470,1644,321.5,1610.5,1188.0
185,3.082726641554029,175,1562,468,1630,321.5,1596.0,1173.5
186,3.0993900288056726,190,1481,462,1593,326.0,1537.0,1114.5
187,3.116053416057316,196,1426,452,1532,324.0,1479.0,1056.5
188,3.132716803308959,210,1346,457,1452,333.5,1399.0,976.5
189,3.1493801905606027,212,1246,453,1354,332.5,1300.0,877.5
190,3.166043577812246,226,1151,448,1248,337.0,1199.5,777.0
191,3.1827069650638897,236,1027,454,1130,345.0,1078.5,656.0
192,3.199370352315533,236,905,460,1010,348.0,957.5,535.0
193,3.2160337395671763,232,786,460,894,346.0,840.0,417.5
194,3.23269712681882,237,685,462,792,349.5,738.5,316.0
195,3.2493605140704633,237,584,470,683,353.5,633.5,211.0
196,3.2660239013221064,230,481,470,585,350.0,533.0,110.5
197,3.28268728857375,218,408,482,507,350.0,457.5,35.0
198,3.2993506758253934,217,342,492,444,354.5,393.0,-29.5
199,3.316014063077037,209,317,498,400,353.5,358.5,-64.0
200,3.33267745032868,206,311,502,386,354.0,348.5,-74.0
201,3.3493408375803235,208,315,500,394,354.0,354.5,-68.0
202,3.366004224831967,213,339,498,426,355.5,382.5,-40.0
203,3.3826676120836106,231,398,489,480,360.0,439.0,16.5
204,3.3993309993352536,236,467,481,561,358.5,514.0,91.5
205,3.415994386586897,233,558,478,653,355.5,605.5,183.0
206,3.4326577738385406,239,655,472,749,355.5,702.0,279.5
207,3.449321161090184,247,746,464,858,355.5,802.0,379.5
208,3.4659845483418272,238,868,450,970,344.0,919.0,496.5
209,3.4826479355934707,232,981,457,1084,344.5,1032.5,610.0
210,3.4993113228451143,230,1094,448,1202,339.0,1148.0,725.5
211,3.5159747100967578,226,1224,452,1313,339.0,1268.5,846.0
212,3.532638097348401,213,1324,455,1416,334.0,1370.0,947.5
213,3.5493014846000444,205,1406,457,1497,331.0,1451.5,1029.0
214,3.565964871851688,200,1490,462,1566,331.0,1528.0,1105.5
215,3.5826282591033314,185,1544,472,1614,328.5,1579.0,1156.5
216,3.5992916463549744,179,1566,473,1633,326.0,1599.5,1177.0
217,3.615955033606618,182,1559,472,1629,327.0,1594.0,1171.5
218,3.6326184208582615,183,1536,470,1607,326.5,1571.5,1149.0
219,3.649281808109905,191,1487,467,1563,329.0,1525.0,1102.5
220,3.665945195361548,196,1424,459,1502,327.5,1463.0,1040.5
221,3.6826085826131916,206,1334,453,1427,329.5,1380.5,958.0
222,3.699271969864835,208,1244,441,1337,324.5,1290.5,868.0
223,3.7159353571164786,217,1126,446,1232,331.5,1179.0,756.5
224,3.7325987443681217,226,1011,442,1117,334.0,1064.0,641.5
225,3.749262131619765,228,895,447,995,337.5,945.0,522.5
226,3.7659255188714087,236,775,448,874,342.0,824.5,402.0
227,3.7825889061230518,235,652,453,754,344.0,703.0,280.5
228,3.7992522933746953,220,550,465,652,342.5,601.0,178.5
229,3.815915680626339,225,455,475,563,350.0,509.0,86.5
230,3.8325790678779823,220,385,489,494,354.5,439.5,17.0
231,3.8492424551296254,212,359,498,444,355.0,401.5,-21.0
232,3.865905842381269,207,337,502,416,354.5,376.5,-46.0
233,3.8825692296329124,206,332,503,406,354.5,369.0,-53.5
234,3.899232616884556,206,334,502,416,354.0,375.0,-47.5
235,3.915896004136199,216,358,494,447,355.0,402.5,-20.0
236,3.9325593913878425,221,399,489,503,355.0,451.0,28.5
237,3.949222778639486,227,475,480,570,353.5,522.5,100.0
238,3.9658861658911295,241,559,473,660,357.0,609.5,187.0
239,3.9825495531427726,247,670,466,767,356.5,718.5,296.0
240,3.999212940394416,244,769,462,889,353.0,829.0,406.5
241,4.015876327646059,242,905,454,1002,348.0,953.5,531.0
242,4.032539714897703,245,1018,462,1121,353.5,1069.5,647.0
243,4.049203102149346,233,1130,464,1234,348.5,1182.0,759.5
244,4.06586648940099,224,1229,465,1334,344.5,1281.5,859.0
245,4.082529876652633,219,1335,464,1422,341.5,1378.5,956.0
246,4.099193263904277,207,1418,464,1500,335.5,1459.0,1036.5
247,4.11585665115592,195,1484,470,1556,332.5,1520.0,1097.5
248,4.132520038407564,188,1527,472,1597,330.0,1562.0,1139.5
249,4.149183425659206,178,1555,473,1622,325.5,1588.5,1166.0
250,4.16584681291085,176,1557,472,1626,324.0,1591.5,1169.0
251,4.182510200162493,179,1530,465,1601,322.0,1565.5,1143.0
252,4.199173587414137,188,1481,458,1556,323.0,1518.5,1096.0
253,4.2158369746657804,198,1401,448,1486,323.0,1443.5,1021.0
254,4.232500361917424,209,1303,445,1399,327.0,1351.0,928.5
255,4.2491637491690675,215,1199,449,1302,332.0,1250.5,828.0
256,4.265827136420711,220,1092,442,1200,331.0,1146.0,723.5
257,4.282490523672354,223,976,445,1079,334.0,1027.5,605.0
258,4.299153910923997,219,850,444,964,331.5,907.0,484.5
259,4.315817298175641,224,750,450,855,337.0,802.5,380.0
260,4.332480685427284,216,650,451,754,333.5,702.0,279.5
261,4.349144072678928,222,552,452,652,337.0,602.0,179.5
262,4.365807459930571,222,461,464,561,343.0,511.0,88.5
263,4.382470847182215,206,389,479,489,342.5,439.0,16.5
264,4.399134234433858,204,338,488,436,346.0,387.0,-35.5
265,4.415797621685501,200,331,496,406,348.0,368.5,-54.0
266,4.432461008937144,201,328,501,403,351.0,365.5,-57.0
267,4.449124396188788,210,339,499,425,354.5,382.0,-40.5
268,4.465787783440431,217,382,497,467,357.0,424.5,2.0
269,4.482451170692075,235,434,488,526,361.5,480.0,57.5
270,4.499114557943718,242,502,476,607,359.0,554.5,132.0
271,4.515777945195362,244,594,482,701,363.0,647.5,225.0
272,4.532441332447005,247,694,477,797,362.0,745.5,323.0
273,4.549104719698648,247,806,472,906,359.5,856.0,433.5
274,4.565768106950292,248,919,466,1022,357.0,970.5,548.0
275,4.582431494201935,248,1028,468,1128,358.0,1078.0,655.5
276,4.599094881453579,239,1144,467,1243,353.0,1193.5,771.0
277,4.615758268705222,238,1241,470,1347,354.0,1294.0,871.5
278,4.632421655956866,224,1356,477,1441,350.5,1398.5,976.0
279,4.649085043208509,216,1428,477,1514,346.5,1471.0,1048.5
280,4.665748430460153,204,1498,482,1571,343.0,1534.5,1112.0
281,4.682411817711795,190,1535,484,1606,337.0,1570.5,1148.0
282,4.699075204963439,188,1546,484,1611,336.0,1578.5,1156.0
283,4.715738592215082,190,1530,480,1599,335.0,1564.5,1142.0
284,4.732401979466726,188,1500,474,1571,331.0,1535.5,1113.0
285,4.749065366718369,191,1452,466,1526,328.5,1489.0,1066.5
286,4.765728753970013,196,1363,456,1463,326.0,1413.0,990.5
287,4.782392141221656,201,1278,450,1386,325.5,1332.0,909.5
288,4.7990555284733,209,1188,442,1284,325.5,1236.0,813.5
289,4.8157189157249425,212,1070,434,1180,323.0,1125.0,702.5
290,4.832382302976586,216,948,443,1060,329.5,1004.0,581.5
291,4.8490456902282295,220,846,440,950,330.0,898.0,475.5
292,4.865709077479873,223,726,441,828,332.0,777.0,354.5
293,4.8823724647315165,217,611,446,716,331.5,663.5,241.0
294,4.89903585198316,215,520,462,621,338.5,570.5,148.0
295,4.915699239234804,206,453,471,546,338.5,499.5,77.0
296,4.932362626486447,200,398,477,488,338.5,443.0,20.5
297,4.94902601373809,196,349,486,446,341.0,397.5,-25.0
298,4.965689400989733,191,350,489,426,340.0,388.0,-34.5
299,4.982352788241377,192,345,493,421,342.5,383.0,-39.5
300,4.99901617549302,200,350,492,438,346.0,394.0,-28.5
301,5.015679562744664,211,388,483,479,347.0,433.5,11.0
302,5.032342949996307,216,446,484,540,350.0,493.0,70.5
303,5.049006337247951,238,521,480,617,359.0,569.0,146.5
304,5.065669724499593,242,612,468,712,355.0,662.0,239.5
305,5.082333111751237,249,728,471,830,360.0,779.0,356.5
306,5.09899649900288,248,833,471,942,359.5,887.5,465.0
307,5.115659886254524,252,929,469,1055,360.5,992.0,569.5
308,5.1323232735061675,248,1058,470,1166,359.0,1112.0,689.5
309,5.148986660757811,239,1162,480,1271,359.5,1216.5,794.0
310,5.1656500480094545,234,1259,481,1357,357.5,1308.0,885.5
311,5.182313435261098,228,1346,480,1441,354.0,1393.5,971.0
312,5.198976822512741,218,1433,487,1513,352.5,1473.0,1050.5
313,5.215640209764384,206,1489,486,1562,346.0,1525.5,1103.0
314,5.232303597016028,197,1526,488,1593,342.5,1559.5,1137.0
315,5.248966984267671,191,1542,488,1608,339.5,1575.0,1152.5
316,5.265630371519315,190,1534,482,1602,336.0,1568.0,1145.5
317,5.282293758770958,198,1495,473,1566,335.5,1530.5,1108.0
318,5.298957146022602,200,1433,466,1510,333.0,1471.5,1049.0
319,5.315620533274245,209,1342,459,1434,334.0,1388.0,965.5
320,5.332283920525888,216,1240,454,1344,335.0,1292.0,869.5
321,5.348947307777531,210,1152,448,1248,329.0,1200.0,777.5
322,5.365610695029175,215,1040,445,1147,330.0,1093.5,671.0
323,5.382274082280818,217,930,446,1033,331.5,981.5,559.0
324,5.398937469532462,210,821,435,924,322.5,872.5,450.0
325,5.415600856784105,210,718,438,823,324.0,770.5,348.0
326,5.432264244035749,204,619,446,717,325.0,668.0,245.5
327,5.448927631287392,206,525,450,626,328.0,575.5,153.0
328,5.465591018539035,199,446,459,543,329.0,494.5,72.0
329,5.482254405790679,196,386,474,475,335.0,430.5,8.0
330,5.498917793042322,188,358,481,434,334.5,396.0,-26.5
331,5.515581180293966,187,344,487,420,337.0,382.0,-40.5
332,5.532244567545609,191,354,488,430,339.5,392.0,-30.5
333,5.548907954797253,200,371,489,459,344.5,415.0,-7.5
334,5.565571342048896,212,410,482,504,347.0,457.0,34.5
335,5.58223472930054,223,473,480,569,351.5,521.0,98.5
336,5.598898116552182,229,552,477,654,353.0,603.0,180.5
337,5.615561503803826,231,654,469,743,350.0,698.5,276.0
338,5.632224891055469,243,736,475,843,359.0,789.5,367.0
339,5.648888278307113,243,846,467,950,355.0,898.0,475.5
340,5.665551665558756,248,962,470,1066,359.0,1014.0,591.5
341,5.6822150528104,244,1073,470,1176,357.0,1124.5,702.0
342,5.698878440062043,244,1186,474,1285,359.0,1235.5,813.0
343,5.715541827313687,234,1285,479,1382,356.5,1333.5,911.0
344,5.7322052145653295,229,1366,485,1462,357.0,1414.0,991.5
345,5.748868601816973,223,1446,492,1524,357.5,1485.0,1062.5
346,5.7655319890686165,209,1498,498,1566,353.5,1532.0,1109.5
347,5.78219537632026,201,1523,498,1590,349.5,1556.5,1134.0
348,5.7988587635719036,202,1523,495,1590,348.5,1556.5,1134.0
349,5.815522150823547,199,1499,489,1572,344.0,1535.5,1113.0
350,5.832185538075191,200,1464,481,1538,340.5,1501.0,1078.5
351,5.848848925326834,210,1410,475,1487,342.5,1448.5,1026.0
352,5.865512312578477,208,1319,464,1420,336.0,1369.5,947.0
353,5.88217569983012,215,1223,452,1336,333.5,1279.5,857.0
354,5.898839087081764,219,1118,451,1233,335.0,1175.5,753.0
355,5.915502474333407,219,1014,448,1126,333.5,1070.0,647.5
356,5.932165861585051,215,908,438,1007,326.5,957.5,535.0
357,5.948829248836694,220,788,440,896,330.0,842.0,419.5
358,5.965492636088338,213,688,439,788,326.0,738.0,315.5
359,5.982156023339981,205,587,445,685,325.0,636.0,213.5
360,5.998819410591624,201,505,456,601,328.5,553.0,130.5
361,6.0154827978432674,192,447,468,535,330.0,491.0,68.5
362,6.032146185094911,183,404,469,483,326.0,443.5,21.0
363,6.0488095723465545,179,377,475,452,327.0,414.5,-8.0
364,6.065472959598198,179,361,478,436,328.5,398.5,-24.0
365,6.0821363468498415,180,361,479,436,329.5,398.5,-24.0
366,6.098799734101485,190,382,478,465,334.0,423.5,1.0
367,6.1154631213531285,206,414,472,519,339.0,466.5,44.0
368,6.132126508604771,217,479,471,586,344.0,532.5,110.0
369,6.148789895856415,226,554,476,668,351.0,611.0,188.5
370,6.165453283108058,239,640,464,769,351.5,704.5,282.0
371,6.182116670359702,244,768,461,884,352.5,826.0,403.5
372,6.198780057611345,243,872,468,988,355.5,930.0,507.5
373,6.215443444862989,241,985,467,1096,354.0,1040.5,618.0
374,6.232106832114632,240,1115,478,1200,359.0,1157.5,735.0
375,6.248770219366275,238,1204,477,1297,357.5,1250.5,828.0
376,6.265433606617918,239,1285,482,1383,360.5,1334.0,911.5
377,6.282096993869562,232,1373,488,1460,360.0,1416.5,994.0
378,6.298760381121205,220,1448,490,1524,355.0,1486.0,1063.5
379,6.315423768372849,210,1494,498,1562,354.0,1528.0,1105.5
380,6.332087155624492,207,1519,502,1586,354.5,1552.5,1130.0
381,6.348750542876136,205,1523,501,1590,353.0,1556.5,1134.0
382,6.3654139301277795,207,1499,495,1570,351.0,1534.5,1112.0
383,6.382077317379422,216,1449,485,1527,350.5,1488.0,1065.5
384,6.398740704631066,220,1382,476,1465,348.0,1423.5,1001.0
385,6.415404091882709,223,1284,468,1384,345.5,1334.0,911.5
386,6.432067479134353,224,1194,461,1294,342.5,1244.0,821.5
387,6.448730866385996,224,1100,457,1202,340.5,1151.0,728.5
388,6.46539425363764,224,994,451,1096,337.5,1045.0,622.5
389,6.482057640889283,222,886,448,987,335.0,936.5,514.0
390,6.498721028140927,214,782,447,882,330.5,832.0,409.5
391,6.515384415392569,214,678,444,779,329.0,728.5,306.0
392,6.532047802644213,208,585,448,681,328.0,633.0,210.5
393,6.548711189895856,198,498,450,593,324.0,545.5,123.0
394,6.5653745771475,192,412,461,523,326.5,467.5,45.0
395,6.582037964399143,185,378,472,472,328.5,425.0,2.5
396,6.598701351650787,177,368,474,442,325.5,405.0,-17.5
397,6.61536473890243,176,366,474,441,325.0,403.5,-19.0
398,6.632028126154074,181,381,472,456,326.5,418.5,-4.0
399,6.6486915134057165,189,404,474,495,331.5,449.5,27.0
400,6.66535490065736,195,437,464,544,329.5,490.5,68.0
401,6.6820182879090035,205,510,461,609,333.0,559.5,137.0
402,6.698681675160647,213,595,453,702,333.0,648.5,226.0
403,6.715345062412291,227,681,456,791,341.5,736.0,313.5
404,6.732008449663934,231,783,461,890,346.0,836.5,414.0
405,6.748671836915578,238,902,462,1001,350.0,951.5,529.0
406,6.765335224167221,240,1005,464,1109,352.0,1057.0,634.5
407,6.781998611418864,234,1121,465,1219,349.5,1170.0,747.5
408,6.798661998670507,239,1224,474,1325,356.5,1274.5,852.0
409,6.815325385922151,232,1300,484,1408,358.0,1354.0,931.5
410,6.831988773173794,220,1399,494,1473,357.0,1436.0,1013.5
411,6.848652160425438,217,1453,498,1526,357.5,1489.5,1067.0
412,6.865315547677081,211,1492,504,1560,357.5,1526.0,1103.5
413,6.881978934928725,208,1510,503,1575,355.5,1542.5,1120.0
414,6.898642322180368,204,1500,501,1568,352.5,1534.0,1111.5
415,6.915305709432011,208,1475,495,1545,351.5,1510.0,1087.5
416,6.9319690966836545,217,1432,489,1504,353.0,1468.0,1045.5
417,6.948632483935298,217,1366,486,1444,351.5,1405.0,982.5
418,6.9652958711869415,225,1261,476,1372,350.5,1316.5,894.0
419,6.981959258438585,230,1184,461,1282,345.5,1233.0,810.5
420,6.9986226456902285,230,1071,465,1178,347.5,1124.5,702.0
421,7.015286032941872,232,959,458,1066,345.0,1012.5,590.0
422,7.0319494201935155,224,858,458,961,341.0,909.5,487.0
423,7.048612807445158,218,743,454,850,336.0,796.5,374.0
424,7.065276194696802,216,640,450,750,333.0,695.0,272.5
425,7.081939581948445,210,566,461,660,335.5,613.0,190.5
426,7.098602969200089,196,482,463,586,329.5,534.0,111.5
427,7.115266356451732,188,439,465,525,326.5,482.0,59.5
428,7.131929743703376,177,398,470,482,323.5,440.0,17.5
429,7.148593130955019,175,383,470,458,322.5,420.5,-2.0
430,7.165256518206663,172,373,473,448,322.5,410.5,-12.0
431,7.181919905458305,176,383,471,460,323.5,421.5,-1.0
432,7.198583292709949,190,382,463,496,326.5,439.0,16.5
433,7.215246679961592,199,443,458,557,328.5,500.0,77.5
434,7.231910067213236,204,528,456,635,330.0,581.5,159.0
435,7.248573454464879,215,622,454,724,334.5,673.0,250.5
436,7.265236841716523,223,718,451,819,337.0,768.5,346.0
437,7.2819002289681665,227,820,453,925,340.0,872.5,450.0
438,7.29856361621981,229,929,460,1033,344.5,981.0,558.5
439,7.315227003471453,230,1040,462,1139,346.0,1089.5,667.0
440,7.331890390723096,226,1133,468,1236,347.0,1184.5,762.0
441,7.34855377797474,226,1225,472,1323,349.0,1274.0,851.5
442,7.365217165226383,226,1321,478,1406,352.0,1363.5,941.0
443,7.381880552478027,220,1401,488,1478,354.0,1439.5,1017.0
444,7.39854393972967,214,1462,494,1532,354.0,1497.0,1074.5
445,7.415207326981314,210,1494,501,1564,355.5,1529.0,1106.5
446,7.431870714232957,209,1508,504,1576,356.5,1542.0,1119.5
447,7.4485341014846,211,1498,504,1566,357.5,1532.0,1109.5
448,7.465197488736243,215,1462,504,1536,359.5,1499.0,1076.5
449,7.481860875987887,224,1408,490,1486,357.0,1447.0,1024.5
450,7.49852426323953,229,1326,487,1419,358.0,1372.5,950.0
451,7.515187650491174,236,1241,478,1336,357.0,1288.5,866.0
452,7.531851037742817,231,1145,472,1250,351.5,1197.5,775.0
453,7.548514424994461,227,1046,472,1151,349.5,1098.5,676.0
454,7.5651778122461035,230,953,459,1054,344.5,1003.5,581.0
455,7.581841199497747,235,846,460,944,347.5,895.0,472.5
456,7.5985045867493906,222,737,455,840,338.5,788.5,366.0
457,7.615167974001034,222,625,458,738,340.0,681.5,259.0
458,7.631831361252678,215,548,462,648,338.5,598.0,175.5
459,7.648494748504321,206,482,474,574,340.0,528.0,105.5
460,7.665158135755965,193,423,472,510,332.5,466.5,44.0
461,7.681821523007608,184,388,477,472,330.5,430.0,7.5
462,7.698484910259251,177,381,477,456,327.0,418.5,-4.0
463,7.715148297510894,175,387,472,462,323.5,424.5,2.0
464,7.731811684762538,180,386,469,488,324.5,437.0,14.5
465,7.748475072014181,182,444,465,528,323.5,486.0,63.5
466,7.765138459265825,192,482,459,581,325.5,531.5,109.0
467,7.781801846517468,198,544,456,653,327.0,598.5,176.0
468,7.798465233769112,204,632,448,741,326.0,686.5,264.0
469,7.815128621020755,212,740,449,839,330.5,789.5,367.0
470,7.831792008272398,221,834,450,941,335.5,887.5,465.0
471,7.8484553955240415,223,952,451,1053,337.0,1002.5,580.0
472,7.865118782775685,229,1058,455,1160,342.0,1109.0,686.5
473,7.8817821700273285,227,1157,459,1262,343.0,1209.5,787.0
474,7.898445557278972,220,1261,464,1352,342.0,1306.5,884.0
475,7.9151089445306155,213,1336,474,1429,343.5,1382.5,960.0
476,7.931772331782259,210,1408,486,1485,348.0,1446.5,1024.0
477,7.948435719033903,208,1455,493,1528,350.5,1491.5,1069.0
478,7.965099106285545,201,1480,496,1552,348.5,1516.0,1093.5
479,7.981762493537189,201,1492,498,1560,349.5,1526.0,1103.5
480,7.998425880788832,205,1478,499,1546,352.0,1512.0,1089.5
481,8.015089268040477,213,1447,496,1517,354.5,1482.0,1059.5
482,8.031752655292118,222,1392,489,1469,355.5,1430.5,1008.0
483,8.048416042543762,228,1321,487,1402,357.5,1361.5,939.0
484,8.065079429795405,238,1233,480,1328,359.0,1280.5,858.0
485,8.081742817047049,240,1130,477,1234,358.5,1182.0,759.5
486,8.098406204298692,250,1020,467,1122,358.5,1071.0,648.5
487,8.115069591550336,243,903,473,1011,358.0,957.0,534.5
488,8.13173297880198,234,816,470,911,352.0,863.5,441.0
489,8.148396366053623,227,715,468,815,347.5,765.0,342.5
490,8.165059753305266,227,621,465,716,346.0,668.5,246.0
491,8.18172314055691,215,537,472,639,343.5,588.0,165.5
492,8.198386527808553,204,459,474,570,339.0,514.5,92.0
493,8.215049915060197,194,430,478,518,336.0,474.0,51.5
494,8.23171330231184,184,399,480,482,332.0,440.5,18.0
495,8.248376689563484,181,393,479,467,330.0,430.0,7.5
496,8.265040076815128,181,391,479,466,330.0,428.5,6.0
497,8.281703464066771,189,408,473,489,331.0,448.5,26.0
498,8.298366851318413,194,452,468,536,331.0,494.0,71.5
499,8.315030238570056,198,510,457,606,327.5,558.0,135.5
500,8.3316936258217,206,589,453,685,329.5,637.0,214.5
501,8.348357013073343,210,679,448,773,329.0,726.0,303.5
502,8.365020400324987,216,774,448,871,332.0,822.5,400.0
503,8.38168378757663,215,872,440,977,327.5,924.5,502.0
504,8.398347174828274,216,978,448,1078,332.0,1028.0,605.5
505,8.415010562079917,209,1087,448,1183,328.5,1135.0,712.5
506,8.431673949331561,213,1168,458,1271,335.5,1219.5,797.0
507,8.448337336583204,212,1253,465,1353,338.5,1303.0,880.5
508,8.465000723834848,213,1333,471,1430,342.0,1381.5,959.0
509,8.481664111086491,206,1419,479,1494,342.5,1456.5,1034.0
510,8.498327498338135,199,1467,488,1537,343.5,1502.0,1079.5
511,8.514990885589778,199,1490,495,1557,347.0,1523.5,1101.0
512,8.531654272841422,200,1490,496,1557,348.0,1523.5,1101.0
513,8.548317660093065,208,1466,498,1537,353.0,1501.5,1079.0
514,8.564981047344707,212,1428,494,1502,353.0,1465.0,1042.5
515,8.58164443459635,220,1367,489,1443,354.5,1405.0,982.5
516,8.598307821847994,227,1274,478,1373,352.5,1323.5,901.0
517,8.614971209099638,228,1187,485,1288,356.5,1237.5,815.0
518,8.631634596351281,233,1095,478,1198,355.5,1146.5,724.0
519,8.648297983602925,238,1007,471,1110,354.5,1058.5,636.0
520,8.664961370854568,244,911,465,1003,354.5,957.0,534.5
521,8.681624758106212,247,798,468,896,357.5,847.0,424.5
522,8.698288145357855,239,695,471,794,355.0,744.5,322.0
523,8.714951532609499,228,606,472,700,350.0,653.0,230.5
524,8.731614919861142,222,527,478,622,350.0,574.5,152.0
525,8.748278307112786,215,466,486,556,350.5,511.0,88.5
526,8.76494169436443,203,422,487,508,345.0,465.0,42.5
527,8.781605081616073,191,406,488,480,339.5,443.0,20.5
528,8.798268468867716,186,398,486,474,336.0,436.0,13.5
529,8.814931856119358,185,412,480,488,332.5,450.0,27.5
530,8.831595243371002,187,420,474,521,330.5,470.5,48.0
531,8.848258630622645,193,469,471,564,332.0,516.5,94.0
532,8.864922017874289,197,532,459,622,328.0,577.0,154.5
533,8.881585405125932,203,612,453,700,328.0,656.0,233.5
534,8.898248792377576,210,692,446,791,328.0,741.5,319.0
535,8.91491217962922,212,789,443,888,327.5,838.5,416.0
536,8.931575566880863,216,883,446,1004,331.0,943.5,521.0
537,8.948238954132506,216,995,445,1102,330.5,1048.5,626.0
538,8.96490234138415,215,1100,449,1206,332.0,1153.0,730.5
539,8.981565728635793,209,1196,455,1298,332.0,1247.0,824.5
540,8.998229115887437,205,1281,458,1384,331.5,1332.5,910.0
541,9.01489250313908,198,1354,464,1447,331.0,1400.5,978.0
542,9.031555890390724,193,1418,477,1494,335.0,1456.0,1033.5
543,9.048219277642367,194,1456,482,1527,338.0,1491.5,1069.0
544,9.06488266489401,190,1475,486,1544,338.0,1509.5,1087.0
545,9.081546052145653,191,1474,486,1544,338.5,1509.0,1086.5
546,9.098209439397296,200,1456,489,1525,344.5,1490.5,1068.0
547,9.11487282664894,210,1411,487,1486,348.5,1448.5,1026.0
548,9.131536213900583,225,1345,480,1430,352.5,1387.5,965.0
549,9.148199601152227,227,1250,481,1358,354.0,1304.0,881.5
550,9.16486298840387,234,1172,478,1277,356.0,1224.5,802.0
551,9.181526375655514,246,1080,472,1180,359.0,1130.0,707.5
552,9.198189762907157,245,962,474,1069,359.5,1015.5,593.0
553,9.2148531501588,246,865,477,967,361.5,916.0,493.5
554,9.231516537410444,236,763,475,871,355.5,817.0,394.5
555,9.248179924662088,231,673,477,777,354.0,725.0,302.5
556,9.264843311913731,227,598,478,693,352.5,645.5,223.0
557,9.281506699165375,224,525,480,618,352.0,571.5,149.0
558,9.298170086417018,211,460,485,558,348.0,509.0,86.5
559,9.314833473668662,204,427,493,511,348.5,469.0,46.5
560,9.331496860920305,197,414,494,488,345.5,451.0,28.5
561,9.348160248171947,195,406,494,480,344.5,443.0,20.5
562,9.36482363542359,195,413,492,489,343.5,451.0,28.5
563,9.381487022675234,201,439,484,521,342.5,480.0,57.5
564,9.398150409926878,210,480,474,580,342.0,530.0,107.5
565,9.414813797178521,206,552,463,650,334.5,601.0,178.5
566,9.431477184430165,208,631,458,734,333.0,682.5,260.0
567,9.448140571681808,209,721,450,824,329.5,772.5,350.0
568,9.464803958933452,209,820,454,921,331.5,870.5,448.0
569,9.481467346185095,208,920,449,1022,328.5,971.0,548.5
570,9.498130733436739,210,1030,444,1120,327.0,1075.0,652.5
571,9.514794120688382,205,1116,451,1216,328.0,1166.0,743.5
572,9.531457507940026,203,1210,455,1302,329.0,1256.0,833.5
573,9.54812089519167,206,1294,456,1380,331.0,1337.0,914.5
574,9.564784282443313,201,1359,462,1451,331.5,1405.0,982.5
575,9.581447669694956,193,1432,475,1507,334.0,1469.5,1047.0
576,9.5981110569466,185,1466,479,1535,332.0,1500.5,1078.0
577,9.614774444198241,185,1477,482,1546,333.5,1511.5,1089.0
578,9.631437831449885,188,1465,483,1535,335.5,1500.0,1077.5
579,9.648101218701528,194,1434,481,1506,337.5,1470.0,1047.5
580,9.664764605953172,198,1384,478,1462,338.0,1423.0,1000.5
581,9.681427993204816,212,1291,477,1400,344.5,1345.5,923.0
582,9.698091380456459,223,1222,471,1328,347.0,1275.0,852.5
583,9.714754767708103,226,1143,471,1242,348.5,1192.5,770.0
584,9.731418154959746,232,1042,478,1151,355.0,1096.5,674.0
585,9.74808154221139,236,950,466,1056,351.0,1003.0,580.5
586,9.764744929463033,238,856,467,954,352.5,905.0,482.5
587,9.781408316714677,236,752,474,855,355.0,803.5,381.0
588,9.79807170396632,233,654,478,756,355.5,705.0,282.5
589,9.814735091217964,230,572,484,670,357.0,621.0,198.5
590,9.831398478469607,222,512,489,599,355.5,555.5,133.0
591,9.84806186572125,212,462,496,546,354.0,504.0,81.5
592,9.864725252972894,206,433,497,510,351.5,471.5,49.0
593,9.881388640224536,200,418,498,492,349.0,455.0,32.5
594,9.89805202747618,199,418,496,494,347.5,456.0,33.5
595,9.914715414727823,197,430,490,515,343.5,472.5,50.0
596,9.931378801979466,206,471,485,552,345.5,511.5,89.0
597,9.94804218923111,206,520,478,602,342.0,561.0,138.5
598,9.964705576482753,215,577,470,667,342.5,622.0,199.5
599,9.981368963734397,222,650,463,748,342.5,699.0,276.5
600,9.99803235098604,222,739,457,841,339.5,790.0,367.5
601,10.014695738237684,216,841,455,946,335.5,893.5,471.0
602,10.031359125489328,221,954,447,1046,334.0,1000.0,577.5
603,10.048022512740971,214,1047,452,1152,333.0,1099.5,677.0
604,10.064685899992615,213,1145,450,1240,331.5,1192.5,770.0
605,10.081349287244258,208,1236,450,1327,329.0,1281.5,859.0
606,10.098012674495902,194,1325,459,1400,326.5,1362.5,940.0
607,10.114676061747545,188,1383,464,1454,326.0,1418.5,996.0
608,10.131339448999187,187,1424,471,1495,329.0,1459.5,1037.0
609,10.14800283625083,182,1450,474,1520,328.0,1485.0,1062.5
610,10.164666223502474,182,1464,477,1532,329.5,1498.0,1075.5
611,10.181329610754117,184,1456,479,1524,331.5,1490.0,1067.5
612,10.19799299800576,191,1426,475,1498,333.0,1462.0,1039.5
613,10.214656385257404,204,1377,476,1451,340.0,1414.0,991.5
614,10.231319772509048,215,1299,467,1385,341.0,1342.0,919.5
615,10.247983159760691,220,1210,461,1309,340.5,1259.5,837.0
616,10.264646547012335,224,1118,460,1218,342.0,1168.0,745.5
617,10.281309934263978,225,1032,460,1120,342.5,1076.0,653.5
618,10.297973321515622,232,928,470,1017,351.0,972.5,550.0
619,10.314636708767265,228,825,468,919,348.0,872.0,449.5
620,10.331300096018909,232,731,468,828,350.0,779.5,357.0
621,10.347963483270552,224,646,482,745,353.0,695.5,273.0
622,10.364626870522196,220,560,480,666,350.0,613.0,190.5
623,10.38129025777384,217,517,486,601,351.5,559.0,136.5
624,10.397953645025481,210,452,495,544,352.5,498.0,75.5
625,10.414617032277125,206,425,501,510,353.5,467.5,45.0
626,10.431280419528768,204,421,503,495,353.5,458.0,35.5
627,10.447943806780412,205,424,503,498,354.0,461.0,38.5
628,10.464607194032055,207,433,498,520,352.5,476.5,54.0
629,10.481270581283699,216,470,489,563,352.5,516.5,94.0
630,10.497933968535342,217,527,478,628,347.5,577.5,155.0
631,10.514597355786986,218,600,472,703,345.0,651.5,229.0
632,10.53126074303863,217,671,465,786,341.0,728.5,306.0
633,10.547924130290273,218,765,462,877,340.0,821.0,398.5
634,10.564587517541916,222,867,464,968,343.0,917.5,495.0
635,10.58125090479356,220,969,450,1065,335.0,1017.0,594.5
636,10.597914292045203,209,1059,460,1161,334.5,1110.0,687.5
637,10.614577679296847,209,1156,462,1252,335.5,1204.0,781.5
638,10.63124106654849,206,1247,461,1335,333.5,1291.0,868.5
639,10.647904453800134,206,1320,462,1406,334.0,1363.0,940.5
640,10.664567841051776,197,1383,466,1467,331.5,1425.0,1002.5
641,10.68123122830342,184,1440,473,1508,328.5,1474.0,1051.5
642,10.697894615555063,178,1461,475,1528,326.5,1494.5,1072.0
643,10.714558002806706,177,1462,473,1529,325.0,1495.5,1073.0
644,10.73122139005835,182,1435,472,1508,327.0,1471.5,1049.0
645,10.747884777309993,190,1395,467,1470,328.5,1432.5,1010.0
646,10.764548164561637,193,1348,468,1420,330.5,1384.0,961.5
647,10.78121155181328,200,1277,465,1357,332.5,1317.0,894.5
648,10.797874939064924,211,1196,457,1283,334.0,1239.5,817.0
649,10.814538326316567,216,1097,456,1194,336.0,1145.5,723.0
650,10.83120171356821,223,993,456,1104,339.5,1048.5,626.0
651,10.847865100819854,219,906,460,1012,339.5,959.0,536.5
652,10.864528488071498,225,799,462,909,343.5,854.0,431.5
653,10.881191875323141,226,696,464,810,345.0,753.0,330.5
654,10.897855262574785,224,611,472,718,348.0,664.5,242.0
655,10.914518649826428,219,543,482,641,350.5,592.0,169.5
656,10.93118203707807,216,497,489,583,352.5,540.0,117.5
657,10.947845424329714,206,456,496,542,351.0,499.0,76.5
658,10.964508811581357,201,442,500,517,350.5,479.5,57.0
659,10.981172198833,202,435,498,507,350.0,471.0,48.5
660,10.997835586084644,205,443,501,516,353.0,479.5,57.0
661,11.014498973336288,208,466,496,543,352.0,504.5,82.0
662,11.031162360587931,215,499,493,586,354.0,542.5,120.0
663,11.047825747839575,226,559,484,643,355.0,601.0,178.5
664,11.064489135091218,228,605,481,716,354.5,660.5,238.0
665,11.081152522342862,238,705,472,800,355.0,752.5,330.0
666,11.097815909594505,240,795,467,894,353.5,844.5,422.0
667,11.114479296846149,232,892,458,999,345.0,945.5,523.0
668,11.131142684097792,222,1000,461,1096,341.5,1048.0,625.5
669,11.147806071349436,223,1095,472,1192,347.5,1143.5,721.0
670,11.16446945860108,216,1183,463,1276,339.5,1229.5,807.0
671,11.181132845852721,201,1266,467,1352,334.0,1309.0,886.5
672,11.197796233104365,200,1338,472,1416,336.0,1377.0,954.5
673,11.214459620356008,190,1390,475,1463,332.5,1426.5,1004.0
674,11.231123007607652,184,1425,476,1496,330.0,1460.5,1038.0
675,11.247786394859295,181,1445,477,1514,329.0,1479.5,1057.0
676,11.264449782110939,181,1449,477,1518,329.0,1483.5,1061.0
677,11.281113169362582,184,1432,475,1500,329.5,1466.0,1043.5
678,11.297776556614226,191,1395,468,1468,329.5,1431.5,1009.0
679,11.31443994386587,200,1316,462,1409,331.0,1362.5,940.0
680,11.331103331117513,208,1245,456,1343,332.0,1294.0,871.5
681,11.347766718369156,209,1175,461,1258,335.0,1216.5,794.0
682,11.3644301056208,210,1057,455,1171,332.5,1114.0,691.5
683,11.381093492872443,216,967,451,1069,333.5,1018.0,595.5
684,11.397756880124087,214,885,456,975,335.0,930.0,507.5
685,11.41442026737573,213,787,460,884,336.5,835.5,413.0
686,11.431083654627374,216,700,465,798,340.5,749.0,326.5
687,11.447747041879015,213,609,471,716,342.0,662.5,240.0
688,11.464410429130659,211,550,474,647,342.5,598.5,176.0
689,11.481073816382303,206,482,484,584,345.0,533.0,110.5
690,11.497737203633946,205,460,494,538,349.5,499.0,76.5
691,11.51440059088559,201,440,497,514,349.0,477.0,54.5
692,11.531063978137233,201,436,499,510,350.0,473.0,50.5
693,11.547727365388877,204,448,497,523,350.5,485.5,63.0
694,11.56439075264052,209,468,495,554,352.0,511.0,88.5
695,11.581054139892164,218,510,489,605,353.5,557.5,135.0
696,11.597717527143807,224,573,486,673,355.0,623.0,200.5
697,11.61438091439545,227,646,475,752,351.0,699.0,276.5
698,11.631044301647094,231,729,481,833,356.0,781.0,358.5
699,11.647707688898738,227,821,474,921,350.5,871.0,448.5
700,11.664371076150381,234,910,468,1016,351.0,963.0,540.5
701,11.681034463402025,232,1006,468,1107,350.0,1056.5,634.0
702,11.697697850653668,226,1098,472,1199,349.0,1148.5,726.0
703,11.71436123790531,223,1201,476,1288,349.5,1244.5,822.0
704,11.731024625156953,216,1265,473,1362,344.5,1313.5,891.0
705,11.747688012408597,210,1343,477,1427,343.5,1385.0,962.5
706,11.76435139966024,197,1404,479,1476,338.0,1440.0,1017.5
707,11.781014786911884,185,1432,481,1505,333.0,1468.5,1046.0
708,11.797678174163527,183,1448,479,1514,331.0,1481.0,1058.5
709,11.814341561415171,182,1436,475,1505,328.5,1470.5,1048.0
710,11.831004948666815,188,1406,472,1476,330.0,1441.0,1018.5
711,11.847668335918458,193,1356,470,1436,331.5,1396.0,973.5
712,11.864331723170102,195,1291,461,1384,328.0,1337.5,915.0
713,11.880995110421745,198,1219,456,1321,327.0,1270.0,847.5
714,11.897658497673389,206,1138,456,1240,331.0,1189.0,766.5
715,11.914321884925032,208,1047,456,1147,332.0,1097.0,674.5
716,11.930985272176676,210,951,448,1052,329.0,1001.5,579.0
717,11.947648659428319,217,858,454,959,335.5,908.5,486.0
718,11.964312046679963,217,759,453,860,335.0,809.5,387.0
719,11.980975433931604,206,675,458,775,332.0,725.0,302.5
720,11.997638821183248,207,598,469,689,338.0,643.5,221.0
721,12.014302208434891,202,537,471,623,336.5,580.0,157.5
722,12.030965595686535,194,497,481,576,337.5,536.5,114.0
723,12.047628982938178,192,469,487,545,339.5,507.0,84.5
724,12.064292370189822,193,453,491,527,342.0,490.0,67.5
725,12.080955757441465,195,452,491,525,343.0,488.5,66.0
726,12.097619144693109,202,466,494,540,348.0,503.0,80.5
727,12.114282531944752,208,480,495,572,351.5,526.0,103.5
728,12.130945919196396,216,536,489,622,352.5,579.0,156.5
729,12.14760930644804,226,594,483,686,354.5,640.0,217.5
730,12.164272693699683,236,665,480,761,358.0,713.0,290.5
731,12.180936080951327,238,751,474,852,356.0,801.5,379.0
732,12.19759946820297,238,844,473,947,355.5,895.5,473.0
733,12.214262855454614,233,954,472,1047,352.5,1000.5,578.0
734,12.230926242706257,231,1052,477,1142,354.0,1097.0,674.5
735,12.247589629957899,226,1135,478,1226,352.0,1180.5,758.0
736,12.264253017209542,224,1217,482,1303,353.0,1260.0,837.5
737,12.280916404461186,216,1278,481,1373,348.5,1325.5,903.0
738,12.29757979171283,209,1352,484,1425,346.5,1388.5,966.0
739,12.314243178964473,200,1397,485,1467,342.5,1432.0,1009.5
740,12.330906566216116,196,1423,488,1494,342.0,1458.5,1036.0
741,12.34756995346776,192,1437,488,1504,340.0,1470.5,1048.0
742,12.364233340719403,190,1427,485,1498,337.5,1462.5,1040.0
743,12.380896727971047,194,1401,481,1472,337.5,1436.5,1014.0
744,12.39756011522269,196,1344,467,1430,331.5,1387.0,964.5
745,12.414223502474334,200,1279,463,1367,331.5,1323.0,900.5
746,12.430886889725977,201,1198,452,1291,326.5,1244.5,822.0
747,12.447550276977621,207,1095,449,1207,328.0,1151.0,728.5
748,12.464213664229264,208,1007,451,1122,329.5,1064.5,642.0
749,12.480877051480908,205,925,448,1028,326.5,976.5,554.0
750,12.49754043873255,209,833,453,932,331.0,882.5,460.0
751,12.514203825984193,206,744,456,850,331.0,797.0,374.5
752,12.530867213235837,201,664,455,764,328.0,714.0,291.5
753,12.54753060048748,204,595,464,688,334.0,641.5,219.0
754,12.564193987739124,199,521,472,627,335.5,574.0,151.5
755,12.580857374990767,196,492,477,573,336.5,532.5,110.0
756,12.59752076224241,190,462,483,535,336.5,498.5,76.0
757,12.614184149494054,188,448,486,523,337.0,485.5,63.0
758,12.630847536745698,191,452,488,530,339.5,491.0,68.5
759,12.647510923997341,197,474,488,552,342.5,513.0,90.5
760,12.664174311248985,208,503,482,592,345.0,547.5,125.0
761,12.680837698500628,213,553,476,649,344.5,601.0,178.5
762,12.697501085752272,217,606,480,719,348.5,662.5,240.0
763,12.714164473003915,232,691,476,797,354.0,744.0,321.5
764,12.730827860255559,233,773,472,881,352.5,827.0,404.5
765,12.747491247507202,233,864,478,969,355.5,916.5,494.0
766,12.764154634758844,236,955,486,1056,361.0,1005.5,583.0
767,12.780818022010488,238,1051,477,1151,357.5,1101.0,678.5
768,12.797481409262131,238,1140,477,1242,357.5,1191.0,768.5
769,12.814144796513775,228,1221,481,1320,354.5,1270.5,848.0
770,12.830808183765418,216,1295,488,1388,352.0,1341.5,919.0
771,12.847471571017062,211,1361,492,1438,351.5,1399.5,977.0
772,12.864134958268705,202,1407,493,1479,347.5,1443.0,1020.5
773,12.880798345520349,198,1425,493,1495,345.5,1460.0,1037.5
774,12.897461732771992,197,1426,493,1495,345.0,1460.5,1038.0
775,12.914125120023636,195,1407,487,1478,341.0,1442.5,1020.0
776,12.93078850727528,198,1370,481,1444,339.5,1407.0,984.5
777,12.947451894526923,201,1319,477,1397,339.0,1358.0,935.5
778,12.964115281778566,200,1254,472,1343,336.0,1298.5,876.0
779,12.98077866903021,211,1154,470,1273,340.5,1213.5,791.0
780,12.997442056281853,209,1102,460,1191,334.5,1146.5,724.0
781,13.014105443533497,210,1002,455,1102,332.5,1052.0,629.5
782,13.030768830785139,207,910,450,1007,328.5,958.5,536.0
783,13.047432218036782,213,816,452,913,332.5,864.5,442.0
784,13.064095605288426,206,724,452,823,329.0,773.5,351.0
785,13.08075899254007,198,637,454,736,326.0,686.5,264.0
786,13.097422379791713,196,574,458,665,327.0,619.5,197.0
787,13.114085767043356,190,522,468,609,329.0,565.5,143.0
788,13.130749154295,182,498,473,572,327.5,535.0,112.5
789,13.147412541546643,182,476,479,551,330.5,513.5,91.0
790,13.164075928798287,183,465,482,538,332.5,501.5,79.0
791,13.18073931604993,186,469,483,544,334.5,506.5,84.0
792,13.197402703301574,192,489,482,566,337.0,527.5,105.0
793,13.214066090553217,202,517,481,607,341.5,562.0,139.5
794,13.23072947780486,209,569,481,664,345.0,616.5,194.0
795,13.247392865056504,222,634,471,736,346.5,685.0,262.5
796,13.264056252308148,226,708,471,814,348.5,761.0,338.5
797,13.280719639559791,232,810,467,904,349.5,857.0,434.5
798,13.297383026811433,230,894,473,999,351.5,946.5,524.0
799,13.314046414063077,233,989,471,1096,352.0,1042.5,620.0
800,13.33070980131472,230,1072,478,1178,354.0,1125.0,702.5
801,13.347373188566364,230,1175,491,1256,360.5,1215.5,793.0
802,13.364036575818007,225,1246,488,1327,356.5,1286.5,864.0
803,13.38069996306965,222,1306,488,1391,355.0,1348.5,926.0
804,13.397363350321294,214,1362,498,1436,356.0,1399.0,976.5
805,13.414026737572938,207,1400,498,1469,352.5,1434.5,1012.0
806,13.430690124824581,203,1418,499,1488,351.0,1453.0,1030.5
807,13.447353512076225,202,1419,499,1488,350.5,1453.5,1031.0
808,13.464016899327868,199,1402,493,1471,346.0,1436.5,1014.0
809,13.480680286579512,201,1366,484,1438,342.5,1402.0,979.5
810,13.497343673831155,208,1308,472,1389,340.0,1348.5,926.0
811,13.514007061082799,216,1225,467,1315,341.5,1270.0,847.5
812,13.530670448334442,213,1152,466,1239,339.5,1195.5,773.0
813,13.547333835586086,208,1063,459,1155,333.5,1109.0,686.5
814,13.563997222837727,212,977,451,1070,331.5,1023.5,601.0
815,13.580660610089371,211,879,455,979,333.0,929.0,506.5
816,13.597323997341014,209,786,459,893,334.0,839.5,417.0
817,13.613987384592658,208,697,459,810,333.5,753.5,331.0
818,13.630650771844302,200,627,457,736,328.5,681.5,259.0
819,13.647314159095945,194,573,465,662,329.5,617.5,195.0
820,13.663977546347589,191,520,471,608,331.0,564.0,141.5
821,13.680640933599232,184,485,470,565,327.0,525.0,102.5
822,13.697304320850876,179,466,475,540,327.0,503.0,80.5
823,13.713967708102519,179,464,476,539,327.5,501.5,79.0
824,13.730631095354163,184,480,476,554,330.0,517.0,94.5
825,13.747294482605806,192,493,477,586,334.5,539.5,117.0
826,13.76395786985745,200,541,471,633,335.5,587.0,164.5
827,13.780621257109093,207,594,469,694,338.0,644.0,221.5
828,13.797284644360737,216,651,472,764,344.0,707.5,285.0
829,13.813948031612378,218,751,466,843,342.0,797.0,374.5
830,13.830611418864022,225,840,469,928,347.0,884.0,461.5
831,13.847274806115665,226,918,475,1014,350.5,966.0,543.5
832,13.863938193367309,231,1009,474,1099,352.5,1054.0,631.5
833,13.880601580618952,237,1088,478,1193,357.5,1140.5,718.0
834,13.897264967870596,227,1161,481,1274,354.0,1217.5,795.0
835,13.91392835512224,224,1254,488,1345,356.0,1299.5,877.0
836,13.930591742373883,216,1327,494,1404,355.0,1365.5,943.0
837,13.947255129625526,209,1374,498,1446,353.5,1410.0,987.5
838,13.96391851687717,206,1401,500,1471,353.0,1436.0,1013.5
839,13.980581904128814,205,1412,501,1479,353.0,1445.5,1023.0
840,13.997245291380457,204,1402,500,1472,352.0,1437.0,1014.5
841,14.0139086786321,210,1377,497,1450,353.5,1413.5,991.0
842,14.030572065883744,212,1336,489,1408,350.5,1372.0,949.5
843,14.047235453135388,214,1280,487,1357,350.5,1318.5,896.0
844,14.063898840387031,216,1186,479,1300,347.5,1243.0,820.5
845,14.080562227638673,220,1123,474,1226,347.0,1174.5,752.0
846,14.097225614890316,217,1046,464,1143,340.5,1094.5,672.0
847,14.11388900214196,219,939,463,1049,341.0,994.0,571.5
848,14.130552389393603,208,854,452,959,330.0,906.5,484.0
849,14.147215776645247,211,772,454,865,332.5,818.5,396.0
850,14.16387916389689,204,695,457,784,330.5,739.5,317.0
851,14.180542551148534,198,616,461,710,329.5,663.0,240.5
852,14.197205938400177,193,556,466,649,329.5,602.5,180.0
853,14.213869325651821,184,521,472,602,328.0,561.5,139.0
854,14.230532712903464,179,500,475,572,327.0,536.0,113.5
855,14.247196100155108,177,484,476,559,326.5,521.5,99.0
856,14.263859487406751,179,482,476,556,327.5,519.0,96.5
857,14.280522874658395,181,491,478,567,329.5,529.0,106.5
858,14.297186261910038,190,509,473,598,331.5,553.5,131.0
859,14.313849649161682,199,562,468,644,333.5,603.0,180.5
860,14.330513036413326,198,600,464,710,331.0,655.0,232.5
861,14.347176423664967,210,680,458,784,334.0,732.0,309.5
862,14.36383981091661,215,765,462,863,338.5,814.0,391.5
863,14.380503198168254,217,852,466,954,341.5,903.0,480.5
864,14.397166585419898,223,945,458,1046,340.5,995.5,573.0
865,14.413829972671541,220,1021,472,1134,346.0,1077.5,655.0
866,14.430493359923185,222,1124,478,1213,350.0,1168.5,746.0
867,14.447156747174828,222,1190,480,1283,351.0,1236.5,814.0
868,14.463820134426472,218,1264,493,1346,355.5,1305.0,882.5
869,14.480483521678115,221,1327,495,1400,358.0,1363.5,941.0
870,14.497146908929759,211,1371,498,1440,354.5,1405.5,983.0
871,14.513810296181402,208,1398,499,1469,353.5,1433.5,1011.0
872,14.530473683433046,206,1408,501,1475,353.5,1441.5,1019.0
873,14.54713707068469,206,1398,500,1466,353.0,1432.0,1009.5
874,14.563800457936333,209,1370,499,1440,354.0,1405.0,982.5
875,14.580463845187976,216,1320,489,1398,352.5,1359.0,936.5
876,14.59712723243962,217,1230,482,1338,349.5,1284.0,861.5
877,14.613790619691262,226,1176,479,1268,352.5,1222.0,799.5
878,14.630454006942905,228,1096,473,1189,350.5,1142.5,720.0
879,14.647117394194549,221,1016,474,1109,347.5,1062.5,640.0
880,14.663780781446192,223,924,468,1024,345.5,974.0,551.5
881,14.680444168697836,219,829,469,938,344.0,883.5,461.0
882,14.69710755594948,214,760,470,857,342.0,808.5,386.0
883,14.713770943201123,208,671,467,773,337.5,722.0,299.5
884,14.730434330452766,201,598,465,702,333.0,650.0,227.5
885,14.74709771770441,198,552,470,643,334.0,597.5,175.0
886,14.763761104956053,192,504,472,596,332.0,550.0,127.5
887,14.780424492207697,180,488,475,564,327.5,526.0,103.5
888,14.79708787945934,176,478,477,552,326.5,515.0,92.5
889,14.813751266710984,177,485,475,558,326.0,521.5,99.0
890,14.830414653962627,179,506,472,586,325.5,546.0,123.5
891,14.84707804121427,185,529,470,624,327.5,576.5,154.0
892,14.863741428465914,192,569,471,677,331.5,623.0,200.5
893,14.880404815717556,200,632,463,737,331.5,684.5,262.0
894,14.8970682029692,208,703,462,809,335.0,756.0,333.5
895,14.913731590220843,211,786,462,888,336.5,837.0,414.5
896,14.930394977472487,211,877,456,974,333.5,925.5,503.0
897,14.94705836472413,215,952,461,1059,338.0,1005.5,583.0
898,14.963721751975774,222,1046,464,1145,343.0,1095.5,673.0
899,14.980385139227417,222,1116,468,1230,345.0,1173.0,750.5
900,14.99704852647906,216,1202,476,1305,346.0,1253.5,831.0
901,15.013711913730704,210,1291,478,1367,344.0,1329.0,906.5
902,15.030375300982348,202,1343,491,1414,346.5,1378.5,956.0
903,15.047038688233991,203,1374,495,1444,349.0,1409.0,986.5
904,15.063702075485635,203,1392,499,1460,351.0,1426.0,1003.5
905,15.080365462737278,203,1392,499,1460,351.0,1426.0,1003.5
906,15.097028849988922,207,1377,502,1447,354.5,1412.0,989.5
907,15.113692237240565,212,1345,499,1418,355.5,1381.5,959.0
908,15.130355624492207,219,1300,490,1373,354.5,1336.5,914.0
909,15.14701901174385,222,1239,488,1318,355.0,1278.5,856.0
910,15.163682398995494,225,1165,484,1256,354.5,1210.5,788.0
911,15.180345786247138,230,1080,480,1176,355.0,1128.0,705.5
912,15.197009173498781,224,979,470,1090,347.0,1034.5,612.0
913,15.213672560750425,226,897,463,1002,344.5,949.5,527.0
914,15.230335948002068,223,812,470,909,346.5,860.5,438.0
915,15.246999335253712,221,733,470,826,345.5,779.5,357.0
916,15.263662722505355,213,645,471,751,342.0,698.0,275.5
917,15.280326109756999,201,592,474,689,337.5,640.5,218.0
918,15.296989497008642,197,552,481,634,339.0,593.0,170.5
919,15.313652884260286,190,518,481,599,335.5,558.5,136.0
920,15.33031627151193,184,503,481,578,332.5,540.5,118.0
921,15.346979658763573,182,495,481,568,331.5,531.5,109.0
922,15.363643046015216,181,498,479,573,330.0,535.5,113.0
923,15.38030643326686,183,518,475,592,329.0,555.0,132.5
924,15.396969820518501,185,550,464,629,324.5,589.5,167.0
925,15.413633207770145,194,592,461,686,327.5,639.0,216.5
926,15.430296595021789,202,657,457,755,329.5,706.0,283.5
927,15.446959982273432,199,730,458,834,328.5,782.0,359.5
928,15.463623369525076,205,830,456,917,330.5,873.5,451.0
929,15.480286756776719,209,900,456,1002,332.5,951.0,528.5
930,15.496950144028363,206,986,459,1088,332.5,1037.0,614.5
931,15.513613531280006,209,1081,462,1178,335.5,1129.5,707.0
932,15.53027691853165,209,1161,471,1244,340.0,1202.5,780.0
933,15.546940305783293,210,1222,476,1307,343.0,1264.5,842.0
934,15.563603693034937,206,1290,481,1364,343.5,1327.0,904.5
935,15.58026708028658,205,1337,486,1409,345.5,1373.0,950.5
936,15.596930467538224,200,1373,491,1443,345.5,1408.0,985.5
937,15.613593854789867,198,1393,493,1460,345.5,1426.5,1004.0
938,15.63025724204151,199,1392,494,1458,346.5,1425.0,1002.5
939,15.646920629293154,206,1368,495,1438,350.5,1403.0,980.5
940,15.663584016544796,212,1330,494,1406,353.0,1368.0,945.5
941,15.68024740379644,217,1268,494,1356,355.5,1312.0,889.5
942,15.696910791048083,227,1200,485,1289,356.0,1244.5,822.0
943,15.713574178299726,229,1123,483,1215,356.0,1169.0,746.5
944,15.73023756555137,232,1050,479,1141,355.5,1095.5,673.0
945,15.746900952803013,230,964,479,1058,354.5,1011.0,588.5
946,15.763564340054657,230,872,480,984,355.0,928.0,505.5
947,15.7802277273063,227,790,473,898,350.0,844.0,421.5
948,15.796891114557944,217,722,476,820,346.5,771.0,348.5
949,15.813554501809588,217,642,479,744,348.0,693.0,270.5
950,15.830217889061231,209,590,479,677,344.0,633.5,211.0
951,15.846881276312875,201,545,484,628,342.5,586.5,164.0
952,15.863544663564518,192,516,484,590,338.0,553.0,130.5
953,15.880208050816162,187,496,485,570,336.0,533.0,110.5
954,15.896871438067805,187,495,485,568,336.0,531.5,109.0
955,15.913534825319449,184,511,480,585,332.0,548.0,125.5
956,15.93019821257109,189,526,474,616,331.5,571.0,148.5
957,15.946861599822734,190,569,472,662,331.0,615.5,193.0
958,15.963524987074377,197,612,472,715,334.5,663.5,241.0
959,15.980188374326021,200,666,463,779,331.5,722.5,300.0
960,15.996851761577664,201,760,454,856,327.5,808.0,385.5
961,16.01351514882931,207,836,457,933,332.0,884.5,462.0
962,16.030178536080953,205,926,457,1025,331.0,975.5,553.0
963,16.046841923332597,206,1012,458,1107,332.0,1059.5,637.0
964,16.063505310584237,208,1086,461,1186,334.5,1136.0,713.5
965,16.08016869783588,204,1175,459,1262,331.5,1218.5,796.0
966,16.096832085087524,203,1248,465,1329,334.0,1288.5,866.0
967,16.113495472339167,200,1303,477,1380,338.5,1341.5,919.0
968,16.13015885959081,195,1346,483,1419,339.0,1382.5,960.0
969,16.146822246842454,193,1369,488,1438,340.5,1403.5,981.0
970,16.163485634094098,194,1376,489,1445,341.5,1410.5,988.0
971,16.18014902134574,197,1370,491,1439,344.0,1404.5,982.0
972,16.196812408597385,200,1351,492,1421,346.0,1386.0,963.5
973,16.21347579584903,209,1314,487,1384,348.0,1349.0,926.5
974,16.230139183100672,211,1264,484,1335,347.5,1299.5,877.0
975,16.246802570352315,216,1193,482,1276,349.0,1234.5,812.0
976,16.26346595760396,224,1112,481,1208,352.5,1160.0,737.5
977,16.280129344855602,230,1032,476,1129,353.0,1080.5,658.0
978,16.296792732107246,227,943,473,1042,350.0,992.5,570.0
979,16.31345611935889,227,851,472,952,349.5,901.5,479.0
980,16.330119506610533,226,767,478,869,352.0,818.0,395.5
981,16.346782893862176,219,681,483,793,351.0,737.0,314.5
982,16.36344628111382,216,633,485,729,350.5,681.0,258.5
983,16.380109668365463,210,581,488,671,349.0,626.0,203.5
984,16.396773055617107,205,540,489,628,347.0,584.0,161.5
985,16.41343644286875,196,523,492,597,344.0,560.0,137.5
986,16.430099830120394,191,509,490,583,340.5,546.0,123.5
987,16.446763217372038,190,508,489,582,339.5,545.0,122.5
988,16.46342660462368,187,518,485,594,336.0,556.0,133.5
989,16.480089991875325,194,542,481,624,337.5,583.0,160.5
990,16.496753379126968,194,582,474,669,334.0,625.5,203.0
991,16.51341676637861,199,638,463,731,331.0,684.5,262.0
992,16.530080153630255,209,705,462,808,335.5,756.5,334.0
993,16.5467435408819,208,786,458,888,333.0,837.0,414.5
994,16.563406928133542,208,875,465,965,336.5,920.0,497.5
995,16.580070315385182,206,952,456,1046,331.0,999.0,576.5
996,16.596733702636826,210,1037,457,1128,333.5,1082.5,660.0
997,16.61339708988847,202,1107,460,1202,331.0,1154.5,732.0
998,16.630060477140113,200,1186,469,1268,334.5,1227.0,804.5
999,16.646723864391756,200,1254,467,1328,333.5,1291.0,868.5
1000,16.6633872516434,194,1306,472,1379,333.0,1342.5,920.0
1001,16.680050638895043,191,1346,479,1416,335.0,1381.0,958.5
1002,16.696714026146687,187,1375,482,1441,334.5,1408.0,985.5
1003,16.71337741339833,188,1380,485,1448,336.5,1414.0,991.5
1004,16.730040800649974,193,1361,485,1435,339.0,1398.0,975.5
1005,16.746704187901617,199,1333,486,1406,342.5,1369.5,947.0
1006,16.76336757515326,201,1288,487,1366,344.0,1327.0,904.5
1007,16.780030962404904,210,1235,480,1313,345.0,1274.0,851.5
1008,16.796694349656548,214,1147,481,1244,347.5,1195.5,773.0
1009,16.81335773690819,223,1078,479,1174,351.0,1126.0,703.5
1010,16.830021124159835,226,1004,477,1095,351.5,1049.5,627.0
1011,16.84668451141148,222,927,473,1017,347.5,972.0,549.5
1012,16.863347898663122,217,836,478,937,347.5,886.5,464.0
1013,16.880011285914765,224,762,481,862,352.5,812.0,389.5
1014,16.89667467316641,222,687,479,785,350.5,736.0,313.5
1015,16.913338060418052,216,619,481,712,348.5,665.5,243.0
1016,16.930001447669696,208,567,488,657,348.0,612.0,189.5
1017,16.94666483492134,200,544,495,617,347.5,580.5,158.0
1018,16.963328222172983,199,520,496,593,347.5,556.5,134.0
1019,16.979991609424626,196,510,495,583,345.5,546.5,124.0
1020,16.99665499667627,195,516,494,590,344.5,553.0,130.5
1021,17.013318383927913,198,538,489,614,343.5,576.0,153.5
1022,17.029981771179557,203,558,483,650,343.0,604.0,181.5
1023,17.0466451584312,206,602,478,697,342.0,649.5,227.0
1024,17.063308545682844,206,645,477,759,341.5,702.0,279.5
1025,17.079971932934487,202,732,466,822,334.0,777.0,354.5
1026,17.09663532018613,211,809,459,902,335.0,855.5,433.0
1027,17.11329870743777,214,882,454,978,334.0,930.0,507.5
1028,17.129962094689414,210,958,455,1066,332.5,1012.0,589.5
1029,17.146625481941058,208,1052,458,1146,333.0,1099.0,676.5
1030,17.1632888691927,206,1131,462,1224,334.0,1177.5,755.0
1031,17.179952256444345,198,1207,465,1291,331.5,1249.0,826.5
1032,17.19661564369599,199,1272,472,1349,335.5,1310.5,888.0
1033,17.213279030947632,190,1318,472,1390,331.0,1354.0,931.5
1034,17.229942418199276,184,1348,480,1417,332.0,1382.5,960.0
1035,17.24660580545092,187,1362,480,1430,333.5,1396.0,973.5
1036,17.263269192702563,187,1361,481,1430,334.0,1395.5,973.0
1037,17.279932579954206,187,1347,482,1417,334.5,1382.0,959.5
1038,17.29659596720585,192,1320,480,1392,336.0,1356.0,933.5
1039,17.313259354457493,201,1269,473,1352,337.0,1310.5,888.0
1040,17.329922741709137,201,1214,472,1294,336.5,1254.0,831.5
1041,17.34658612896078,208,1145,474,1228,341.0,1186.5,764.0
1042,17.363249516212424,216,1060,466,1158,341.0,1109.0,686.5
1043,17.379912903464067,223,967,468,1075,345.5,1021.0,598.5
1044,17.39657629071571,222,888,472,990,347.0,939.0,516.5
1045,17.413239677967354,223,802,473,909,348.0,855.5,433.0
1046,17.429903065218998,221,727,480,830,350.5,778.5,356.0
1047,17.44656645247064,216,675,485,765,350.5,720.0,297.5
1048,17.463229839722285,213,618,491,708,352.0,663.0,240.5
1049,17.479893226973928,208,571,493,660,350.5,615.5,193.0
1050,17.49655661422557,202,546,496,623,349.0,584.5,162.0
1051,17.513220001477215,200,527,496,600,348.0,563.5,141.0
1052,17.52988338872886,198,519,497,593,347.5,556.0,133.5
1053,17.546546775980502,196,525,495,600,345.5,562.5,140.0
1054,17.563210163232146,199,546,494,622,346.5,584.0,161.5
1055,17.57987355048379,207,560,486,660,346.5,610.0,187.5
1056,17.596536937735433,209,629,481,712,345.0,670.5,248.0
1057,17.613200324987076,215,677,476,781,345.5,729.0,306.5
1058,17.629863712238716,215,756,466,855,340.5,805.5,383.0
1059,17.64652709949036,212,827,472,934,342.0,880.5,458.0
1060,17.663190486742003,211,919,467,1011,339.0,965.0,542.5
1061,17.679853873993647,211,990,467,1088,339.0,1039.0,616.5
1062,17.69651726124529,209,1071,465,1162,337.0,1116.5,694.0
1063,17.713180648496934,205,1138,463,1234,334.0,1186.0,763.5
1064,17.729844035748577,200,1219,475,1299,337.5,1259.0,836.5
1065,17.74650742300022,194,1274,477,1350,335.5,1312.0,889.5
1066,17.763170810251864,190,1316,476,1392,333.0,1354.0,931.5
1067,17.779834197503508,184,1351,478,1419,331.0,1385.0,962.5
1068,17.79649758475515,183,1365,479,1436,331.0,1400.5,978.0
1069,17.813160972006795,184,1363,478,1432,331.0,1397.5,975.0
1070,17.82982435925844,188,1338,479,1408,333.5,1373.0,950.5
1071,17.846487746510082,196,1296,474,1370,335.0,1333.0,910.5
1072,17.863151133761725,200,1247,472,1322,336.0,1284.5,862.0
1073,17.87981452101337,201,1183,470,1267,335.5,1225.0,802.5
1074,17.896477908265013,209,1108,471,1200,340.0,1154.0,731.5
1075,17.913141295516656,211,1039,468,1127,339.5,1083.0,660.5
1076,17.9298046827683,210,950,468,1056,339.0,1003.0,580.5
1077,17.946468070019943,210,856,468,974,339.0,915.0,492.5
1078,17.963131457271587,214,803,472,898,343.0,850.5,428.0
1079,17.97979484452323,216,732,473,825,344.5,778.5,356.0
1080,17.996458231774874,216,663,481,755,348.5,709.0,286.5
1081,18.013121619026517,210,602,487,692,348.5,647.0,224.5
1082,18.02978500627816,201,567,491,645,346.0,606.0,183.5
1083,18.046448393529804,200,542,497,616,348.5,579.0,156.5
1084,18.063111780781448,199,527,498,601,348.5,564.0,141.5
1085,18.07977516803309,199,526,498,600,348.5,563.0,140.5
1086,18.096438555284735,202,538,498,616,350.0,577.0,154.5
1087,18.113101942536378,205,567,494,644,349.5,605.5,183.0
1088,18.12976532978802,208,595,493,684,350.5,639.5,217.0
1089,18.146428717039665,211,646,482,738,346.5,692.0,269.5
1090,18.163092104291305,212,698,480,799,346.0,748.5,326.0
1091,18.17975549154295,219,780,480,872,349.5,826.0,403.5
1092,18.196418878794592,221,848,470,943,345.5,895.5,473.0
1093,18.213082266046236,216,928,469,1028,342.5,978.0,555.5
1094,18.22974565329788,218,1018,468,1110,343.0,1064.0,641.5
1095,18.246409040549523,212,1097,471,1188,341.5,1142.5,720.0
1096,18.263072427801166,211,1171,472,1257,341.5,1214.0,791.5
1097,18.27973581505281,205,1237,475,1314,340.0,1275.5,853.0
1098,18.296399202304453,195,1291,478,1361,336.5,1326.0,903.5
1099,18.313062589556097,189,1321,481,1394,335.0,1357.5,935.0
1100,18.32972597680774,185,1346,482,1414,333.5,1380.0,957.5
1101,18.346389364059384,189,1350,480,1418,334.5,1384.0,961.5
1102,18.363052751311027,187,1344,479,1411,333.0,1377.5,955.0
1103,18.37971613856267,184,1324,478,1393,331.0,1358.5,936.0
1104,18.396379525814314,189,1288,472,1361,330.5,1324.5,902.0
1105,18.413042913065958,200,1238,472,1312,336.0,1275.0,852.5
1106,18.4297063003176,202,1175,471,1252,336.5,1213.5,791.0
1107,18.446369687569245,204,1071,460,1184,332.0,1127.5,705.0
1108,18.46303307482089,208,1008,463,1106,335.5,1057.0,634.5
1109,18.479696462072532,213,928,463,1025,338.0,976.5,554.0
1110,18.496359849324175,215,863,464,945,339.5,904.0,481.5
1111,18.51302323657582,216,768,464,874,340.0,821.0,398.5
1112,18.529686623827462,214,712,481,800,347.5,756.0,333.5
1113,18.546350011079106,206,651,482,740,344.0,695.5,273.0
1114,18.56301339833075,200,606,484,694,342.0,650.0,227.5
1115,18.579676785582393,202,573,487,650,344.5,611.5,189.0
1116,18.596340172834037,196,544,493,621,344.5,582.5,160.0
1117,18.61300356008568,196,532,494,606,345.0,569.0,146.5
1118,18.629666947337324,196,533,495,606,345.5,569.5,147.0
1119,18.646330334588967,201,547,496,622,348.5,584.5,162.0
1120,18.66299372184061,204,574,489,653,346.5,613.5,191.0
1121,18.67965710909225,214,615,489,697,351.5,656.0,233.5
1122,18.696320496343894,218,669,483,760,350.5,714.5,292.0
1123,18.712983883595538,217,738,481,826,349.0,782.0,359.5
1124,18.72964727084718,224,805,475,908,349.5,856.5,434.0
1125,18.746310658098825,220,892,478,977,349.0,934.5,512.0
1126,18.762974045350468,220,959,479,1050,349.5,1004.5,582.0
1127,18.77963743260211,219,1032,477,1124,348.0,1078.0,655.5
1128,18.796300819853755,215,1103,478,1197,346.5,1150.0,727.5
1129,18.8129642071054,211,1182,481,1260,346.0,1221.0,798.5
1130,18.829627594357042,205,1244,480,1317,342.5,1280.5,858.0
1131,18.846290981608686,201,1291,482,1364,341.5,1327.5,905.0
1132,18.86295436886033,193,1322,484,1396,338.5,1359.0,936.5
1133,18.879617756111973,190,1346,485,1416,337.5,1381.0,958.5
1134,18.896281143363616,186,1352,483,1421,334.5,1386.5,964.0
1135,18.91294453061526,188,1337,481,1408,334.5,1372.5,950.0
1136,18.929607917866903,192,1306,477,1378,334.5,1342.0,919.5
1137,18.946271305118547,197,1261,471,1335,334.0,1298.0,875.5
1138,18.96293469237019,200,1205,471,1286,335.5,1245.5,823.0
1139,18.979598079621834,196,1150,469,1225,332.5,1187.5,765.0
1140,18.996261466873477,200,1071,463,1157,331.5,1114.0,691.5
1141,19.01292485412512,206,981,461,1086,333.5,1033.5,611.0
1142,19.029588241376764,208,904,460,1008,334.0,956.0,533.5
1143,19.046251628628408,206,839,462,934,334.0,886.5,464.0
1144,19.06291501588005,208,765,464,858,336.0,811.5,389.0
1145,19.079578403131695,206,704,470,789,338.0,746.5,324.0
1146,19.09624179038334,203,644,472,724,337.5,684.0,261.5
1147,19.112905177634982,200,589,481,672,340.5,630.5,208.0
1148,19.129568564886625,194,537,487,638,340.5,587.5,165.0
1149,19.14623195213827,193,546,491,621,342.0,583.5,161.0
1150,19.162895339389912,193,541,492,615,342.5,578.0,155.5
1151,19.179558726641556,195,549,493,622,344.0,585.5,163.0
1152,19.1962221138932,200,569,492,643,346.0,606.0,183.5
1153,19.21288550114484,206,578,490,677,348.0,627.5,205.0
1154,19.229548888396483,210,613,486,722,348.0,667.5,245.0
1155,19.246212275648126,215,681,485,781,350.0,731.0,308.5
1156,19.26287566289977,213,736,474,842,343.5,789.0,366.5
1157,19.279539050151413,223,817,486,913,354.5,865.0,442.5
1158,19.296202437403057,227,901,479,990,353.0,945.5,523.0
1159,19.3128658246547,226,975,481,1072,353.5,1023.5,601.0
1160,19.329529211906344,226,1056,480,1146,353.0,1101.0,678.5
1161,19.346192599157988,219,1132,486,1222,352.5,1177.0,754.5
1162,19.36285598640963,213,1198,487,1279,350.0,1238.5,816.0
1163,19.379519373661275,210,1253,488,1331,349.0,1292.0,869.5
1164,19.396182760912918,201,1294,488,1368,344.5,1331.0,908.5
1165,19.41284614816456,195,1324,489,1393,342.0,1358.5,936.0
1166,19.429509535416205,192,1339,489,1408,340.5,1373.5,951.0
1167,19.44617292266785,192,1337,486,1404,339.0,1370.5,948.0
1168,19.462836309919492,190,1321,484,1390,337.0,1355.5,933.0
1169,19.479499697171136,193,1297,482,1368,337.5,1332.5,910.0
1170,19.49616308442278,198,1249,473,1326,335.5,1287.5,865.0
1171,19.512826471674423,201,1163,469,1272,335.0,1217.5,795.0
1172,19.529489858926066,204,1103,465,1206,334.5,1154.5,732.0
1173,19.54615324617771,209,1040,462,1132,335.5,1086.0,663.5
1174,19.562816633429353,205,970,457,1060,331.0,1015.0,592.5
1175,19.579480020680997,206,894,461,986,333.5,940.0,517.5
1176,19.59614340793264,208,811,462,909,335.0,860.0,437.5
1177,19.612806795184284,200,730,462,838,331.0,784.0,361.5
1178,19.629470182435927,196,669,466,775,331.0,722.0,299.5
1179,19.64613356968757,194,633,473,723,333.5,678.0,255.5
1180,19.662796956939214,193,600,476,680,334.5,640.0,217.5
1181,19.679460344190858,188,568,479,644,333.5,606.0,183.5
1182,19.6961237314425,186,549,484,622,335.0,585.5,163.0
1183,19.712787118694145,188,543,487,617,337.5,580.0,157.5
1184,19.72945050594579,191,552,488,624,339.5,588.0,165.5
1185,19.74611389319743,198,575,487,650,342.5,612.5,190.0
1186,19.762777280449072,205,607,486,692,345.5,649.5,227.0
1187,19.779440667700715,210,634,487,739,348.5,686.5,264.0
1188,19.79610405495236,212,699,482,802,347.0,750.5,328.0
1189,19.812767442204002,226,774,481,874,353.5,824.0,401.5
1190,19.829430829455646,226,846,476,946,351.0,896.0,473.5
1191,19.84609421670729,224,913,478,1020,351.0,966.5,544.0
1192,19.862757603958933,223,1000,482,1086,352.5,1043.0,620.5
1193,19.879420991210576,220,1072,482,1162,351.0,1117.0,694.5
1194,19.89608437846222,218,1144,488,1226,353.0,1185.0,762.5
1195,19.912747765713863,217,1206,484,1284,350.5,1245.0,822.5
1196,19.929411152965507,211,1260,494,1336,352.5,1298.0,875.5
1197,19.94607454021715,202,1304,492,1374,347.0,1339.0,916.5
1198,19.962737927468794,200,1329,494,1398,347.0,1363.5,941.0
1199,19.979401314720437,198,1338,495,1408,346.5,1373.0,950.5
1200,19.99606470197208,196,1334,493,1403,344.5,1368.5,946.0
1201,20.012728089223724,196,1309,488,1381,342.0,1345.0,922.5
1202,20.029391476475368,202,1270,482,1344,342.0,1307.0,884.5
1203,20.04605486372701,204,1220,479,1296,341.5,1258.0,835.5
1204,20.062718250978655,206,1167,472,1245,339.0,1206.0,783.5
1205,20.0793816382303,200,1104,470,1189,335.0,1146.5,724.0
1206,20.096045025481942,200,1038,464,1118,332.0,1078.0,655.5
1207,20.112708412733586,206,948,460,1047,333.0,997.5,575.0
1208,20.12937179998523,204,868,463,969,333.5,918.5,496.0
1209,20.146035187236873,203,792,463,892,333.0,842.0,419.5
1210,20.162698574488516,203,730,466,824,334.5,777.0,354.5
1211,20.17936196174016,195,670,468,761,331.5,715.5,293.0
1212,20.196025348991803,194,614,470,708,332.0,661.0,238.5
1213,20.212688736243447,189,576,478,666,333.5,621.0,198.5
1214,20.22935212349509,183,567,480,640,331.5,603.5,181.0
1215,20.246015510746734,184,557,481,630,332.5,593.5,171.0
1216,20.262678897998374,184,559,482,632,333.0,595.5,173.0
1217,20.279342285250017,186,570,482,647,334.0,608.5,186.0
1218,20.29600567250166,192,599,483,672,337.5,635.5,213.0
1219,20.312669059753304,200,629,480,710,340.0,669.5,247.0
1220,20.329332447004948,207,673,478,760,342.5,716.5,294.0
1221,20.34599583425659,213,727,478,818,345.5,772.5,350.0
1222,20.362659221508235,214,797,478,886,346.0,841.5,419.0
1223,20.379322608759878,222,868,472,958,347.0,913.0,490.5
1224,20.39598599601152,226,942,475,1037,350.5,989.5,567.0
1225,20.412649383263165,225,1024,478,1113,351.5,1068.5,646.0
1226,20.42931277051481,219,1095,481,1184,350.0,1139.5,717.0
1227,20.445976157766452,224,1158,490,1248,357.0,1203.0,780.5
1228,20.462639545018096,213,1226,493,1300,353.0,1263.0,840.5
1229,20.47930293226974,206,1268,494,1341,350.0,1304.5,882.0
1230,20.495966319521383,206,1299,496,1370,351.0,1334.5,912.0
1231,20.512629706773026,202,1321,496,1390,349.0,1355.5,933.0
1232,20.52929309402467,200,1328,496,1396,348.0,1362.0,939.5
1233,20.545956481276313,200,1319,495,1388,347.5,1353.5,931.0
1234,20.562619868527957,201,1298,492,1368,346.5,1333.0,910.5
1235,20.5792832557796,205,1266,487,1335,346.0,1300.5,878.0
1236,20.595946643031244,208,1215,482,1288,345.0,1251.5,829.0
1237,20.612610030282887,209,1148,479,1229,344.0,1188.5,766.0
1238,20.62927341753453,210,1043,471,1164,340.5,1103.5,681.0
1239,20.645936804786174,216,993,464,1090,340.0,1041.5,619.0
1240,20.662600192037818,209,927,465,1017,337.0,972.0,549.5
1241,20.67926357928946,209,831,461,946,335.0,888.5,466.0
1242,20.695926966541105,200,766,460,875,330.0,820.5,398.0
1243,20.71259035379275,200,719,465,809,332.5,764.0,341.5
1244,20.729253741044392,195,664,469,754,332.0,709.0,286.5
1245,20.745917128296036,186,631,471,707,328.5,669.0,246.5
1246,20.76258051554768,184,594,475,670,329.5,632.0,209.5
1247,20.779243902799323,183,569,478,643,330.5,606.0,183.5
1248,20.795907290050963,182,559,479,631,330.5,595.0,172.5
1249,20.812570677302606,182,557,480,632,331.0,594.5,172.0
1250,20.82923406455425,186,577,480,648,333.0,612.5,190.0
1251,20.845897451805893,194,607,476,682,335.0,644.5,222.0
1252,20.862560839057537,199,654,477,730,338.0,692.0,269.5
1253,20.87922422630918,202,678,474,787,338.0,732.5,310.0
1254,20.895887613560824,210,759,470,847,340.0,803.0,380.5
1255,20.912551000812467,211,828,472,916,341.5,872.0,449.5
1256,20.92921438806411,210,874,474,985,342.0,929.5,507.0
1257,20.945877775315754,216,971,479,1054,347.5,1012.5,590.0
1258,20.962541162567398,211,1034,480,1127,345.5,1080.5,658.0
1259,20.97920454981904,213,1097,484,1192,348.5,1144.5,722.0
1260,20.995867937070685,217,1168,484,1251,350.5,1209.5,787.0
1261,21.012531324322328,214,1231,491,1307,352.5,1269.0,846.5
1262,21.02919471157397,210,1276,496,1351,353.0,1313.5,891.0
1263,21.045858098825615,205,1308,497,1379,351.0,1343.5,921.0
1264,21.06252148607726,201,1323,500,1392,350.5,1357.5,935.0
1265,21.079184873328902,202,1322,500,1392,351.0,1357.0,934.5
1266,21.095848260580546,201,1308,497,1379,349.0,1343.5,921.0
1267,21.11251164783219,207,1274,494,1350,350.5,1312.0,889.5
1268,21.129175035083833,211,1234,486,1309,348.5,1271.5,849.0
1269,21.145838422335476,210,1184,482,1262,346.0,1223.0,800.5
1270,21.16250180958712,209,1127,480,1203,344.5,1165.0,742.5
1271,21.179165196838763,209,1056,475,1143,342.0,1099.5,677.0
1272,21.195828584090407,210,990,473,1074,341.5,1032.0,609.5
1273,21.21249197134205,209,911,471,1003,340.0,957.0,534.5
1274,21.229155358593694,212,828,464,930,338.0,879.0,456.5
1275,21.245818745845337,206,763,466,857,336.0,810.0,387.5
1276,21.26248213309698,199,708,469,793,334.0,750.5,328.0
1277,21.279145520348624,193,647,472,742,332.5,694.5,272.0
1278,21.295808907600268,189,614,472,694,330.5,654.0,231.5
1279,21.312472294851908,181,588,478,662,329.5,625.0,202.5
1280,21.32913568210355,181,574,479,646,330.0,610.0,187.5
1281,21.345799069355195,180,570,478,644,329.0,607.0,184.5
1282,21.36246245660684,180,578,476,651,328.0,614.5,192.0
1283,21.379125843858482,183,599,476,671,329.5,635.0,212.5
1284,21.395789231110125,187,615,475,702,331.0,658.5,236.0
1285,21.41245261836177,194,668,472,744,333.0,706.0,283.5
1286,21.429116005613412,204,702,467,800,335.5,751.0,328.5
1287,21.445779392865056,205,774,469,865,337.0,819.5,397.0
1288,21.4624427801167,209,846,472,932,340.5,889.0,466.5
1289,21.479106167368343,212,895,471,1003,341.5,949.0,526.5
1290,21.495769554619987,216,994,469,1076,342.5,1035.0,612.5
1291,21.51243294187163,208,1062,476,1150,342.0,1106.0,683.5
1292,21.529096329123274,211,1114,480,1213,345.5,1163.5,741.0
1293,21.545759716374917,210,1191,481,1267,345.5,1229.0,806.5
1294,21.56242310362656,206,1240,490,1311,348.0,1275.5,853.0
1295,21.579086490878204,206,1274,494,1344,350.0,1309.0,886.5
1296,21.595749878129848,201,1300,495,1369,348.0,1334.5,912.0
1297,21.61241326538149,202,1315,497,1383,349.5,1349.0,926.5
1298,21.629076652633135,202,1313,498,1382,350.0,1347.5,925.0
1299,21.645740039884778,203,1296,499,1366,351.0,1331.0,908.5
1300,21.66240342713642,206,1266,497,1338,351.5,1302.0,879.5
1301,21.679066814388065,211,1224,490,1300,350.5,1262.0,839.5
1302,21.69573020163971,214,1174,485,1248,349.5,1211.0,788.5
1303,21.712393588891352,222,1089,482,1184,352.0,1136.5,714.0
1304,21.729056976142996,222,1021,479,1116,350.5,1068.5,646.0
1305,21.74572036339464,219,949,476,1044,347.5,996.5,574.0
1306,21.762383750646283,216,868,475,976,345.5,922.0,499.5
1307,21.779047137897926,210,799,474,908,342.0,853.5,431.0
1308,21.79571052514957,207,754,472,846,339.5,800.0,377.5
1309,21.812373912401213,202,693,481,787,341.5,740.0,317.5
1310,21.829037299652857,197,644,477,735,337.0,689.5,267.0
1311,21.845700686904497,190,609,478,696,334.0,652.5,230.0
1312,21.86236407415614,187,595,480,666,333.5,630.5,208.0
1313,21.879027461407784,184,575,481,648,332.5,611.5,189.0
1314,21.895690848659427,184,572,481,644,332.5,608.0,185.5
1315,21.91235423591107,183,578,479,653,331.0,615.5,193.0
1316,21.929017623162714,189,602,475,680,332.0,641.0,218.5
1317,21.945681010414358,192,631,470,720,331.0,675.5,253.0
1318,21.962344397666,194,680,472,770,333.0,725.0,302.5
1319,21.979007784917645,197,717,473,826,335.0,771.5,349.0
1320,21.99567117216929,206,807,463,888,334.5,847.5,425.0
1321,22.012334559420932,202,863,469,958,335.5,910.5,488.0
1322,22.028997946672575,207,932,465,1026,336.0,979.0,556.5
1323,22.04566133392422,208,998,470,1091,339.0,1044.5,622.0
1324,22.062324721175862,211,1075,474,1158,342.5,1116.5,694.0
1325,22.078988108427506,205,1143,480,1218,342.5,1180.5,758.0
1326,22.09565149567915,207,1202,479,1272,343.0,1237.0,814.5
1327,22.112314882930793,204,1249,484,1323,344.0,1286.0,863.5
1328,22.128978270182436,199,1286,492,1356,345.5,1321.0,898.5
1329,22.14564165743408,198,1306,495,1375,346.5,1340.5,918.0
1330,22.162305044685723,199,1310,495,1379,347.0,1344.5,922.0
1331,22.178968431937367,201,1304,497,1371,349.0,1337.5,915.0
1332,22.19563181918901,204,1280,496,1350,350.0,1315.0,892.5
1333,22.212295206440654,208,1242,491,1317,349.5,1279.5,857.0
1334,22.228958593692298,216,1201,492,1273,354.0,1237.0,814.5
1335,22.24562198094394,216,1150,490,1225,353.0,1187.5,765.0
1336,22.262285368195585,213,1086,484,1165,348.5,1125.5,703.0
1337,22.278948755447228,217,985,479,1100,348.0,1042.5,620.0
1338,22.29561214269887,217,949,481,1035,349.0,992.0,569.5
1339,22.312275529950515,215,857,478,963,346.5,910.0,487.5
1340,22.32893891720216,218,806,472,895,345.0,850.5,428.0
1341,22.345602304453802,210,714,481,824,345.5,769.0,346.5
1342,22.362265691705442,202,656,479,768,340.5,712.0,289.5
1343,22.378929078957086,198,647,480,723,339.0,685.0,262.5
1344,22.39559246620873,194,612,485,687,339.5,649.5,227.0
1345,22.412255853460373,188,593,484,664,336.0,628.5,206.0
1346,22.428919240712016,185,584,483,656,334.0,620.0,197.5
1347,22.44558262796366,184,587,482,660,333.0,623.5,201.0
1348,22.462246015215303,184,601,481,674,332.5,637.5,215.0
1349,22.478909402466947,184,624,477,698,330.5,661.0,238.5
1350,22.49557278971859,189,652,475,733,332.0,692.5,270.0
1351,22.512236176970234,196,696,468,781,332.0,738.5,316.0
1352,22.528899564221877,202,728,463,842,332.5,785.0,362.5
1353,22.54556295147352,204,796,467,905,335.5,850.5,428.0
1354,22.562226338725164,205,892,465,977,335.0,934.5,512.0
1355,22.578889725976808,208,962,467,1048,337.5,1005.0,582.5
1356,22.59555311322845,207,1028,466,1115,336.5,1071.5,649.0
1357,22.612216500480095,200,1093,466,1180,333.0,1136.5,714.0
1358,22.62887988773174,199,1158,475,1236,337.0,1197.0,774.5
1359,22.645543274983382,197,1208,475,1284,336.0,1246.0,823.5
1360,22.662206662235025,193,1248,486,1318,339.5,1283.0,860.5
1361,22.67887004948667,194,1275,487,1345,340.5,1310.0,887.5
1362,22.695533436738312,195,1297,491,1365,343.0,1331.0,908.5
1363,22.712196823989956,197,1302,493,1370,345.0,1336.0,913.5
1364,22.7288602112416,200,1294,494,1363,347.0,1328.5,906.0
1365,22.745523598493243,203,1270,495,1341,349.0,1305.5,883.0
1366,22.762186985744886,210,1233,491,1306,350.5,1269.5,847.0
1367,22.77885037299653,214,1186,486,1262,350.0,1224.0,801.5
1368,22.795513760248173,216,1123,485,1206,350.5,1164.5,742.0
1369,22.812177147499817,219,1056,484,1144,351.5,1100.0,677.5
1370,22.82884053475146,224,977,482,1075,353.0,1026.0,603.5
1371,22.845503922003104,218,908,482,1004,350.0,956.0,533.5
1372,22.862167309254747,217,859,482,939,349.5,899.0,476.5
1373,22.87883069650639,211,770,482,878,346.5,824.0,401.5
1374,22.89549408375803,209,711,479,822,344.0,766.5,344.0
1375,22.912157471009674,214,657,484,768,349.0,712.5,290.0
1376,22.928820858261318,203,625,488,721,345.5,673.0,250.5
1377,22.94548424551296,196,613,489,686,342.5,649.5,227.0
1378,22.962147632764605,193,592,489,665,341.0,628.5,206.0
1379,22.97881102001625,190,585,488,657,339.0,621.0,198.5
1380,22.995474407267892,189,590,487,662,338.0,626.0,203.5
1381,23.012137794519536,190,605,484,680,337.0,642.5,220.0
1382,23.02880118177118,193,624,478,713,335.5,668.5,246.0
1383,23.045464569022823,197,670,474,760,335.5,715.0,292.5
1384,23.062127956274466,195,727,472,811,333.5,769.0,346.5
1385,23.07879134352611,199,783,466,866,332.5,824.5,402.0
1386,23.095454730777753,201,850,465,926,333.0,888.0,465.5
1387,23.112118118029397,201,906,463,992,332.0,949.0,526.5
1388,23.12878150528104,204,945,464,1059,334.0,1002.0,579.5
1389,23.145444892532684,206,1034,464,1124,335.0,1079.0,656.5
1390,23.162108279784327,198,1097,468,1187,333.0,1142.0,719.5
1391,23.17877166703597,197,1168,472,1245,334.5,1206.5,784.0
1392,23.195435054287614,199,1220,474,1292,336.5,1256.0,833.5
1393,23.212098441539258,194,1262,480,1331,337.0,1296.5,874.0
1394,23.2287618287909,189,1287,484,1356,336.5,1321.5,899.0
1395,23.245425216042545,189,1297,487,1365,338.0,1331.0,908.5
1396,23.26208860329419,192,1291,488,1360,340.0,1325.5,903.0
1397,23.27875199054583,194,1276,488,1344,341.0,1310.0,887.5
1398,23.295415377797475,198,1248,488,1320,343.0,1284.0,861.5
1399,23.31207876504912,205,1212,487,1284,346.0,1248.0,825.5
1400,23.328742152300762,210,1160,485,1243,347.5,1201.5,779.0
1401,23.345405539552406,216,1097,481,1183,348.5,1140.0,717.5
1402,23.36206892680405,214,1039,483,1126,348.5,1082.5,660.0
1403,23.378732314055693,220,945,484,1061,352.0,1003.0,580.5
1404,23.395395701307336,222,901,481,993,351.5,947.0,524.5
1405,23.41205908855898,216,831,476,925,346.0,878.0,455.5
1406,23.42872247581062,220,766,484,856,352.0,811.0,388.5
1407,23.445385863062263,213,718,486,800,349.5,759.0,336.5
1408,23.462049250313907,206,671,488,749,347.0,710.0,287.5
1409,23.47871263756555,202,638,492,712,347.0,675.0,252.5
1410,23.495376024817194,197,612,494,687,345.5,649.5,227.0
1411,23.512039412068837,193,597,495,671,344.0,634.0,211.5
1412,23.52870279932048,192,596,491,670,341.5,633.0,210.5
1413,23.545366186572124,192,604,490,678,341.0,641.0,218.5
1414,23.562029573823768,193,623,487,698,340.0,660.5,238.0
1415,23.57869296107541,196,655,484,728,340.0,691.5,269.0
1416,23.595356348327055,200,690,476,769,338.0,729.5,307.0
1417,23.6120197355787,207,717,472,822,339.5,769.5,347.0
1418,23.628683122830342,208,769,470,881,339.0,825.0,402.5
1419,23.645346510081986,204,840,468,951,336.0,895.5,473.0
1420,23.66200989733363,203,907,470,1018,336.5,962.5,540.0
1421,23.678673284585273,201,993,463,1086,332.0,1039.5,617.0
1422,23.695336671836916,200,1063,465,1148,332.5,1105.5,683.0
1423,23.71200005908856,194,1126,471,1204,332.5,1165.0,742.5
1424,23.728663446340203,197,1180,472,1252,334.5,1216.0,793.5
1425,23.745326833591847,189,1222,477,1294,333.0,1258.0,835.5
1426,23.76199022084349,190,1252,481,1324,335.5,1288.0,865.5
1427,23.778653608095134,189,1275,482,1344,335.5,1309.5,887.0
1428,23.795316995346777,188,1288,485,1357,336.5,1322.5,900.0
1429,23.81198038259842,189,1288,485,1356,337.0,1322.0,899.5
1430,23.828643769850064,193,1270,485,1340,339.0,1305.0,882.5
1431,23.845307157101708,199,1240,482,1310,340.5,1275.0,852.5
1432,23.86197054435335,202,1198,480,1269,341.0,1233.5,811.0
1433,23.878633931604995,208,1112,480,1219,344.0,1165.5,743.0
1434,23.895297318856638,210,1069,478,1161,344.0,1115.0,692.5
1435,23.91196070610828,215,1018,479,1099,347.0,1058.5,636.0
1436,23.928624093359925,216,953,482,1033,349.0,993.0,570.5
1437,23.945287480611565,216,875,482,968,349.0,921.5,499.0
1438,23.96195086786321,212,824,482,905,347.0,864.5,442.0
1439,23.978614255114852,211,745,486,849,348.5,797.0,374.5
1440,23.995277642366496,211,706,485,796,348.0,751.0,328.5
1441,24.01194102961814,206,665,487,749,346.5,707.0,284.5
1442,24.028604416869783,201,632,495,712,348.0,672.0,249.5
1443,24.045267804121426,200,610,496,684,348.0,647.0,224.5
1444,24.06193119137307,198,598,496,671,347.0,634.5,212.0
1445,24.078594578624713,198,598,496,671,347.0,634.5,212.0
1446,24.095257965876357,195,610,493,684,344.0,647.0,224.5
1447,24.111921353128,197,634,489,710,343.0,672.0,249.5
1448,24.128584740379644,206,672,483,747,344.5,709.5,287.0
1449,24.145248127631287,204,718,477,797,340.5,757.5,335.0
1450,24.16191151488293,198,768,475,851,336.5,809.5,387.0
1451,24.178574902134574,206,790,475,906,340.5,848.0,425.5
1452,24.195238289386218,206,879,474,966,340.0,922.5,500.0
1453,24.21190167663786,207,938,471,1030,339.0,984.0,561.5
1454,24.228565063889505,208,993,465,1094,336.5,1043.5,621.0
1455,24.24522845114115,206,1076,470,1154,338.0,1115.0,692.5
1456,24.261891838392792,200,1138,471,1214,335.5,1176.0,753.5
1457,24.278555225644435,192,1189,478,1262,335.0,1225.5,803.0
1458,24.29521861289608,190,1231,477,1304,333.5,1267.5,845.0
1459,24.311882000147722,185,1264,479,1331,332.0,1297.5,875.0
1460,24.328545387399366,184,1281,480,1349,332.0,1315.0,892.5
1461,24.34520877465101,185,1281,481,1349,333.0,1315.0,892.5
1462,24.361872161902653,185,1267,481,1338,333.0,1302.5,880.0
1463,24.378535549154297,188,1247,481,1318,334.5,1282.5,860.0
1464,24.39519893640594,195,1217,480,1288,337.5,1252.5,830.0
1465,24.411862323657584,198,1174,478,1248,338.0,1211.0,788.5
1466,24.428525710909227,203,1128,480,1203,341.5,1165.5,743.0
1467,24.44518909816087,206,1066,475,1146,340.5,1106.0,683.5
1468,24.461852485412514,210,1001,475,1082,342.5,1041.5,619.0
1469,24.478515872664154,216,938,477,1021,346.5,979.5,557.0
1470,24.495179259915798,210,865,474,954,342.0,909.5,487.0
1471,24.51184264716744,212,783,479,889,345.5,836.0,413.5
1472,24.528506034419085,212,744,481,828,346.5,786.0,363.5
1473,24.545169421670728,208,666,490,777,349.0,721.5,299.0
1474,24.56183280892237,203,664,490,738,346.5,701.0,278.5
1475,24.578496196174015,201,635,495,710,348.0,672.5,250.0
1476,24.59515958342566,198,618,496,690,347.0,654.0,231.5
1477,24.611822970677302,198,610,497,682,347.5,646.0,223.5
1478,24.628486357928946,197,611,496,685,346.5,648.0,225.5
1479,24.64514974518059,200,624,496,699,348.0,661.5,239.0
1480,24.661813132432233,201,651,495,726,348.0,688.5,266.0
1481,24.678476519683876,205,684,492,761,348.5,722.5,300.0
1482,24.69513990693552,210,726,485,808,347.5,767.0,344.5
1483,24.711803294187163,212,773,482,861,347.0,817.0,394.5
1484,24.728466681438807,212,836,473,926,342.5,881.0,458.5
1485,24.74513006869045,208,896,474,992,341.0,944.0,521.5
1486,24.761793455942094,206,942,477,1056,341.5,999.0,576.5
1487,24.778456843193737,207,1005,476,1117,341.5,1061.0,638.5
1488,24.79512023044538,200,1096,478,1176,339.0,1136.0,713.5
1489,24.811783617697024,198,1151,480,1223,339.0,1187.0,764.5
1490,24.828447004948668,197,1194,480,1268,338.5,1231.0,808.5
1491,24.84511039220031,190,1232,481,1302,335.5,1267.0,844.5
1492,24.861773779451955,188,1255,481,1326,334.5,1290.5,868.0
1493,24.8784371667036,187,1272,482,1340,334.5,1306.0,883.5
1494,24.895100553955242,186,1277,481,1345,333.5,1311.0,888.5
1495,24.911763941206885,185,1265,480,1336,332.5,1300.5,878.0
1496,24.92842732845853,188,1243,480,1312,334.0,1277.5,855.0
1497,24.945090715710172,197,1203,473,1279,335.0,1241.0,818.5
1498,24.961754102961816,197,1156,475,1232,336.0,1194.0,771.5
1499,24.97841749021346,199,1094,469,1178,334.0,1136.0,713.5
1500,24.9950808774651,200,1008,473,1122,336.5,1065.0,642.5
1501,25.011744264716743,206,947,472,1059,339.0,1003.0,580.5
1502,25.028407651968386,206,912,472,1000,339.0,956.0,533.5
1503,25.04507103922003,203,854,478,933,340.5,893.5,471.0
1504,25.061734426471673,206,766,481,878,343.5,822.0,399.5
1505,25.078397813723317,205,739,482,824,343.5,781.5,359.0
1506,25.09506120097496,205,686,481,776,343.0,731.0,308.5
1507,25.111724588226604,200,658,489,734,344.5,696.0,273.5
1508,25.128387975478248,199,632,492,704,345.5,668.0,245.5
1509,25.14505136272989,196,615,496,686,346.0,650.5,228.0
1510,25.161714749981535,196,610,496,682,346.0,646.0,223.5
1511,25.178378137233178,198,616,496,691,347.0,653.5,231.0
1512,25.19504152448482,199,638,496,711,347.5,674.5,252.0
1513,25.211704911736465,204,662,494,744,349.0,703.0,280.5
1514,25.22836829898811,209,675,488,785,348.5,730.0,307.5
1515,25.245031686239752,211,752,482,835,346.5,793.5,371.0
1516,25.261695073491396,214,800,482,888,348.0,844.0,421.5
1517,25.27835846074304,214,863,482,943,348.0,903.0,480.5
1518,25.295021847994683,215,919,480,1003,347.5,961.0,538.5
1519,25.311685235246326,215,975,486,1066,350.5,1020.5,598.0
1520,25.32834862249797,213,1035,483,1126,348.0,1080.5,658.0
1521,25.345012009749613,208,1107,481,1185,344.5,1146.0,723.5
1522,25.361675397001257,203,1165,480,1237,341.5,1201.0,778.5
1523,25.3783387842529,200,1206,482,1278,341.0,1242.0,819.5
1524,25.395002171504544,193,1237,484,1310,338.5,1273.5,851.0
1525,25.411665558756187,188,1263,483,1330,335.5,1296.5,874.0
1526,25.42832894600783,187,1270,483,1338,335.0,1304.0,881.5
1527,25.444992333259474,187,1262,482,1330,334.5,1296.0,873.5
1528,25.461655720511118,188,1244,481,1314,334.5,1279.0,856.5
1529,25.47831910776276,188,1221,480,1289,334.0,1255.0,832.5
1530,25.494982495014405,191,1181,478,1257,334.5,1219.0,796.5
1531,25.51164588226605,194,1142,473,1214,333.5,1178.0,755.5
1532,25.52830926951769,194,1087,469,1163,331.5,1125.0,702.5
1533,25.544972656769332,198,1017,467,1104,332.5,1060.5,638.0
1534,25.561636044020975,202,952,464,1043,333.0,997.5,575.0
1535,25.57829943127262,203,890,470,983,336.5,936.5,514.0
1536,25.594962818524262,202,810,472,920,337.0,865.0,442.5
1537,25.611626205775906,201,756,474,860,337.5,808.0,385.5
1538,25.62828959302755,199,729,483,806,341.0,767.5,345.0
1539,25.644952980279193,196,687,480,762,338.0,724.5,302.0
1540,25.661616367530836,192,656,488,732,340.0,694.0,271.5
1541,25.67827975478248,192,636,491,710,341.5,673.0,250.5
1542,25.694943142034123,193,624,491,697,342.0,660.5,238.0
1543,25.711606529285767,194,623,493,696,343.5,659.5,237.0
1544,25.72826991653741,195,630,494,702,344.5,666.0,243.5
1545,25.744933303789054,199,647,494,723,346.5,685.0,262.5
1546,25.761596691040697,206,668,490,754,348.0,711.0,288.5
1547,25.77826007829234,209,719,488,796,348.5,757.5,335.0
1548,25.794923465543985,213,763,485,846,349.0,804.5,382.0
1549,25.811586852795628,215,823,487,905,351.0,864.0,441.5
1550,25.82825024004727,217,885,487,967,352.0,926.0,503.5
1551,25.844913627298915,216,943,484,1031,350.0,987.0,564.5
1552,25.86157701455056,213,1010,482,1092,347.5,1051.0,628.5
1553,25.878240401802202,213,1070,486,1144,349.5,1107.0,684.5
1554,25.894903789053846,210,1121,486,1195,348.0,1158.0,735.5
1555,25.91156717630549,208,1167,487,1240,347.5,1203.5,781.0
1556,25.928230563557133,206,1208,488,1279,347.0,1243.5,821.0
1557,25.944893950808776,196,1234,488,1307,342.0,1270.5,848.0
1558,25.96155733806042,194,1254,488,1324,341.0,1289.0,866.5
1559,25.978220725312063,191,1262,487,1331,339.0,1296.5,874.0
1560,25.994884112563707,190,1260,484,1328,337.0,1294.0,871.5
1561,26.01154749981535,188,1242,482,1312,335.0,1277.0,854.5
1562,26.028210887066994,191,1211,477,1280,334.0,1245.5,823.0
1563,26.044874274318637,197,1165,475,1240,336.0,1202.5,780.0
1564,26.061537661570277,199,1113,472,1192,335.5,1152.5,730.0
1565,26.07820104882192,201,1050,474,1136,337.5,1093.0,670.5
1566,26.094864436073564,198,1000,467,1080,332.5,1040.0,617.5
1567,26.111527823325208,200,918,470,1023,335.0,970.5,548.0
1568,26.12819121057685,198,864,466,964,332.0,914.0,491.5
1569,26.144854597828495,194,812,472,906,333.0,859.0,436.5
1570,26.16151798508014,194,774,474,853,334.0,813.5,391.0
1571,26.17818137233178,193,713,474,803,333.5,758.0,335.5
1572,26.194844759583425,194,677,475,760,334.5,718.5,296.0
1573,26.21150814683507,192,652,483,726,337.5,689.0,266.5
1574,26.228171534086712,187,631,486,703,336.5,667.0,244.5
1575,26.244834921338356,188,621,488,694,338.0,657.5,235.0
1576,26.26149830859,190,626,488,698,339.0,662.0,239.5
1577,26.278161695841643,194,643,490,715,342.0,679.0,256.5
1578,26.294825083093286,194,666,488,742,341.0,704.0,281.5
1579,26.31148847034493,200,685,488,778,344.0,731.5,309.0
1580,26.328151857596573,209,710,487,820,348.0,765.0,342.5
1581,26.344815244848217,209,776,492,871,350.5,823.5,401.0
1582,26.36147863209986,213,836,487,924,350.0,880.0,457.5
1583,26.378142019351504,219,879,484,980,351.5,929.5,507.0
1584,26.394805406603147,213,936,483,1039,348.0,987.5,565.0
1585,26.41146879385479,217,1009,484,1100,350.5,1054.5,632.0
1586,26.428132181106434,217,1066,487,1158,352.0,1112.0,689.5
1587,26.444795568358078,212,1136,485,1210,348.5,1173.0,750.5
1588,26.46145895560972,206,1182,489,1256,347.5,1219.0,796.5
1589,26.478122342861365,202,1218,491,1288,346.5,1253.0,830.5
1590,26.49478573011301,198,1241,493,1310,345.5,1275.5,853.0
1591,26.511449117364652,197,1255,492,1322,344.5,1288.5,866.0
1592,26.528112504616296,197,1256,492,1322,344.5,1289.0,866.5
1593,26.54477589186794,193,1241,488,1312,340.5,1276.5,854.0
1594,26.561439279119583,194,1218,487,1290,340.5,1254.0,831.5
1595,26.578102666371223,196,1187,484,1261,340.0,1224.0,801.5
1596,26.594766053622866,198,1152,480,1224,339.0,1188.0,765.5
1597,26.61142944087451,200,1102,473,1182,336.5,1142.0,719.5
1598,26.628092828126153,200,1049,470,1129,335.0,1089.0,666.5
1599,26.644756215377797,196,986,467,1066,331.5,1026.0,603.5
1600,26.66141960262944,199,920,468,1003,333.5,961.5,539.0
1601,26.678082989881084,197,861,471,945,334.0,903.0,480.5
1602,26.694746377132727,194,792,467,888,330.5,840.0,417.5
1603,26.71140976438437,193,739,471,834,332.0,786.5,364.0
1604,26.728073151636014,189,712,475,790,332.0,751.0,328.5
1605,26.744736538887658,184,666,477,754,330.5,710.0,287.5
1606,26.7613999261393,185,656,481,729,333.0,692.5,270.0
1607,26.778063313390945,185,641,483,712,334.0,676.5,254.0
1608,26.794726700642588,185,635,486,708,335.5,671.5,249.0
1609,26.81139008789423,186,637,486,710,336.0,673.5,251.0
1610,26.828053475145875,189,649,487,724,338.0,686.5,264.0
1611,26.84471686239752,196,675,487,750,341.5,712.5,290.0
1612,26.861380249649162,200,711,486,789,343.0,750.0,327.5
1613,26.878043636900806,202,755,486,833,344.0,794.0,371.5
1614,26.89470702415245,206,783,482,889,344.0,836.0,413.5
1615,26.911370411404093,216,838,482,943,349.0,890.5,468.0
1616,26.928033798655736,216,898,482,1005,349.0,951.5,529.0
1617,26.94469718590738,216,977,486,1064,351.0,1020.5,598.0
1618,26.961360573159023,215,1042,488,1121,351.5,1081.5,659.0
1619,26.978023960410667,210,1095,493,1170,351.5,1132.5,710.0
1620,26.99468734766231,210,1139,495,1214,352.5,1176.5,754.0
1621,27.011350734913954,208,1178,496,1254,352.0,1216.0,793.5
1622,27.028014122165597,206,1216,496,1287,351.0,1251.5,829.0
1623,27.04467750941724,201,1238,498,1308,349.5,1273.0,850.5
1624,27.061340896668884,200,1250,496,1319,348.0,1284.5,862.0
1625,27.078004283920528,199,1251,494,1318,346.5,1284.5,862.0
1626,27.09466767117217,197,1236,492,1306,344.5,1271.0,848.5
1627,27.11133105842381,194,1212,486,1282,340.0,1247.0,824.5
1628,27.127994445675455,199,1175,483,1248,341.0,1211.5,789.0
1629,27.1446578329271,203,1129,481,1204,342.0,1166.5,744.0
1630,27.161321220178742,205,1079,472,1152,338.5,1115.5,693.0
1631,27.177984607430385,199,1023,474,1101,336.5,1062.0,639.5
1632,27.19464799468203,201,953,469,1046,335.0,999.5,577.0
1633,27.211311381933672,200,904,471,989,335.5,946.5,524.0
1634,27.227974769185316,200,816,472,935,336.0,875.5,453.0
1635,27.24463815643696,194,788,471,877,332.5,832.5,410.0
1636,27.261301543688603,191,740,471,828,331.0,784.0,361.5
1637,27.277964930940247,180,709,472,786,326.0,747.5,325.0
1638,27.29462831819189,183,664,476,749,329.5,706.5,284.0
1639,27.311291705443534,182,649,478,723,330.0,686.0,263.5
1640,27.327955092695177,181,636,479,709,330.0,672.5,250.0
1641,27.34461847994682,181,636,479,708,330.0,672.0,249.5
1642,27.361281867198464,183,646,482,720,332.5,683.0,260.5
1643,27.377945254450108,186,666,482,740,334.0,703.0,280.5
1644,27.39460864170175,190,697,483,772,336.5,734.5,312.0
1645,27.411272028953395,200,735,480,809,340.0,772.0,349.5
1646,27.427935416205038,204,779,482,854,343.0,816.5,394.0
1647,27.44459880345668,209,825,480,905,344.5,865.0,442.5
1648,27.461262190708325,208,872,482,958,345.0,915.0,492.5
1649,27.47792557795997,212,929,482,1020,347.0,974.5,552.0
1650,27.494588965211612,215,984,484,1075,349.5,1029.5,607.0
1651,27.511252352463256,211,1044,484,1130,347.5,1087.0,664.5
1652,27.5279157397149,216,1110,487,1183,351.5,1146.5,724.0
1653,27.544579126966543,207,1158,490,1232,348.5,1195.0,772.5
1654,27.561242514218186,204,1196,496,1265,350.0,1230.5,808.0
1655,27.57790590146983,203,1219,499,1289,351.0,1254.0,831.5
1656,27.594569288721473,203,1237,499,1306,351.0,1271.5,849.0
1657,27.611232675973117,202,1242,499,1311,350.5,1276.5,854.0
1658,27.627896063224757,202,1234,498,1306,350.0,1270.0,847.5
1659,27.6445594504764,201,1217,496,1288,348.5,1252.5,830.0
1660,27.661222837728044,201,1192,493,1264,347.0,1228.0,805.5
1661,27.677886224979687,204,1160,489,1232,346.5,1196.0,773.5
1662,27.69454961223133,200,1114,484,1190,342.0,1152.0,729.5
1663,27.711212999482974,204,1065,478,1144,341.0,1104.5,682.0
1664,27.727876386734618,202,995,473,1089,337.5,1042.0,619.5
1665,27.74453977398626,208,945,481,1026,344.5,985.5,563.0
1666,27.761203161237905,197,876,476,967,336.5,921.5,499.0
1667,27.77786654848955,200,821,474,910,337.0,865.5,443.0
1668,27.794529935741192,194,773,472,861,333.0,817.0,394.5
1669,27.811193322992835,191,734,475,814,333.0,774.0,351.5
1670,27.82785671024448,186,702,478,777,332.0,739.5,317.0
1671,27.844520097496122,182,675,477,748,329.5,711.5,289.0
1672,27.861183484747766,182,658,479,729,330.5,693.5,271.0
1673,27.87784687199941,180,648,478,720,329.0,684.0,261.5
1674,27.894510259251053,180,648,478,720,329.0,684.0,261.5
1675,27.911173646502696,180,656,479,727,329.5,691.5,269.0
1676,27.92783703375434,184,674,479,745,331.5,709.5,287.0
1677,27.944500421005984,189,702,476,779,332.5,740.5,318.0
1678,27.961163808257627,195,742,475,821,335.0,781.5,359.0
1679,27.97782719550927,200,791,474,869,337.0,830.0,407.5
1680,27.994490582760914,200,844,476,924,338.0,884.0,461.5
1681,28.011153970012558,206,898,480,981,343.0,939.5,517.0
1682,28.0278173572642,208,960,485,1042,346.5,1001.0,578.5
1683,28.044480744515845,210,1010,483,1094,346.5,1052.0,629.5
1684,28.061144131767488,209,1070,487,1146,348.0,1108.0,685.5
1685,28.07780751901913,209,1116,491,1191,350.0,1153.5,731.0
1686,28.094470906270775,206,1157,494,1231,350.0,1194.0,771.5
1687,28.11113429352242,205,1191,494,1264,349.5,1227.5,805.0
1688,28.127797680774062,203,1220,499,1292,351.0,1256.0,833.5
1689,28.144461068025706,203,1236,499,1306,351.0,1271.0,848.5
1690,28.161124455277346,202,1240,500,1310,351.0,1275.0,852.5
1691,28.17778784252899,203,1230,498,1302,350.5,1266.0,843.5
1692,28.194451229780633,207,1210,498,1282,352.5,1246.0,823.5
1693,28.211114617032276,207,1181,495,1252,351.0,1216.5,794.0
1694,28.22777800428392,212,1139,492,1214,352.0,1176.5,754.0
1695,28.244441391535563,208,1092,488,1165,348.0,1128.5,706.0
1696,28.261104778787207,215,1039,488,1114,351.5,1076.5,654.0
1697,28.27776816603885,209,976,488,1065,348.5,1020.5,598.0
1698,28.294431553290494,207,924,480,1011,343.5,967.5,545.0
1699,28.311094940542137,204,848,478,958,341.0,903.0,480.5
1700,28.32775832779378,202,816,478,905,340.0,860.5,438.0
1701,28.344421715045424,199,761,473,855,336.0,808.0,385.5
1702,28.361085102297068,192,719,472,809,332.0,764.0,341.5
1703,28.37774848954871,189,697,478,770,333.5,733.5,311.0
1704,28.394411876800355,184,667,479,743,331.5,705.0,282.5
1705,28.411075264052,182,653,480,726,331.0,689.5,267.0
1706,28.427738651303642,182,646,479,719,330.5,682.5,260.0
1707,28.444402038555285,180,652,479,725,329.5,688.5,266.0
1708,28.46106542580693,183,668,477,744,330.0,706.0,283.5
1709,28.477728813058572,184,694,476,770,330.0,732.0,309.5
1710,28.494392200310216,186,728,475,802,330.5,765.0,342.5
1711,28.51105558756186,192,766,474,842,333.0,804.0,381.5
1712,28.527718974813503,198,808,474,888,336.0,848.0,425.5
1713,28.544382362065146,195,856,471,939,333.0,897.5,475.0
1714,28.56104574931679,200,909,472,992,336.0,950.5,528.0
1715,28.577709136568433,202,960,472,1051,337.0,1005.5,583.0
1716,28.594372523820077,201,1017,478,1104,339.5,1060.5,638.0
1717,28.61103591107172,207,1082,480,1158,343.5,1120.0,697.5
1718,28.627699298323364,204,1132,482,1207,343.0,1169.5,747.0
1719,28.644362685575008,201,1171,491,1247,346.0,1209.0,786.5
1720,28.66102607282665,200,1202,493,1272,346.5,1237.0,814.5
1721,28.67768946007829,202,1219,497,1290,349.5,1254.5,832.0
1722,28.694352847329935,204,1230,498,1298,351.0,1264.0,841.5
1723,28.711016234581578,203,1230,498,1297,350.5,1263.5,841.0
1724,28.72767962183322,203,1217,499,1288,351.0,1252.5,830.0
1725,28.744343009084865,203,1196,498,1265,350.5,1230.5,808.0
1726,28.76100639633651,208,1166,496,1238,352.0,1202.0,779.5
1727,28.777669783588152,207,1128,494,1203,350.5,1165.5,743.0
1728,28.794333170839796,210,1081,490,1158,350.0,1119.5,697.0
1729,28.81099655809144,216,1029,485,1106,350.5,1067.5,645.0
1730,28.827659945343083,209,966,488,1050,348.5,1008.0,585.5
1731,28.844323332594726,216,908,481,990,348.5,949.0,526.5
1732,28.86098671984637,210,848,482,937,346.0,892.5,470.0
1733,28.877650107098013,205,807,484,885,344.5,846.0,423.5
1734,28.894313494349657,200,762,482,840,341.0,801.0,378.5
1735,28.9109768816013,194,727,485,800,339.5,763.5,341.0
1736,28.927640268852944,193,697,485,770,339.0,733.5,311.0
1737,28.944303656104587,186,675,482,746,334.0,710.5,288.0
1738,28.96096704335623,185,663,481,734,333.0,698.5,276.0
1739,28.977630430607874,183,658,479,730,331.0,694.0,271.5
1740,28.994293817859518,182,663,480,735,331.0,699.0,276.5
1741,29.01095720511116,183,674,478,749,330.5,711.5,289.0
1742,29.027620592362805,184,700,476,776,330.0,738.0,315.5
1743,29.04428397961445,190,736,472,814,331.0,775.0,352.5
1744,29.060947366866092,192,776,472,858,332.0,817.0,394.5
1745,29.077610754117735,194,827,471,908,332.5,867.5,445.0
1746,29.09427414136938,199,881,471,960,335.0,920.5,498.0
1747,29.110937528621022,200,935,472,1017,336.0,976.0,553.5
1748,29.127600915872666,196,980,476,1070,336.0,1025.0,602.5
1749,29.14426430312431,200,1041,479,1120,339.5,1080.5,658.0
1750,29.160927690375953,198,1092,483,1167,340.5,1129.5,707.0
1751,29.177591077627596,199,1133,482,1208,340.5,1170.5,748.0
1752,29.19425446487924,197,1168,486,1242,341.5,1205.0,782.5
1753,29.21091785213088,196,1200,487,1272,341.5,1236.0,813.5
1754,29.227581239382523,197,1222,492,1290,344.5,1256.0,833.5
1755,29.244244626634167,196,1232,496,1298,346.0,1265.0,842.5
1756,29.26090801388581,199,1227,495,1294,347.0,1260.5,838.0
1757,29.277571401137454,202,1207,497,1280,349.5,1243.5,821.0
1758,29.294234788389097,205,1182,498,1254,351.5,1218.0,795.5
1759,29.31089817564074,209,1147,496,1220,352.5,1183.5,761.0
1760,29.327561562892384,209,1105,493,1183,351.0,1144.0,721.5
1761,29.344224950144028,217,1056,491,1132,354.0,1094.0,671.5
1762,29.36088833739567,214,1002,491,1082,352.5,1042.0,619.5
1763,29.377551724647315,216,956,487,1032,351.5,994.0,571.5
1764,29.39421511189896,217,881,487,979,352.0,930.0,507.5
1765,29.410878499150602,208,840,484,929,346.0,884.5,462.0
1766,29.427541886402246,209,802,486,878,347.5,840.0,417.5
1767,29.44420527365389,202,755,487,830,344.5,792.5,370.0
1768,29.460868660905533,200,718,488,792,344.0,755.0,332.5
1769,29.477532048157176,194,688,488,760,341.0,724.0,301.5
1770,29.49419543540882,190,670,487,744,338.5,707.0,284.5
1771,29.510858822660463,188,660,487,734,337.5,697.0,274.5
1772,29.527522209912107,188,661,486,734,337.0,697.5,275.0
1773,29.54418559716375,185,674,482,744,333.5,709.0,286.5
1774,29.560848984415394,188,695,481,768,334.5,731.5,309.0
1775,29.577512371667037,184,722,478,797,331.0,759.5,337.0
1776,29.59417575891868,190,751,472,832,331.0,791.5,369.0
1777,29.610839146170324,190,794,470,872,330.0,833.0,410.5
1778,29.627502533421968,189,843,474,920,331.5,881.5,459.0
1779,29.64416592067361,200,866,472,973,336.0,919.5,497.0
1780,29.660829307925255,198,948,466,1027,332.0,987.5,565.0
1781,29.6774926951769,199,1006,470,1084,334.5,1045.0,622.5
1782,29.69415608242854,200,1059,474,1133,337.0,1096.0,673.5
1783,29.710819469680185,194,1105,479,1183,336.5,1144.0,721.5
1784,29.72748285693183,195,1147,480,1224,337.5,1185.5,763.0
1785,29.74414624418347,190,1182,483,1254,336.5,1218.0,795.5
1786,29.760809631435112,191,1204,488,1272,339.5,1238.0,815.5
1787,29.777473018686756,194,1215,490,1284,342.0,1249.5,827.0
1788,29.7941364059384,193,1218,490,1287,341.5,1252.5,830.0
1789,29.810799793190043,195,1213,491,1281,343.0,1247.0,824.5
1790,29.827463180441686,198,1196,492,1267,345.0,1231.5,809.0
1791,29.84412656769333,199,1171,492,1242,345.5,1206.5,784.0
1792,29.860789954944973,206,1134,489,1210,347.5,1172.0,749.5
1793,29.877453342196617,210,1092,489,1169,349.5,1130.5,708.0
1794,29.89411672944826,214,1047,489,1120,351.5,1083.5,661.0
1795,29.910780116699904,213,990,489,1072,351.0,1031.0,608.5
1796,29.927443503951547,211,934,484,1015,347.5,974.5,552.0
1797,29.94410689120319,213,869,487,958,350.0,913.5,491.0
1798,29.960770278454834,210,823,489,908,349.5,865.5,443.0
1799,29.977433665706478,208,789,490,863,349.0,826.0,403.5
1800,29.99409705295812,204,751,492,824,348.0,787.5,365.0
1801,30.010760440209765,201,720,492,792,346.5,756.0,333.5
1802,30.02742382746141,195,694,491,766,343.0,730.0,307.5
1803,30.044087214713052,193,676,489,748,341.0,712.0,289.5
1804,30.060750601964696,191,668,488,740,339.5,704.0,281.5
1805,30.07741398921634,191,670,488,742,339.5,706.0,283.5
1806,30.094077376467983,188,681,485,754,336.5,717.5,295.0
1807,30.110740763719626,190,696,483,772,336.5,734.0,311.5
1808,30.12740415097127,193,702,477,804,335.0,753.0,330.5
1809,30.144067538222913,194,744,475,847,334.5,795.5,373.0
1810,30.160730925474557,194,783,472,893,333.0,838.0,415.5
1811,30.1773943127262,194,832,472,942,333.0,887.0,464.5
1812,30.194057699977844,198,913,471,996,334.5,954.5,532.0
1813,30.210721087229487,198,965,470,1047,334.0,1006.0,583.5
1814,30.22738447448113,196,1010,470,1097,333.0,1053.5,631.0
1815,30.244047861732774,193,1064,473,1143,333.0,1103.5,681.0
1816,30.260711248984414,190,1108,476,1184,333.0,1146.0,723.5
1817,30.277374636236058,191,1146,479,1220,335.0,1183.0,760.5
1818,30.2940380234877,191,1179,480,1250,335.5,1214.5,792.0
1819,30.310701410739345,187,1202,482,1273,334.5,1237.5,815.0
1820,30.327364797990988,187,1217,483,1287,335.0,1252.0,829.5
1821,30.34402818524263,188,1216,484,1287,336.0,1251.5,829.0
1822,30.360691572494275,192,1206,488,1276,340.0,1241.0,818.5
1823,30.37735495974592,195,1184,488,1256,341.5,1220.0,797.5
1824,30.394018346997562,199,1151,488,1224,343.5,1187.5,765.0
1825,30.410681734249206,200,1115,488,1188,344.0,1151.5,729.0
1826,30.42734512150085,208,1073,485,1147,346.5,1110.0,687.5
1827,30.444008508752493,210,1024,488,1097,349.0,1060.5,638.0
1828,30.460671896004136,211,975,486,1050,348.5,1012.5,590.0
1829,30.47733528325578,209,926,493,1001,351.0,963.5,541.0
1830,30.493998670507423,206,873,489,953,347.5,913.0,490.5
1831,30.510662057759067,210,813,488,904,349.0,858.5,436.0
1832,30.52732544501071,209,780,489,856,349.0,818.0,395.5
1833,30.543988832262354,209,740,494,814,351.5,777.0,354.5
1834,30.560652219513997,202,707,495,781,348.5,744.0,321.5
1835,30.57731560676564,199,687,495,759,347.0,723.0,300.5
1836,30.593978994017284,197,676,495,747,346.0,711.5,289.0
1837,30.610642381268928,196,674,494,746,345.0,710.0,287.5
1838,30.62730576852057,195,679,491,752,343.0,715.5,293.0
1839,30.643969155772215,193,696,489,769,341.0,732.5,310.0
1840,30.66063254302386,194,722,486,793,340.0,757.5,335.0
1841,30.677295930275502,195,754,482,828,338.5,791.0,368.5
1842,30.693959317527145,196,787,480,862,338.0,824.5,402.0
1843,30.71062270477879,195,827,478,906,336.5,866.5,444.0
1844,30.727286092030432,199,876,471,952,335.0,914.0,491.5
1845,30.743949479282076,198,897,471,1006,334.5,951.5,529.0
1846,30.76061286653372,196,941,473,1060,334.5,1000.5,578.0
1847,30.777276253785363,192,1031,473,1112,332.5,1071.5,649.0
1848,30.793939641037003,193,1080,473,1157,333.0,1118.5,696.0
1849,30.810603028288646,190,1120,477,1196,333.5,1158.0,735.5
1850,30.82726641554029,184,1158,479,1230,331.5,1194.0,771.5
1851,30.843929802791934,183,1183,479,1256,331.0,1219.5,797.0
1852,30.860593190043577,185,1198,481,1269,333.0,1233.5,811.0
1853,30.87725657729522,186,1205,480,1275,333.0,1240.0,817.5
1854,30.893919964546864,187,1204,482,1273,334.5,1238.5,816.0
1855,30.910583351798508,187,1193,484,1262,335.5,1227.5,805.0
1856,30.92724673905015,190,1170,485,1245,337.5,1207.5,785.0
1857,30.943910126301795,193,1143,486,1216,339.5,1179.5,757.0
1858,30.960573513553438,199,1106,482,1180,340.5,1143.0,720.5
1859,30.97723690080508,196,1060,482,1134,339.0,1097.0,674.5
1860,30.993900288056725,208,1007,482,1085,345.0,1046.0,623.5
1861,31.01056367530837,211,950,487,1039,349.0,994.5,572.0
1862,31.027227062560012,212,902,486,979,349.0,940.5,518.0
1863,31.043890449811656,210,856,487,932,348.5,894.0,471.5
1864,31.0605538370633,209,809,489,886,349.0,847.5,425.0
1865,31.077217224314943,207,769,495,846,351.0,807.5,385.0
1866,31.093880611566586,201,739,494,812,347.5,775.5,353.0
1867,31.11054399881823,200,714,495,785,347.5,749.5,327.0
1868,31.127207386069873,199,693,496,766,347.5,729.5,307.0
1869,31.143870773321517,198,681,496,753,347.0,717.0,294.5
1870,31.16053416057316,199,679,496,750,347.5,714.5,292.0
1871,31.177197547824804,198,686,494,759,346.0,722.5,300.0
1872,31.193860935076447,198,702,492,776,345.0,739.0,316.5
1873,31.21052432232809,200,726,492,800,346.0,763.0,340.5
1874,31.227187709579734,200,761,487,836,343.5,798.5,376.0
1875,31.243851096831378,203,768,486,881,344.5,824.5,402.0
1876,31.26051448408302,203,849,480,929,341.5,889.0,466.5
1877,31.277177871334665,200,903,479,976,339.5,939.5,517.0
1878,31.29384125858631,199,948,477,1026,338.0,987.0,564.5
1879,31.31050464583795,197,998,474,1071,335.5,1034.5,612.0
1880,31.327168033089592,198,1046,474,1118,336.0,1082.0,659.5
1881,31.343831420341235,193,1085,476,1161,334.5,1123.0,700.5
1882,31.36049480759288,190,1126,478,1199,334.0,1162.5,740.0
1883,31.377158194844522,188,1159,478,1230,333.0,1194.5,772.0
1884,31.393821582096166,186,1182,480,1255,333.0,1218.5,796.0
1885,31.41048496934781,184,1202,481,1272,332.5,1237.0,814.5
1886,31.427148356599453,184,1209,480,1277,332.0,1243.0,820.5
1887,31.443811743851096,185,1200,482,1271,333.5,1235.5,813.0
1888,31.46047513110274,185,1182,481,1254,333.0,1218.0,795.5
1889,31.477138518354383,189,1154,480,1226,334.5,1190.0,767.5
1890,31.493801905606027,191,1122,481,1195,336.0,1158.5,736.0
1891,31.51046529285767,192,1082,480,1157,336.0,1119.5,697.0
1892,31.527128680109314,196,1039,480,1114,338.0,1076.5,654.0
1893,31.543792067360958,202,994,481,1068,341.5,1031.0,608.5
1894,31.5604554546126,203,944,483,1022,343.0,983.0,560.5
1895,31.577118841864245,201,895,480,974,340.5,934.5,512.0
1896,31.593782229115888,200,849,480,926,340.0,887.5,465.0
1897,31.61044561636753,204,803,483,880,343.5,841.5,419.0
1898,31.627109003619175,202,760,491,836,346.5,798.0,375.5
1899,31.64377239087082,202,727,494,802,348.0,764.5,342.0
1900,31.660435778122462,200,704,496,778,348.0,741.0,318.5
1901,31.677099165374106,200,691,498,762,349.0,726.5,304.0
1902,31.69376255262575,200,687,497,758,348.5,722.5,300.0
1903,31.710425939877393,200,689,498,760,349.0,724.5,302.0
1904,31.727089327129036,200,702,496,772,348.0,737.0,314.5
1905,31.74375271438068,201,719,494,792,347.5,755.5,333.0
1906,31.760416101632323,201,747,491,818,346.0,782.5,360.0
1907,31.777079488883967,201,781,490,853,345.5,817.0,394.5
1908,31.79374287613561,202,818,487,895,344.5,856.5,434.0
1909,31.810406263387254,207,851,487,939,347.0,895.0,472.5
1910,31.827069650638897,207,902,483,984,345.0,943.0,520.5
1911,31.843733037890537,203,962,482,1037,342.5,999.5,577.0
1912,31.86039642514218,201,1011,480,1087,340.5,1049.0,626.5
1913,31.877059812393824,200,1058,479,1134,339.5,1096.0,673.5
1914,31.893723199645468,194,1101,480,1174,337.0,1137.5,715.0
1915,31.91038658689711,190,1134,481,1208,335.5,1171.0,748.5
1916,31.927049974148755,188,1163,482,1234,335.0,1198.5,776.0
1917,31.9437133614004,184,1182,481,1253,332.5,1217.5,795.0
1918,31.960376748652042,184,1191,479,1262,331.5,1226.5,804.0
1919,31.977040135903685,184,1193,480,1262,332.0,1227.5,805.0
1920,31.99370352315533,182,1186,479,1256,330.5,1221.0,798.5
1921,32.01036691040697,183,1171,479,1241,331.0,1206.0,783.5
1922,32.02703029765862,184,1145,478,1218,331.0,1181.5,759.0
1923,32.04369368491026,189,1114,475,1186,332.0,1150.0,727.5
1924,32.060357072161906,193,1068,475,1144,334.0,1106.0,683.5
1925,32.077020459413546,194,1024,472,1101,333.0,1062.5,640.0
1926,32.09368384666519,195,978,474,1052,334.5,1015.0,592.5
1927,32.11034723391683,200,927,476,1004,338.0,965.5,543.0
1928,32.12701062116847,200,879,481,955,340.5,917.0,494.5
1929,32.14367400842012,198,833,481,909,339.5,871.0,448.5
1930,32.16033739567176,198,795,485,869,341.5,832.0,409.5
1931,32.17700078292341,194,761,487,834,340.5,797.5,375.0
1932,32.19366417017505,196,733,488,807,342.0,770.0,347.5
1933,32.210327557426695,195,712,492,783,343.5,747.5,325.0
1934,32.226990944678334,196,697,493,768,344.5,732.5,310.0
1935,32.24365433192998,198,689,495,761,346.5,725.0,302.5
1936,32.26031771918162,199,693,497,765,348.0,729.0,306.5
1937,32.27698110643327,199,706,497,777,348.0,741.5,319.0
1938,32.29364449368491,201,727,496,802,348.5,764.5,342.0
1939,32.310307880936556,207,757,495,832,351.0,794.5,372.0
1940,32.326971268188196,206,796,490,871,348.0,833.5,411.0
1941,32.34363465543984,211,838,490,913,350.5,875.5,453.0
1942,32.36029804269148,206,883,487,960,346.5,921.5,499.0
1943,32.37696142994313,204,929,488,1006,346.0,967.5,545.0
1944,32.39362481719477,204,976,488,1051,346.0,1013.5,591.0
1945,32.41028820444642,207,1024,487,1095,347.0,1059.5,637.0
1946,32.42695159169806,206,1064,487,1136,346.5,1100.0,677.5
1947,32.443614978949704,201,1106,487,1177,344.0,1141.5,719.0
1948,32.460278366201344,197,1140,485,1211,341.0,1175.5,753.0
1949,32.47694175345299,193,1167,487,1237,340.0,1202.0,779.5
1950,32.49360514070463,190,1185,484,1255,337.0,1220.0,797.5
1951,32.51026852795628,186,1195,484,1264,335.0,1229.5,807.0
1952,32.52693191520792,186,1190,483,1262,334.5,1226.0,803.5
1953,32.543595302459565,185,1179,479,1248,332.0,1213.5,791.0
1954,32.560258689711205,184,1157,478,1228,331.0,1192.5,770.0
1955,32.57692207696285,188,1123,478,1198,333.0,1160.5,738.0
1956,32.59358546421449,190,1091,479,1164,334.5,1127.5,705.0
1957,32.61024885146614,188,1053,472,1126,330.0,1089.5,667.0
1958,32.62691223871778,191,1010,469,1085,330.0,1047.5,625.0
1959,32.64357562596942,195,966,472,1040,333.5,1003.0,580.5
1960,32.660239013221066,192,912,470,993,331.0,952.5,530.0
1961,32.676902400472706,193,865,472,947,332.5,906.0,483.5
1962,32.69356578772435,194,823,477,902,335.5,862.5,440.0
1963,32.71022917497599,195,782,482,860,338.5,821.0,398.5
1964,32.72689256222764,193,748,484,827,338.5,787.5,365.0
1965,32.74355594947928,193,722,487,798,340.0,760.0,337.5
1966,32.76021933673093,192,705,488,777,340.0,741.0,318.5
1967,32.77688272398257,192,698,490,770,341.0,734.0,311.5
1968,32.793546111234214,192,699,491,771,341.5,735.0,312.5
1969,32.810209498485854,195,708,494,778,344.5,743.0,320.5
1970,32.8268728857375,198,721,494,794,346.0,757.5,335.0
1971,32.84353627298914,200,743,493,818,346.5,780.5,358.0
1972,32.86019966024079,205,774,494,846,349.5,810.0,387.5
1973,32.87686304749243,208,807,494,883,351.0,845.0,422.5
1974,32.893526434744075,211,845,493,924,352.0,884.5,462.0
1975,32.910189821995715,215,894,490,970,352.5,932.0,509.5
1976,32.92685320924736,214,938,490,1018,352.0,978.0,555.5
1977,32.943516596499,210,986,489,1065,349.5,1025.5,603.0
1978,32.96017998375065,210,1038,487,1113,348.5,1075.5,653.0
1979,32.97684337100229,202,1080,491,1153,346.5,1116.5,694.0
1980,32.993506758253936,200,1113,490,1187,345.0,1150.0,727.5
1981,33.010170145505576,197,1144,491,1214,344.0,1179.0,756.5
1982,33.02683353275722,193,1165,489,1234,341.0,1199.5,777.0
1983,33.04349692000886,191,1178,488,1247,339.5,1212.5,790.0
1984,33.06016030726051,191,1182,487,1252,339.0,1217.0,794.5
1985,33.07682369451215,190,1181,487,1248,338.5,1214.5,792.0
1986,33.0934870817638,188,1168,484,1237,336.0,1202.5,780.0
1987,33.11015046901544,187,1149,482,1219,334.5,1184.0,761.5
1988,33.126813856267084,184,1119,478,1190,331.0,1154.5,732.0
1989,33.143477243518724,190,1082,478,1155,334.0,1118.5,696.0
1990,33.160140630770364,194,1037,472,1112,333.0,1074.5,652.0
1991,33.17680401802201,194,988,473,1067,333.5,1027.5,605.0
1992,33.19346740527365,192,942,470,1020,331.0,981.0,558.5
1993,33.2101307925253,191,900,472,975,331.5,937.5,515.0
1994,33.22679417977694,191,856,473,932,332.0,894.0,471.5
1995,33.243457567028585,186,814,474,889,330.0,851.5,429.0
1996,33.260120954280225,190,783,477,854,333.5,818.5,396.0
1997,33.27678434153187,189,752,482,824,335.5,788.0,365.5
1998,33.29344772878351,186,729,483,801,334.5,765.0,342.5
1999,33.31011111603516,189,711,486,784,337.5,747.5,325.0
2000,33.3267745032868,190,701,488,774,339.0,737.5,315.0
2001,33.343437890538446,190,699,489,773,339.5,736.0,313.5
2002,33.360101277790086,193,711,490,782,341.5,746.5,324.0
2003,33.37676466504173,195,731,491,802,343.0,766.5,344.0
2004,33.39342805229337,198,758,492,830,345.0,794.0,371.5
2005,33.41009143954502,205,786,490,862,347.5,824.0,401.5
2006,33.42675482679666,206,824,489,904,347.5,864.0,441.5
2007,33.44341821404831,207,868,494,944,350.5,906.0,483.5
2008,33.46008160129995,210,912,491,990,350.5,951.0,528.5
2009,33.476744988551594,212,958,492,1035,352.0,996.5,574.0
2010,33.493408375803234,213,999,491,1075,352.0,1037.0,614.5
2011,33.51007176305488,213,1040,494,1115,353.5,1077.5,655.0
2012,33.52673515030652,210,1079,493,1155,351.5,1117.0,694.5
2013,33.54339853755817,204,1118,495,1191,349.5,1154.5,732.0
2014,33.56006192480981,202,1150,495,1218,348.5,1184.0,761.5
2015,33.576725312061455,200,1168,495,1238,347.5,1203.0,780.5
2016,33.593388699313095,195,1180,493,1249,344.0,1214.5,792.0
2017,33.61005208656474,195,1181,493,1249,344.0,1215.0,792.5
2018,33.62671547381638,192,1173,489,1242,340.5,1207.5,785.0
2019,33.64337886106803,193,1154,487,1226,340.0,1190.0,767.5
2020,33.66004224831967,193,1129,483,1202,338.0,1165.5,743.0
2021,33.67670563557131,193,1097,480,1170,336.5,1133.5,711.0
2022,33.69336902282296,193,1061,479,1135,336.0,1098.0,675.5
2023,33.7100324100746,193,1024,477,1097,335.0,1060.5,638.0
2024,33.726695797326244,192,982,476,1056,334.0,1019.0,596.5
2025,33.74335918457788,192,937,473,1012,332.5,974.5,552.0
2026,33.76002257182953,189,890,471,967,330.0,928.5,506.0
2027,33.77668595908117,191,842,472,922,331.5,882.0,459.5
2028,33.79334934633282,189,796,476,881,332.5,838.5,416.0
2029,33.81001273358446,186,770,477,845,331.5,807.5,385.0
2030,33.826676120836105,184,729,479,817,331.5,773.0,350.5
2031,33.843339508087745,184,722,480,796,332.0,759.0,336.5
2032,33.86000289533939,183,712,483,783,333.0,747.5,325.0
2033,33.87666628259103,184,710,484,782,334.0,746.0,323.5
2034,33.89332966984268,185,715,483,788,334.0,751.5,329.0
2035,33.90999305709432,189,726,488,798,338.5,762.0,339.5
2036,33.926656444345966,192,743,488,816,340.0,779.5,357.0
2037,33.943319831597606,195,768,486,842,340.5,805.0,382.5
2038,33.95998321884925,201,802,488,875,344.5,838.5,416.0
2039,33.97664660610089,206,841,488,912,347.0,876.5,454.0
2040,33.99330999335254,206,880,489,957,347.5,918.5,496.0
2041,34.00997338060418,210,927,491,1000,350.5,963.5,541.0
2042,34.02663676785583,210,973,490,1048,350.0,1010.5,588.0
2043,34.04330015510747,212,1016,494,1092,353.0,1054.0,631.5
2044,34.059963542359114,209,1059,496,1132,352.5,1095.5,673.0
2045,34.076626929610754,205,1095,496,1168,350.5,1131.5,709.0
2046,34.0932903168624,206,1124,498,1194,352.0,1159.0,736.5
2047,34.10995370411404,204,1147,497,1216,350.5,1181.5,759.0
2048,34.12661709136569,202,1163,497,1231,349.5,1197.0,774.5
2049,34.14328047861733,200,1171,497,1240,348.5,1205.5,783.0
2050,34.159943865868975,199,1173,496,1240,347.5,1206.5,784.0
2051,34.176607253120615,199,1164,493,1233,346.0,1198.5,776.0
2052,34.19327064037226,197,1145,492,1215,344.5,1180.0,757.5
2053,34.2099340276239,196,1122,490,1192,343.0,1157.0,734.5
2054,34.22659741487554,199,1091,486,1161,342.5,1126.0,703.5
2055,34.24326080212719,196,1050,483,1124,339.5,1087.0,664.5
2056,34.25992418937883,195,1005,475,1080,335.0,1042.5,620.0
2057,34.276587576630476,193,954,477,1036,335.0,995.0,572.5
2058,34.293250963882116,190,918,472,992,331.0,955.0,532.5
2059,34.30991435113376,194,876,475,951,334.5,913.5,491.0
2060,34.3265777383854,186,837,475,910,330.5,873.5,451.0
2061,34.34324112563705,185,801,476,874,330.5,837.5,415.0
2062,34.35990451288869,182,770,474,844,328.0,807.0,384.5
2063,34.37656790014034,180,745,478,818,329.0,781.5,359.0
2064,34.39323128739198,181,726,480,799,330.5,762.5,340.0
2065,34.409894674643624,181,715,479,788,330.0,751.5,329.0
2066,34.426558061895264,182,711,481,784,331.5,747.5,325.0
2067,34.44322144914691,183,715,482,787,332.5,751.0,328.5
2068,34.45988483639855,185,730,481,803,333.0,766.5,344.0
2069,34.4765482236502,189,753,482,830,335.5,791.5,369.0
2070,34.49321161090184,194,785,483,859,338.5,822.0,399.5
2071,34.509874998153485,197,824,483,892,340.0,858.0,435.5
2072,34.526538385405125,200,857,485,932,342.5,894.5,472.0
2073,34.54320177265677,203,897,488,974,345.5,935.5,513.0
2074,34.55986515990841,202,936,485,1015,343.5,975.5,553.0
2075,34.57652854716006,204,984,490,1058,347.0,1021.0,598.5
2076,34.5931919344117,207,1024,492,1097,349.5,1060.5,638.0
2077,34.609855321663346,209,1060,495,1136,352.0,1098.0,675.5
2078,34.626518708914986,205,1095,496,1171,350.5,1133.0,710.5
2079,34.64318209616663,205,1129,498,1199,351.5,1164.0,741.5
2080,34.65984548341827,202,1153,498,1223,350.0,1188.0,765.5
2081,34.67650887066992,201,1166,498,1235,349.5,1200.5,778.0
2082,34.69317225792156,202,1170,497,1239,349.5,1204.5,782.0
2083,34.70983564517321,200,1164,497,1232,348.5,1198.0,775.5
2084,34.72649903242485,201,1152,496,1220,348.5,1186.0,763.5
2085,34.74316241967649,198,1129,495,1200,346.5,1164.5,742.0
2086,34.759825806928134,200,1100,490,1174,345.0,1137.0,714.5
2087,34.776489194179774,199,1069,489,1143,344.0,1106.0,683.5
2088,34.79315258143142,198,1033,486,1107,342.0,1070.0,647.5
2089,34.80981596868306,196,994,484,1070,340.0,1032.0,609.5
2090,34.82647935593471,198,953,481,1029,339.5,991.0,568.5
2091,34.84314274318635,195,908,478,984,336.5,946.0,523.5
2092,34.859806130437995,191,864,473,941,332.0,902.5,480.0
2093,34.876469517689635,190,825,477,898,333.5,861.5,439.0
2094,34.89313290494128,189,789,478,863,333.5,826.0,403.5
2095,34.90979629219292,182,760,477,835,329.5,797.5,375.0
2096,34.92645967944457,180,742,478,813,329.0,777.5,355.0
2097,34.94312306669621,178,727,478,798,328.0,762.5,340.0
2098,34.959786453947856,178,720,477,792,327.5,756.0,333.5
2099,34.976449841199496,179,723,478,795,328.5,759.0,336.5
2100,34.99311322845114,179,732,478,805,328.5,768.5,346.0
2101,35.00977661570278,184,746,479,818,331.5,782.0,359.5
2102,35.02644000295443,185,766,480,840,332.5,803.0,380.5
2103,35.04310339020607,187,787,481,867,334.0,827.0,404.5
2104,35.05976677745772,194,819,480,903,337.0,861.0,438.5
2105,35.07643016470936,194,870,481,942,337.5,906.0,483.5
2106,35.093093551961005,197,912,480,986,338.5,949.0,526.5
2107,35.109756939212645,200,953,483,1031,341.5,992.0,569.5
2108,35.12642032646429,200,996,484,1071,342.0,1033.5,611.0
2109,35.14308371371593,201,1039,487,1113,344.0,1076.0,653.5
2110,35.15974710096758,202,1078,490,1148,346.0,1113.0,690.5
2111,35.17641048821922,200,1105,495,1176,347.5,1140.5,718.0
2112,35.193073875470866,202,1128,497,1198,349.5,1163.0,740.5
2113,35.209737262722506,202,1146,497,1215,349.5,1180.5,758.0
2114,35.22640064997415,203,1157,498,1226,350.5,1191.5,769.0
2115,35.24306403722579,204,1162,500,1230,352.0,1196.0,773.5
2116,35.25972742447743,204,1158,498,1227,351.0,1192.5,770.0
2117,35.27639081172908,204,1145,498,1212,351.0,1178.5,756.0
2118,35.29305419898072,205,1123,496,1193,350.5,1158.0,735.5
2119,35.30971758623237,204,1093,492,1165,348.0,1129.0,706.5
2120,35.32638097348401,203,1060,489,1132,346.0,1096.0,673.5
2121,35.343044360735654,206,1016,488,1094,347.0,1055.0,632.5
2122,35.359707747987294,204,976,487,1051,345.5,1013.5,591.0
2123,35.37637113523894,202,934,486,1007,344.0,970.5,548.0
2124,35.39303452249058,197,896,480,967,338.5,931.5,509.0
2125,35.40969790974223,197,855,484,930,340.5,892.5,470.0
2126,35.42636129699387,194,823,480,895,337.0,859.0,436.5
2127,35.443024684245515,189,791,481,863,335.0,827.0,404.5
2128,35.459688071497155,184,763,482,836,333.0,799.5,377.0
2129,35.4763514587488,183,743,481,815,332.0,779.0,356.5
2130,35.49301484600044,181,728,480,801,330.5,764.5,342.0
2131,35.50967823325209,181,723,479,795,330.0,759.0,336.5
2132,35.52634162050373,180,724,479,796,329.5,760.0,337.5
2133,35.543005007755376,181,736,478,807,329.5,771.5,349.0
2134,35.559668395007016,184,750,477,827,330.5,788.5,366.0
2135,35.57633178225866,185,778,476,857,330.5,817.5,395.0
2136,35.5929951695103,187,815,474,888,330.5,851.5,429.0
2137,35.60965855676195,190,849,478,923,334.0,886.0,463.5
2138,35.62632194401359,192,887,478,961,335.0,924.0,501.5
2139,35.64298533126524,195,925,480,999,337.5,962.0,539.5
2140,35.65964871851688,194,966,480,1041,337.0,1003.5,581.0
2141,35.676312105768524,197,1006,481,1081,339.0,1043.5,621.0
2142,35.692975493020164,200,1045,485,1116,342.5,1080.5,658.0
2143,35.70963888027181,200,1078,488,1151,344.0,1114.5,692.0
2144,35.72630226752345,200,1109,491,1181,345.5,1145.0,722.5
2145,35.7429656547751,198,1136,495,1206,346.5,1171.0,748.5
2146,35.75962904202674,198,1153,495,1221,346.5,1187.0,764.5
2147,35.776292429278385,199,1158,498,1228,348.5,1193.0,770.5
2148,35.792955816530025,200,1154,498,1226,349.0,1190.0,767.5
2149,35.809619203781665,203,1144,499,1215,351.0,1179.5,757.0
2150,35.82628259103331,203,1128,499,1198,351.0,1163.0,740.5
2151,35.84294597828495,202,1104,496,1177,349.0,1140.5,718.0
2152,35.8596093655366,205,1078,495,1149,350.0,1113.5,691.0
2153,35.87627275278824,205,1040,495,1115,350.0,1077.5,655.0
2154,35.892936140039886,205,1006,493,1082,349.0,1044.0,621.5
2155,35.909599527291526,206,971,490,1042,348.0,1006.5,584.0
2156,35.92626291454317,209,926,491,1000,350.0,963.0,540.5
2157,35.94292630179481,203,884,487,958,345.0,921.0,498.5
2158,35.95958968904646,199,846,488,918,343.5,882.0,459.5
2159,35.9762530762981,196,808,486,881,341.0,844.5,422.0
2160,35.99291646354975,191,777,485,852,338.0,814.5,392.0
2161,36.00957985080139,189,756,484,829,336.5,792.5,370.0
2162,36.026243238053034,186,741,483,812,334.5,776.5,354.0
2163,36.042906625304674,185,733,482,804,333.5,768.5,346.0
2164,36.05957001255632,185,731,482,804,333.5,767.5,345.0
2165,36.07623339980796,183,738,480,810,331.5,774.0,351.5
2166,36.09289678705961,180,750,480,822,330.0,786.0,363.5
2167,36.10956017431125,182,766,478,840,330.0,803.0,380.5
2168,36.126223561562895,183,790,478,863,330.5,826.5,404.0
2169,36.142886948814535,189,821,476,894,332.5,857.5,435.0
2170,36.15955033606618,190,855,474,931,332.0,893.0,470.5
2171,36.17621372331782,192,897,474,974,333.0,935.5,513.0
2172,36.19287711056947,193,920,477,1016,335.0,968.0,545.5
2173,36.20954049782111,192,982,480,1056,336.0,1019.0,596.5
2174,36.226203885072756,192,1022,480,1094,336.0,1058.0,635.5
2175,36.242867272324396,192,1055,480,1128,336.0,1091.5,669.0
2176,36.25953065957604,194,1086,485,1159,339.5,1122.5,700.0
2177,36.27619404682768,193,1112,488,1182,340.5,1147.0,724.5
2178,36.29285743407933,196,1130,490,1200,343.0,1165.0,742.5
2179,36.30952082133097,197,1144,493,1213,345.0,1178.5,756.0
2180,36.32618420858261,197,1151,495,1218,346.0,1184.5,762.0
2181,36.34284759583426,197,1150,495,1218,346.0,1184.0,761.5
2182,36.3595109830859,200,1141,496,1210,348.0,1175.5,753.0
2183,36.376174370337544,201,1123,496,1193,348.5,1158.0,735.5
2184,36.392837757589184,204,1096,496,1166,350.0,1131.0,708.5
2185,36.40950114484083,206,1060,494,1136,350.0,1098.0,675.5
2186,36.42616453209247,207,1029,492,1101,349.5,1065.0,642.5
2187,36.44282791934412,207,983,494,1063,350.5,1023.0,600.5
2188,36.45949130659576,208,948,492,1022,350.0,985.0,562.5
2189,36.476154693847405,206,908,491,983,348.5,945.5,523.0
2190,36.492818081099045,203,872,492,946,347.5,909.0,486.5
2191,36.50948146835069,201,841,490,912,345.5,876.5,454.0
2192,36.52614485560233,198,810,488,882,343.0,846.0,423.5
2193,36.54280824285398,194,781,489,853,341.5,817.0,394.5
2194,36.55947163010562,192,758,488,829,340.0,793.5,371.0
2195,36.57613501735727,190,741,488,814,339.0,777.5,355.0
2196,36.59279840460891,187,735,486,806,336.5,770.5,348.0
2197,36.609461791860554,187,734,485,806,336.0,770.0,347.5
2198,36.626125179112194,185,741,483,814,334.0,777.5,355.0
2199,36.64278856636384,184,757,481,830,332.5,793.5,371.0
2200,36.65945195361548,184,782,480,853,332.0,817.5,395.0
2201,36.67611534086713,186,809,476,882,331.0,845.5,423.0
2202,36.69277872811877,184,840,476,914,330.0,877.0,454.5
2203,36.709442115370415,185,875,476,952,330.5,913.5,491.0
2204,36.726105502622055,190,912,477,986,333.5,949.0,526.5
2205,36.7427688898737,192,950,477,1024,334.5,987.0,564.5
2206,36.75943227712534,192,978,474,1064,333.0,1021.0,598.5
2207,36.77609566437699,190,1027,476,1100,333.0,1063.5,641.0
2208,36.79275905162863,190,1062,479,1134,334.5,1098.0,675.5
2209,36.809422438880276,192,1090,480,1165,336.0,1127.5,705.0
2210,36.826085826131916,191,1112,483,1190,337.0,1151.0,728.5
2211,36.842749213383556,190,1136,486,1207,338.0,1171.5,749.0
2212,36.8594126006352,192,1147,488,1216,340.0,1181.5,759.0
2213,36.87607598788684,192,1148,488,1216,340.0,1182.0,759.5
2214,36.89273937513849,195,1137,491,1208,343.0,1172.5,750.0
2215,36.90940276239013,198,1123,492,1194,345.0,1158.5,736.0
2216,36.92606614964178,200,1105,493,1176,346.5,1140.5,718.0
2217,36.94272953689342,202,1082,493,1152,347.5,1117.0,694.5
2218,36.959392924145064,201,1050,494,1123,347.5,1086.5,664.0
2219,36.976056311396704,205,1015,494,1090,349.5,1052.5,630.0
2220,36.99271969864835,204,977,490,1053,347.0,1015.0,592.5
2221,37.00938308589999,205,941,493,1016,349.0,978.5,556.0
2222,37.02604647315164,206,901,491,976,348.5,938.5,516.0
2223,37.04270986040328,204,863,493,938,348.5,900.5,478.0
2224,37.059373247654925,204,824,491,899,347.5,861.5,439.0
2225,37.076036634906565,201,796,495,868,348.0,832.0,409.5
2226,37.09270002215821,197,774,494,846,345.5,810.0,387.5
2227,37.10936340940985,194,758,493,828,343.5,793.0,370.5
2228,37.1260267966615,194,748,491,818,342.5,783.0,360.5
2229,37.14269018391314,192,742,490,814,341.0,778.0,355.5
2230,37.159353571164786,191,745,490,816,340.5,780.5,358.0
2231,37.176016958416426,189,754,487,826,338.0,790.0,367.5
2232,37.19268034566807,189,768,486,840,337.5,804.0,381.5
2233,37.20934373291971,188,787,482,862,335.0,824.5,402.0
2234,37.22600712017136,191,816,481,888,336.0,852.0,429.5
2235,37.242670507423,190,848,479,921,334.5,884.5,462.0
2236,37.25933389467465,192,886,476,960,334.0,923.0,500.5
2237,37.27599728192629,190,926,475,1000,332.5,963.0,540.5
2238,37.292660669177934,193,967,475,1040,334.0,1003.5,581.0
2239,37.309324056429574,190,1004,476,1077,333.0,1040.5,618.0
2240,37.32598744368122,189,1036,478,1111,333.5,1073.5,651.0
2241,37.34265083093286,187,1071,479,1142,333.0,1106.5,684.0
2242,37.3593142181845,186,1097,480,1169,333.0,1133.0,710.5
2243,37.37597760543615,188,1116,483,1186,335.5,1151.0,728.5
2244,37.39264099268779,187,1131,485,1199,336.0,1165.0,742.5
2245,37.409304379939435,189,1140,485,1208,337.0,1174.0,751.5
2246,37.425967767191075,189,1141,487,1211,338.0,1176.0,753.5
2247,37.44263115444272,191,1136,488,1204,339.5,1170.0,747.5
2248,37.45929454169436,193,1124,487,1192,340.0,1158.0,735.5
2249,37.47595792894601,195,1096,488,1170,341.5,1133.0,710.5
2250,37.49262131619765,199,1069,490,1143,344.5,1106.0,683.5
2251,37.509284703449296,202,1037,489,1110,345.5,1073.5,651.0
2252,37.525948090700936,203,1001,492,1073,347.5,1037.0,614.5
2253,37.54261147795258,209,964,491,1035,350.0,999.5,577.0
2254,37.55927486520422,202,926,493,998,347.5,962.0,539.5
2255,37.57593825245587,205,889,494,963,349.5,926.0,503.5
2256,37.59260163970751,203,858,494,928,348.5,893.0,470.5
2257,37.60926502695916,203,828,494,899,348.5,863.5,441.0
2258,37.6259284142108,202,800,496,870,349.0,835.0,412.5
2259,37.642591801462444,200,774,495,846,347.5,810.0,387.5
2260,37.659255188714084,199,755,495,827,347.0,791.0,368.5
2261,37.67591857596573,195,746,495,816,345.0,781.0,358.5
2262,37.69258196321737,195,744,493,815,344.0,779.5,357.0
2263,37.70924535046902,194,748,490,819,342.0,783.5,361.0
2264,37.72590873772066,192,760,490,832,341.0,796.0,373.5
2265,37.742572124972305,191,778,488,851,339.5,814.5,392.0
2266,37.759235512223945,193,806,486,877,339.5,841.5,419.0
2267,37.77589889947559,192,834,483,908,337.5,871.0,448.5
2268,37.79256228672723,193,866,482,941,337.5,903.5,481.0
2269,37.80922567397888,194,901,482,975,338.0,938.0,515.5
2270,37.82588906123052,194,936,481,1008,337.5,972.0,549.5
2271,37.84255244848217,191,970,476,1044,333.5,1007.0,584.5
2272,37.859215835733806,191,1009,479,1082,335.0,1045.5,623.0
2273,37.87587922298545,190,1044,480,1116,335.0,1080.0,657.5
2274,37.89254261023709,188,1076,479,1148,333.5,1112.0,689.5
2275,37.90920599748873,185,1102,478,1173,331.5,1137.5,715.0
2276,37.92586938474038,185,1120,479,1192,332.0,1156.0,733.5
2277,37.94253277199202,184,1135,482,1203,333.0,1169.0,746.5
2278,37.95919615924367,185,1138,482,1206,333.5,1172.0,749.5
2279,37.97585954649531,188,1134,484,1204,336.0,1169.0,746.5
2280,37.992522933746955,190,1122,484,1192,337.0,1157.0,734.5
2281,38.009186320998595,191,1105,485,1174,338.0,1139.5,717.0
2282,38.02584970825024,193,1085,488,1154,340.5,1119.5,697.0
2283,38.04251309550188,192,1060,488,1129,340.0,1094.5,672.0
2284,38.05917648275353,200,1025,488,1099,344.0,1062.0,639.5
2285,38.07583987000517,201,991,488,1064,344.5,1027.5,605.0
2286,38.092503257256816,200,953,488,1028,344.0,990.5,568.0
2287,38.109166644508456,201,917,488,990,344.5,953.5,531.0
2288,38.1258300317601,204,880,486,952,345.0,916.0,493.5
2289,38.14249341901174,207,843,491,918,349.0,880.5,458.0
2290,38.15915680626339,202,813,494,886,348.0,849.5,427.0
2291,38.17582019351503,200,788,496,861,348.0,824.5,402.0
2292,38.19248358076668,199,771,496,843,347.5,807.0,384.5
2293,38.20914696801832,197,760,495,832,346.0,796.0,373.5
2294,38.225810355269964,197,754,496,826,346.5,790.0,367.5
2295,38.242473742521604,198,753,497,826,347.5,789.5,367.0
2296,38.25913712977325,197,760,495,830,346.0,795.0,372.5
2297,38.27580051702489,198,771,493,843,345.5,807.0,384.5
2298,38.29246390427654,195,788,491,861,343.0,824.5,402.0
2299,38.30912729152818,194,813,490,886,342.0,849.5,427.0
2300,38.325790678779825,198,838,488,915,343.0,876.5,454.0
2301,38.342454066031465,196,875,487,950,341.5,912.5,490.0
2302,38.35911745328311,196,912,483,988,339.5,950.0,527.5
2303,38.37578084053475,194,953,482,1026,338.0,989.5,567.0
2304,38.3924442277864,190,988,482,1064,336.0,1026.0,603.5
2305,38.40910761503804,191,1022,481,1095,336.0,1058.5,636.0
2306,38.42577100228968,190,1052,480,1124,335.0,1088.0,665.5
2307,38.442434389541326,189,1079,481,1151,335.0,1115.0,692.5
2308,38.459097776792966,186,1100,482,1173,334.0,1136.5,714.0
2309,38.47576116404461,185,1118,481,1188,333.0,1153.0,730.5
2310,38.49242455129625,186,1127,482,1198,334.0,1162.5,740.0
2311,38.5090879385479,185,1131,482,1202,333.5,1166.5,744.0
2312,38.52575132579954,185,1129,482,1199,333.5,1164.0,741.5
2313,38.54241471305119,185,1120,482,1189,333.5,1154.5,732.0
2314,38.55907810030283,186,1101,481,1171,333.5,1136.0,713.5
2315,38.575741487554474,188,1074,479,1146,333.5,1110.0,687.5
2316,38.592404874806114,194,1042,484,1115,339.0,1078.5,656.0
2317,38.60906826205776,194,1010,482,1083,338.0,1046.5,624.0
2318,38.6257316493094,198,976,486,1049,342.0,1012.5,590.0
2319,38.64239503656105,199,942,487,1014,343.0,978.0,555.5
2320,38.65905842381269,198,903,487,979,342.5,941.0,518.5
2321,38.675721811064335,199,873,489,946,344.0,909.5,487.0
2322,38.692385198315975,199,842,490,914,344.5,878.0,455.5
2323,38.70904858556762,197,816,490,887,343.5,851.5,429.0
2324,38.72571197281926,199,792,493,864,346.0,828.0,405.5
2325,38.74237536007091,198,770,495,841,346.5,805.5,383.0
2326,38.75903874732255,199,757,495,828,347.0,792.5,370.0
2327,38.775702134574196,198,753,495,824,346.5,788.5,366.0
2328,38.792365521825836,199,754,496,826,347.5,790.0,367.5
2329,38.80902890907748,198,766,495,838,346.5,802.0,379.5
2330,38.82569229632912,199,781,495,854,347.0,817.5,395.0
2331,38.84235568358077,200,802,495,875,347.5,838.5,416.0
2332,38.85901907083241,201,830,492,902,346.5,866.0,443.5
2333,38.87568245808406,199,857,490,931,344.5,894.0,471.5
2334,38.8923458453357,197,888,489,965,343.0,926.5,504.0
2335,38.909009232587344,198,922,488,998,343.0,960.0,537.5
2336,38.925672619838984,199,958,488,1032,343.5,995.0,572.5
2337,38.942336007090624,200,992,486,1066,343.0,1029.0,606.5
2338,38.95899939434227,198,1027,485,1101,341.5,1064.0,641.5
2339,38.97566278159391,194,1059,483,1131,338.5,1095.0,672.5
2340,38.99232616884556,192,1085,483,1158,337.5,1121.5,699.0
2341,39.0089895560972,186,1108,484,1178,335.0,1143.0,720.5
2342,39.025652943348845,185,1122,483,1191,334.0,1156.5,734.0
2343,39.042316330600485,184,1127,482,1196,333.0,1161.5,739.0
2344,39.05897971785213,184,1127,482,1196,333.0,1161.5,739.0
2345,39.07564310510377,185,1118,481,1188,333.0,1153.0,730.5
2346,39.09230649235542,186,1101,481,1173,333.5,1137.0,714.5
2347,39.10896987960706,186,1084,480,1156,333.0,1120.0,697.5
2348,39.125633266858706,188,1062,481,1134,334.5,1098.0,675.5
2349,39.142296654110346,188,1036,479,1108,333.5,1072.0,649.5
2350,39.15896004136199,189,1003,478,1077,333.5,1040.0,617.5
2351,39.17562342861363,194,970,480,1042,337.0,1006.0,583.5
2352,39.19228681586528,194,931,481,1006,337.5,968.5,546.0
2353,39.20895020311692,194,896,482,968,338.0,932.0,509.5
2354,39.22561359036857,196,862,485,934,340.5,898.0,475.5
2355,39.24227697762021,196,832,487,903,341.5,867.5,445.0
2356,39.258940364871854,194,804,489,876,341.5,840.0,417.5
2357,39.275603752123494,195,786,491,858,343.0,822.0,399.5
2358,39.29226713937514,196,773,493,846,344.5,809.5,387.0
2359,39.30893052662678,195,768,494,839,344.5,803.5,381.0
2360,39.32559391387843,197,763,494,834,345.5,798.5,376.0
2361,39.34225730113007,198,764,496,835,347.0,799.5,377.0
2362,39.358920688381716,199,773,496,845,347.5,809.0,386.5
2363,39.375584075633355,199,786,495,861,347.0,823.5,401.0
2364,39.392247462885,199,810,495,882,347.0,846.0,423.5
2365,39.40891085013664,200,837,493,908,346.5,872.5,450.0
2366,39.42557423738829,203,868,488,941,345.5,904.5,482.0
2367,39.44223762463993,203,901,491,975,347.0,938.0,515.5
2368,39.45890101189158,201,940,492,1013,346.5,976.5,554.0
2369,39.47556439914322,201,975,491,1048,346.0,1011.5,589.0
2370,39.49222778639486,200,1006,489,1080,344.5,1043.0,620.5
2371,39.508891173646504,196,1035,489,1108,342.5,1071.5,649.0
2372,39.525554560898144,194,1061,488,1133,341.0,1097.0,674.5
2373,39.54221794814979,193,1085,488,1154,340.5,1119.5,697.0
2374,39.55888133540143,191,1103,487,1173,339.0,1138.0,715.5
2375,39.57554472265308,189,1115,486,1187,337.5,1151.0,728.5
2376,39.59220810990472,187,1122,484,1191,335.5,1156.5,734.0
2377,39.608871497156365,187,1122,484,1192,335.5,1157.0,734.5
2378,39.625534884408005,185,1113,482,1184,333.5,1148.5,726.0
2379,39.64219827165965,184,1099,481,1170,332.5,1134.5,712.0
2380,39.65886165891129,188,1076,480,1148,334.0,1112.0,689.5
2381,39.67552504616294,188,1049,478,1121,333.0,1085.0,662.5
2382,39.69218843341458,187,1018,478,1090,332.5,1054.0,631.5
2383,39.708851820666226,191,986,479,1058,335.0,1022.0,599.5
2384,39.725515207917866,190,954,480,1025,335.0,989.5,567.0
2385,39.74217859516951,189,920,480,994,334.5,957.0,534.5
2386,39.75884198242115,188,890,481,961,334.5,925.5,503.0
2387,39.7755053696728,191,857,481,932,336.0,894.5,472.0
2388,39.79216875692444,188,832,483,902,335.5,867.0,444.5
2389,39.80883214417609,191,804,486,878,338.5,841.0,418.5
2390,39.82549553142773,191,786,488,857,339.5,821.5,399.0
2391,39.842158918679374,192,772,489,842,340.5,807.0,384.5
2392,39.858822305931014,193,762,490,834,341.5,798.0,375.5
2393,39.87548569318266,193,763,491,834,342.0,798.5,376.0
2394,39.8921490804343,195,772,493,843,344.0,807.5,385.0
2395,39.90881246768595,197,785,494,857,345.5,821.0,398.5
2396,39.92547585493759,198,805,493,875,345.5,840.0,417.5
2397,39.942139242189235,199,826,495,897,347.0,861.5,439.0
2398,39.958802629440875,202,852,495,923,348.5,887.5,465.0
2399,39.97546601669252,204,880,491,955,347.5,917.5,495.0
2400,39.99212940394416,203,913,493,986,348.0,949.5,527.0
2401,40.0087927911958,202,946,494,1019,348.0,982.5,560.0
2402,40.02545617844745,203,976,491,1050,347.0,1013.0,590.5
2403,40.04211956569909,205,1013,490,1083,347.5,1048.0,625.5
2404,40.058782952950736,201,1044,491,1117,346.0,1080.5,658.0
2405,40.075446340202376,196,1068,492,1144,344.0,1106.0,683.5
2406,40.09210972745402,194,1092,492,1162,343.0,1127.0,704.5
2407,40.10877311470566,193,1105,490,1176,341.5,1140.5,718.0
2408,40.12543650195731,192,1116,490,1185,341.0,1150.5,728.0
2409,40.14209988920895,192,1117,488,1186,340.0,1151.5,729.0
2410,40.1587632764606,190,1112,487,1182,338.5,1147.0,724.5
2411,40.17542666371224,189,1100,485,1171,337.0,1135.5,713.0
2412,40.192090050963884,188,1084,483,1154,335.5,1119.0,696.5
2413,40.208753438215524,186,1064,482,1136,334.0,1100.0,677.5
2414,40.22541682546717,186,1041,479,1112,332.5,1076.5,654.0
2415,40.24208021271881,184,1012,479,1085,331.5,1048.5,626.0
2416,40.25874359997046,190,977,481,1052,335.5,1014.5,592.0
2417,40.2754069872221,192,943,474,1019,333.0,981.0,558.5
2418,40.292070374473745,190,908,478,982,334.0,945.0,522.5
2419,40.308733761725385,190,877,479,952,334.5,914.5,492.0
2420,40.32539714897703,190,848,480,920,335.0,884.0,461.5
2421,40.34206053622867,187,824,482,894,334.5,859.0,436.5
2422,40.35872392348032,188,802,483,874,335.5,838.0,415.5
2423,40.37538731073196,188,786,485,858,336.5,822.0,399.5
2424,40.392050697983606,188,777,486,850,337.0,813.5,391.0
2425,40.408714085235246,190,774,487,846,338.5,810.0,387.5
2426,40.42537747248689,190,773,488,845,339.0,809.0,386.5
2427,40.44204085973853,191,778,489,850,340.0,814.0,391.5
2428,40.45870424699018,194,790,490,862,342.0,826.0,403.5
2429,40.47536763424182,198,809,493,880,345.5,844.5,422.0
2430,40.49203102149347,198,833,492,906,345.0,869.5,447.0
2431,40.50869440874511,203,833,493,935,348.0,884.0,461.5
2432,40.52535779599675,203,893,494,965,348.5,929.0,506.5
2433,40.542021183248394,204,925,491,999,347.5,962.0,539.5
2434,40.558684570500034,205,961,491,1032,348.0,996.5,574.0
2435,40.57534795775168,205,994,494,1066,349.5,1030.0,607.5
2436,40.59201134500332,201,1020,495,1092,348.0,1056.0,633.5
2437,40.60867473225497,202,1045,495,1118,348.5,1081.5,659.0
2438,40.62533811950661,201,1069,495,1140,348.0,1104.5,682.0
2439,40.642001506758255,201,1088,494,1158,347.5,1123.0,700.5
2440,40.658664894009895,196,1102,494,1173,345.0,1137.5,715.0
2441,40.67532828126154,195,1113,492,1182,343.5,1147.5,725.0
2442,40.69199166851318,195,1112,492,1182,343.5,1147.0,724.5
2443,40.70865505576483,193,1108,490,1178,341.5,1143.0,720.5
2444,40.72531844301647,192,1096,488,1166,340.0,1131.0,708.5
2445,40.74198183026812,192,1079,486,1148,339.0,1113.5,691.0
2446,40.758645217519756,191,1054,484,1124,337.5,1089.0,666.5
2447,40.7753086047714,193,1025,483,1096,338.0,1060.5,638.0
2448,40.79197199202304,191,996,482,1066,336.5,1031.0,608.5
2449,40.80863537927469,190,965,481,1036,335.5,1000.5,578.0
2450,40.82529876652633,188,934,482,1006,335.0,970.0,547.5
2451,40.84196215377798,188,905,479,976,333.5,940.5,518.0
2452,40.85862554102962,184,874,479,947,331.5,910.5,488.0
2453,40.875288928281265,184,844,479,917,331.5,880.5,458.0
2454,40.891952315532905,185,821,480,892,332.5,856.5,434.0
2455,40.90861570278455,184,799,481,871,332.5,835.0,412.5
2456,40.92527909003619,185,785,482,856,333.5,820.5,398.0
2457,40.94194247728784,186,775,484,846,335.0,810.5,388.0
2458,40.95860586453948,186,772,485,844,335.5,808.0,385.5
2459,40.975269251791126,187,777,484,848,335.5,812.5,390.0
2460,40.991932639042766,190,788,488,861,339.0,824.5,402.0
2461,41.00859602629441,192,803,487,876,339.5,839.5,417.0
2462,41.02525941354605,194,826,489,896,341.5,861.0,438.5
2463,41.04192280079769,195,846,488,921,341.5,883.5,461.0
2464,41.05858618804934,200,871,490,945,345.0,908.0,485.5
2465,41.07524957530098,200,902,492,975,346.0,938.5,516.0
2466,41.09191296255263,201,932,493,1006,347.0,969.0,546.5
2467,41.10857634980427,205,966,493,1036,349.0,1001.0,578.5
2468,41.125239737055914,204,996,494,1067,349.0,1031.5,609.0
2469,41.141903124307554,204,1028,494,1098,349.0,1063.0,640.5
2470,41.1585665115592,201,1056,496,1126,348.5,1091.0,668.5
2471,41.17522989881084,200,1076,496,1148,348.0,1112.0,689.5
2472,41.19189328606249,200,1093,498,1164,349.0,1128.5,706.0
2473,41.20855667331413,199,1104,496,1173,347.5,1138.5,716.0
2474,41.225220060565775,198,1105,496,1176,347.0,1140.5,718.0
2475,41.241883447817415,198,1104,496,1175,347.0,1139.5,717.0
2476,41.25854683506906,196,1097,493,1166,344.5,1131.5,709.0
2477,41.2752102223207,194,1082,491,1154,342.5,1118.0,695.5
2478,41.29187360957235,193,1065,489,1136,341.0,1100.5,678.0
2479,41.30853699682399,192,1046,487,1116,339.5,1081.0,658.5
2480,41.325200384075636,191,1017,487,1091,339.0,1054.0,631.5
2481,41.341863771327276,191,992,484,1065,337.5,1028.5,606.0
2482,41.35852715857892,190,957,483,1029,336.5,993.0,570.5
2483,41.37519054583056,189,924,480,995,334.5,959.5,537.0
2484,41.39185393308221,188,894,480,965,334.0,929.5,507.0
2485,41.40851732033385,188,863,480,934,334.0,898.5,476.0
2486,41.4251807075855,186,839,480,910,333.0,874.5,452.0
2487,41.44184409483714,184,819,480,889,332.0,854.0,431.5
2488,41.458507482088784,183,801,481,872,332.0,836.5,414.0
2489,41.475170869340424,183,790,481,861,332.0,825.5,403.0
2490,41.49183425659207,183,785,480,856,331.5,820.5,398.0
2491,41.50849764384371,184,782,481,854,332.5,818.0,395.5
2492,41.52516103109536,186,786,483,857,334.5,821.5,399.0
2493,41.541824418347,187,794,484,865,335.5,829.5,407.0
2494,41.558487805598645,188,809,484,881,336.0,845.0,422.5
2495,41.575151192850285,192,828,486,902,339.0,865.0,442.5
2496,41.591814580101925,195,858,485,929,340.0,893.5,471.0
2497,41.60847796735357,195,886,488,958,341.5,922.0,499.5
2498,41.62514135460521,196,917,488,990,342.0,953.5,531.0
2499,41.64180474185686,200,948,488,1022,344.0,985.0,562.5
2500,41.6584681291085,200,979,490,1050,345.0,1014.5,592.0
2501,41.675131516360146,201,1009,492,1079,346.5,1044.0,621.5
2502,41.691794903611786,199,1034,491,1102,345.0,1068.0,645.5
2503,41.70845829086343,201,1055,495,1125,348.0,1090.0,667.5
2504,41.72512167811507,201,1075,496,1144,348.5,1109.5,687.0
2505,41.74178506536672,201,1088,496,1158,348.5,1123.0,700.5
2506,41.75844845261836,201,1100,496,1170,348.5,1135.0,712.5
2507,41.77511183987001,200,1106,497,1175,348.5,1140.5,718.0
2508,41.79177522712165,200,1104,495,1172,347.5,1138.0,715.5
2509,41.808438614373294,203,1092,496,1162,349.5,1127.0,704.5
2510,41.825102001624934,200,1076,493,1146,346.5,1111.0,688.5
2511,41.84176538887658,196,1056,492,1128,344.0,1092.0,669.5
2512,41.85842877612822,198,1028,490,1101,344.0,1064.5,642.0
2513,41.87509216337987,195,1001,488,1073,341.5,1037.0,614.5
2514,41.89175555063151,192,975,486,1047,339.0,1011.0,588.5
2515,41.908418937883155,193,947,486,1018,339.5,982.5,560.0
2516,41.925082325134795,192,918,484,989,338.0,953.5,531.0
2517,41.94174571238644,190,887,483,962,336.5,924.5,502.0
2518,41.95840909963808,191,862,482,934,336.5,898.0,475.5
2519,41.97507248688973,188,836,480,908,334.0,872.0,449.5
2520,41.99173587414137,186,815,482,886,334.0,850.5,428.0
2521,42.008399261393016,185,800,481,870,333.0,835.0,412.5
2522,42.025062648644656,184,788,483,860,333.5,824.0,401.5
2523,42.0417260358963,183,783,482,855,332.5,819.0,396.5
2524,42.05838942314794,184,785,482,856,333.0,820.5,398.0
2525,42.07505281039959,184,793,482,864,333.0,828.5,406.0
2526,42.09171619765123,185,808,481,879,333.0,843.5,421.0
2527,42.10837958490287,187,825,482,896,334.5,860.5,438.0
2528,42.12504297215452,189,844,484,917,336.5,880.5,458.0
2529,42.14170635940616,190,868,483,940,336.5,904.0,481.5
2530,42.158369746657804,192,893,485,965,338.5,929.0,506.5
2531,42.175033133909444,194,924,485,994,339.5,959.0,536.5
2532,42.19169652116109,197,953,487,1025,342.0,989.0,566.5
2533,42.20835990841273,199,982,490,1054,344.5,1018.0,595.5
2534,42.22502329566438,198,1012,489,1084,343.5,1048.0,625.5
2535,42.24168668291602,200,1039,492,1110,346.0,1074.5,652.0
2536,42.258350070167666,200,1062,494,1132,347.0,1097.0,674.5
2537,42.275013457419305,199,1080,494,1149,346.5,1114.5,692.0
2538,42.29167684467095,199,1092,495,1160,347.0,1126.0,703.5
2539,42.30834023192259,200,1096,495,1163,347.5,1129.5,707.0
2540,42.32500361917424,200,1096,496,1163,348.0,1129.5,707.0
2541,42.34166700642588,199,1091,496,1159,347.5,1125.0,702.5
2542,42.35833039367753,199,1074,496,1151,347.5,1112.5,690.0
2543,42.37499378092917,199,1066,496,1137,347.5,1101.5,679.0
2544,42.391657168180814,200,1047,495,1118,347.5,1082.5,660.0
2545,42.408320555432454,200,1023,493,1095,346.5,1059.0,636.5
2546,42.4249839426841,197,997,491,1068,344.0,1032.5,610.0
2547,42.44164732993574,197,967,490,1038,343.5,1002.5,580.0
2548,42.45831071718739,198,936,488,1007,343.0,971.5,549.0
2549,42.47497410443903,194,906,487,977,340.5,941.5,519.0
2550,42.491637491690675,192,875,487,948,339.5,911.5,489.0
2551,42.508300878942315,192,852,487,924,339.5,888.0,465.5
2552,42.52496426619396,188,833,483,904,335.5,868.5,446.0
2553,42.5416276534456,186,815,484,886,335.0,850.5,428.0
2554,42.55829104069725,186,803,483,874,334.5,838.5,416.0
2555,42.57495442794889,185,795,481,866,333.0,830.5,408.0
2556,42.591617815200536,185,791,481,862,333.0,826.5,404.0
2557,42.608281202452176,185,793,481,864,333.0,828.5,406.0
2558,42.624944589703816,184,799,482,870,333.0,834.5,412.0
2559,42.64160797695546,185,812,481,883,333.0,847.5,425.0
2560,42.6582713642071,186,830,481,900,333.5,865.0,442.5
2561,42.67493475145875,187,853,481,924,334.0,888.5,466.0
2562,42.69159813871039,191,880,479,951,335.0,915.5,493.0
2563,42.70826152596204,190,906,482,981,336.0,943.5,521.0
2564,42.72492491321368,190,936,484,1008,337.0,972.0,549.5
2565,42.741588300465324,190,965,485,1036,337.5,1000.5,578.0
2566,42.758251687716964,194,993,486,1063,340.0,1028.0,605.5
2567,42.77491507496861,194,1019,487,1088,340.5,1053.5,631.0
2568,42.79157846222025,194,1039,488,1110,341.0,1074.5,652.0
2569,42.8082418494719,195,1057,490,1128,342.5,1092.5,670.0
2570,42.82490523672354,195,1076,492,1145,343.5,1110.5,688.0
2571,42.841568623975185,195,1086,493,1156,344.0,1121.0,698.5
2572,42.858232011226825,198,1094,495,1164,346.5,1129.0,706.5
2573,42.87489539847847,198,1095,495,1165,346.5,1130.0,707.5
2574,42.89155878573011,199,1087,496,1156,347.5,1121.5,699.0
2575,42.90822217298176,198,1072,495,1142,346.5,1107.0,684.5
2576,42.9248855602334,199,1052,495,1125,347.0,1088.5,666.0
2577,42.941548947485046,200,1034,495,1104,347.5,1069.0,646.5
2578,42.958212334736686,200,1009,493,1079,346.5,1044.0,621.5
2579,42.97487572198833,200,982,492,1054,346.0,1018.0,595.5
2580,42.99153910923997,200,955,492,1027,346.0,991.0,568.5
2581,43.00820249649162,200,929,492,1000,346.0,964.5,542.0
2582,43.02486588374326,196,901,490,973,343.0,937.0,514.5
2583,43.04152927099491,197,876,491,949,344.0,912.5,490.0
2584,43.05819265824655,195,850,488,921,341.5,885.5,463.0
2585,43.074856045498194,193,829,488,898,340.5,863.5,441.0
2586,43.091519432749834,190,811,487,881,338.5,846.0,423.5
2587,43.10818282000148,187,800,486,870,336.5,835.0,412.5
2588,43.12484620725312,187,794,486,866,336.5,830.0,407.5
2589,43.14150959450477,187,794,485,865,336.0,829.5,407.0
2590,43.15817298175641,185,800,483,871,334.0,835.5,413.0
2591,43.17483636900805,184,812,482,882,333.0,847.0,424.5
2592,43.191499756259695,185,824,481,897,333.0,860.5,438.0
2593,43.208163143511335,185,844,481,914,333.0,879.0,456.5
2594,43.22482653076298,186,864,480,936,333.0,900.0,477.5
2595,43.24148991801462,185,888,480,958,332.5,923.0,500.5
2596,43.25815330526627,187,913,480,984,333.5,948.5,526.0
2597,43.27481669251791,189,940,482,1014,335.5,977.0,554.5
2598,43.291480079769556,190,971,481,1044,335.5,1007.5,585.0
2599,43.308143467021196,192,999,482,1070,337.0,1034.5,612.0
2600,43.32480685427284,192,1024,484,1096,338.0,1060.0,637.5
2601,43.34147024152448,193,1048,486,1119,339.5,1083.5,661.0
2602,43.35813362877613,192,1065,487,1135,339.5,1100.0,677.5
2603,43.37479701602777,193,1078,487,1148,340.0,1113.0,690.5
2604,43.39146040327942,193,1086,490,1154,341.5,1120.0,697.5
2605,43.40812379053106,194,1085,491,1154,342.5,1119.5,697.0
2606,43.424787177782704,196,1082,491,1152,343.5,1117.0,694.5
2607,43.441450565034344,195,1077,494,1149,344.5,1113.0,690.5
2608,43.45811395228599,197,1065,494,1135,345.5,1100.0,677.5
2609,43.47477733953763,200,1050,495,1118,347.5,1084.0,661.5
2610,43.49144072678928,200,1030,495,1099,347.5,1064.5,642.0
2611,43.50810411404092,202,1001,494,1072,348.0,1036.5,614.0
2612,43.524767501292565,201,977,494,1047,347.5,1012.0,589.5
2613,43.541430888544205,201,947,493,1017,347.0,982.0,559.5
2614,43.55809427579585,200,918,491,989,345.5,953.5,531.0
2615,43.57475766304749,197,888,492,961,344.5,924.5,502.0
2616,43.59142105029914,195,865,492,936,343.5,900.5,478.0
2617,43.60808443755078,193,846,491,918,342.0,882.0,459.5
2618,43.62474782480243,192,828,490,901,341.0,864.5,442.0
2619,43.64141121205407,192,816,489,887,340.5,851.5,429.0
2620,43.65807459930571,191,806,488,877,339.5,841.5,419.0
2621,43.67473798655735,190,801,487,872,338.5,836.5,414.0
2622,43.69140137380899,189,799,487,872,338.0,835.5,413.0
2623,43.70806476106064,189,805,485,876,337.0,840.5,418.0
2624,43.72472814831228,187,815,484,886,335.5,850.5,428.0
2625,43.74139153556393,186,830,484,902,335.0,866.0,443.5
2626,43.75805492281557,188,850,483,922,335.5,886.0,463.5
2627,43.774718310067215,188,875,481,946,334.5,910.5,488.0
2628,43.791381697318855,189,901,480,973,334.5,937.0,514.5
2629,43.8080450845705,185,930,481,1001,333.0,965.5,543.0
2630,43.82470847182214,189,954,481,1026,335.0,990.0,567.5
2631,43.84137185907379,188,978,481,1051,334.5,1014.5,592.0
2632,43.85803524632543,188,1004,480,1076,334.0,1040.0,617.5
2633,43.874698633577076,190,1027,482,1098,336.0,1062.5,640.0
2634,43.891362020828716,190,1046,484,1117,337.0,1081.5,659.0
2635,43.90802540808036,189,1062,485,1133,337.0,1097.5,675.0
2636,43.924688795332,191,1075,486,1144,338.5,1109.5,687.0
2637,43.94135218258365,192,1083,487,1153,339.5,1118.0,695.5
2638,43.95801556983529,193,1087,487,1156,340.0,1121.5,699.0
2639,43.97467895708694,193,1080,488,1152,340.5,1116.0,693.5
2640,43.99134234433858,194,1068,491,1139,342.5,1103.5,681.0
2641,44.008005731590224,195,1054,492,1124,343.5,1089.0,666.5
2642,44.024669118841864,200,1034,493,1105,346.5,1069.5,647.0
2643,44.04133250609351,197,1012,492,1084,344.5,1048.0,625.5
2644,44.05799589334515,197,991,492,1061,344.5,1026.0,603.5
2645,44.0746592805968,197,964,493,1037,345.0,1000.5,578.0
2646,44.09132266784844,201,939,493,1010,347.0,974.5,552.0
2647,44.107986055100085,200,914,493,984,346.5,949.0,526.5
2648,44.124649442351725,198,888,493,958,345.5,923.0,500.5
2649,44.14131282960337,197,865,493,936,345.0,900.5,478.0
2650,44.15797621685501,198,840,494,914,346.0,877.0,454.5
2651,44.17463960410666,196,823,492,895,344.0,859.0,436.5
2652,44.1913029913583,194,811,492,882,343.0,846.5,424.0
2653,44.20796637860994,192,805,491,876,341.5,840.5,418.0
2654,44.224629765861586,192,801,490,875,341.0,838.0,415.5
2655,44.241293153113226,192,807,489,878,340.5,842.5,420.0
2656,44.25795654036487,191,815,487,887,339.0,851.0,428.5
2657,44.27461992761651,189,828,485,899,337.0,863.5,441.0
2658,44.29128331486816,189,842,486,914,337.5,878.0,455.5
2659,44.3079467021198,188,862,485,933,336.5,897.5,475.0
2660,44.32461008937145,187,882,484,954,335.5,918.0,495.5
2661,44.34127347662309,189,906,482,978,335.5,942.0,519.5
2662,44.357936863874734,188,930,482,1004,335.0,967.0,544.5
2663,44.374600251126374,191,960,481,1032,336.0,996.0,573.5
2664,44.39126363837802,190,988,481,1059,335.5,1023.5,601.0
2665,44.40792702562966,187,1012,481,1083,334.0,1047.5,625.0
2666,44.42459041288131,187,1033,482,1104,334.5,1068.5,646.0
2667,44.44125380013295,186,1052,483,1122,334.5,1087.0,664.5
2668,44.457917187384595,186,1064,483,1135,334.5,1099.5,677.0
2669,44.474580574636235,187,1073,483,1144,335.0,1108.5,686.0
2670,44.49124396188788,188,1077,485,1148,336.5,1112.5,690.0
2671,44.50790734913952,189,1075,484,1146,336.5,1110.5,688.0
2672,44.52457073639117,192,1070,488,1140,340.0,1105.0,682.5
2673,44.54123412364281,192,1061,487,1132,339.5,1096.5,674.0
2674,44.557897510894456,192,1048,488,1118,340.0,1083.0,660.5
2675,44.574560898146096,193,1031,488,1101,340.5,1066.0,643.5
2676,44.59122428539774,197,1008,490,1078,343.5,1043.0,620.5
2677,44.60788767264938,197,981,490,1053,343.5,1017.0,594.5
2678,44.62455105990103,199,954,492,1027,345.5,990.5,568.0
2679,44.64121444715267,199,927,493,1000,346.0,963.5,541.0
2680,44.65787783440432,198,902,493,974,345.5,938.0,515.5
2681,44.67454122165596,200,877,493,949,346.5,913.0,490.5
2682,44.691204608907604,197,856,494,928,345.5,892.0,469.5
2683,44.707867996159244,195,841,493,912,344.0,876.5,454.0
2684,44.724531383410884,195,828,492,900,343.5,864.0,441.5
2685,44.74119477066253,195,816,493,888,344.0,852.0,429.5
2686,44.75785815791417,194,809,493,882,343.5,845.5,423.0
2687,44.77452154516582,195,808,493,880,344.0,844.0,421.5
2688,44.79118493241746,194,809,491,882,342.5,845.5,423.0
2689,44.807848319669105,192,817,491,890,341.5,853.5,431.0
2690,44.824511706920745,192,831,489,903,340.5,867.0,444.5
2691,44.84117509417239,193,850,488,920,340.5,885.0,462.5
2692,44.85783848142403,193,871,488,943,340.5,907.0,484.5
2693,44.87450186867568,193,894,485,968,339.0,931.0,508.5
2694,44.89116525592732,192,921,484,993,338.0,957.0,534.5
2695,44.907828643178966,191,945,484,1018,337.5,981.5,559.0
2696,44.924492030430606,189,967,483,1042,336.0,1004.5,582.0
2697,44.94115541768225,190,992,483,1063,336.5,1027.5,605.0
2698,44.95781880493389,189,1014,483,1086,336.0,1050.0,627.5
2699,44.97448219218554,187,1034,483,1104,335.0,1069.0,646.5
2700,44.99114557943718,188,1049,483,1122,335.5,1085.5,663.0
2701,45.00780896668883,186,1065,482,1134,334.0,1099.5,677.0
2702,45.02447235394047,186,1074,484,1143,335.0,1108.5,686.0
2703,45.041135741192114,188,1078,484,1146,336.0,1112.0,689.5
2704,45.057799128443754,187,1076,483,1144,335.0,1110.0,687.5
2705,45.0744625156954,189,1066,485,1136,337.0,1101.0,678.5
2706,45.09112590294704,189,1053,485,1122,337.0,1087.5,665.0
2707,45.10778929019869,191,1035,487,1106,339.0,1070.5,648.0
2708,45.12445267745033,192,1014,488,1086,340.0,1050.0,627.5
2709,45.141116064701976,193,995,487,1066,340.0,1030.5,608.0
2710,45.157779451953616,192,972,488,1044,340.0,1008.0,585.5
2711,45.17444283920526,196,946,488,1020,342.0,983.0,560.5
2712,45.1911062264569,194,924,488,995,341.0,959.5,537.0
2713,45.20776961370855,199,901,492,972,345.5,936.5,514.0
2714,45.22443300096019,196,877,492,948,344.0,912.5,490.0
2715,45.24109638821184,198,855,493,926,345.5,890.5,468.0
2716,45.25775977546348,197,835,492,907,344.5,871.0,448.5
2717,45.27442316271512,198,823,495,893,346.5,858.0,435.5
2718,45.291086549966764,196,814,495,886,345.5,850.0,427.5
2719,45.307749937218404,198,813,494,884,346.0,848.5,426.0
2720,45.32441332447005,195,814,494,885,344.5,849.5,427.0
2721,45.34107671172169,197,820,494,892,345.5,856.0,433.5
2722,45.35774009897334,193,830,492,901,342.5,865.5,443.0
2723,45.37440348622498,195,842,491,914,343.0,878.0,455.5
2724,45.391066873476625,193,859,491,930,342.0,894.5,472.0
2725,45.407730260728265,194,880,490,951,342.0,915.5,493.0
2726,45.42439364797991,194,900,489,972,341.5,936.0,513.5
2727,45.44105703523155,194,925,488,996,341.0,960.5,538.0
2728,45.4577204224832,194,951,487,1022,340.5,986.5,564.0
2729,45.47438380973484,192,976,486,1048,339.0,1012.0,589.5
2730,45.491047196986486,191,1001,484,1072,337.5,1036.5,614.0
2731,45.507710584238126,190,1023,485,1095,337.5,1059.0,636.5
2732,45.52437397148977,188,1042,484,1112,336.0,1077.0,654.5
2733,45.54103735874141,187,1052,483,1123,335.0,1087.5,665.0
2734,45.55770074599306,188,1064,483,1132,335.5,1098.0,675.5
2735,45.5743641332447,188,1068,482,1138,335.0,1103.0,680.5
2736,45.59102752049635,187,1068,484,1138,335.5,1103.0,680.5
2737,45.60769090774799,187,1065,484,1134,335.5,1099.5,677.0
2738,45.624354294999634,188,1058,485,1127,336.5,1092.5,670.0
2739,45.641017682251274,188,1048,484,1118,336.0,1083.0,660.5
2740,45.65768106950292,189,1030,485,1102,337.0,1066.0,643.5
2741,45.67434445675456,191,1011,484,1082,337.5,1046.5,624.0
2742,45.69100784400621,191,987,485,1058,338.0,1022.5,600.0
2743,45.70767123125785,193,961,486,1035,339.5,998.0,575.5
2744,45.724334618509495,192,936,487,1008,339.5,972.0,549.5
2745,45.740998005761135,192,912,488,984,340.0,948.0,525.5
2746,45.75766139301278,192,889,487,962,339.5,925.5,503.0
2747,45.77432478026442,192,871,489,942,340.5,906.5,484.0
2748,45.79098816751606,193,851,491,924,342.0,887.5,465.0
2749,45.80765155476771,194,839,492,910,343.0,874.5,452.0
2750,45.82431494201935,195,827,491,900,343.0,863.5,441.0
2751,45.840978329270996,195,820,494,892,344.5,856.0,433.5
2752,45.857641716522636,196,815,495,888,345.5,851.5,429.0
2753,45.87430510377428,197,815,495,888,346.0,851.5,429.0
2754,45.89096849102592,200,823,495,894,347.5,858.5,436.0
2755,45.90763187827757,196,833,494,904,345.0,868.5,446.0
2756,45.92429526552921,197,851,494,921,345.5,886.0,463.5
2757,45.94095865278086,197,869,492,940,344.5,904.5,482.0
2758,45.9576220400325,196,889,490,962,343.0,925.5,503.0
2759,45.974285427284144,194,914,492,985,343.0,949.5,527.0
2760,45.990948814535784,196,937,490,1009,343.0,973.0,550.5
2761,46.00761220178743,195,961,490,1032,342.5,996.5,574.0
2762,46.02427558903907,194,981,488,1052,341.0,1016.5,594.0
2763,46.04093897629072,193,1002,488,1074,340.5,1038.0,615.5
2764,46.05760236354236,192,1022,488,1092,340.0,1057.0,634.5
2765,46.074265750794005,191,1040,488,1110,339.5,1075.0,652.5
2766,46.090929138045645,189,1055,486,1124,337.5,1089.5,667.0
2767,46.10759252529729,190,1064,486,1134,338.0,1099.0,676.5
2768,46.12425591254893,188,1068,486,1138,337.0,1103.0,680.5
2769,46.14091929980058,188,1066,486,1137,337.0,1101.5,679.0
2770,46.15758268705222,187,1062,485,1132,336.0,1097.0,674.5
2771,46.174246074303866,187,1051,484,1120,335.5,1085.5,663.0
2772,46.190909461555506,188,1035,482,1104,335.0,1069.5,647.0
2773,46.20757284880715,188,1017,483,1087,335.5,1052.0,629.5
2774,46.22423623605879,187,998,484,1068,335.5,1033.0,610.5
2775,46.24089962331044,188,977,484,1048,336.0,1012.5,590.0
2776,46.25756301056208,188,956,483,1026,335.5,991.0,568.5
2777,46.27422639781373,189,932,486,1004,337.5,968.0,545.5
2778,46.29088978506537,191,910,485,982,338.0,946.0,523.5
2779,46.30755317231701,191,888,486,959,338.5,923.5,501.0
2780,46.324216559568654,191,868,486,937,338.5,902.5,480.0
2781,46.340879946820294,191,848,488,920,339.5,884.0,461.5
2782,46.35754333407194,193,834,489,905,341.0,869.5,447.0
2783,46.37420672132358,192,825,490,896,341.0,860.5,438.0
2784,46.39087010857523,194,820,491,892,342.5,856.0,433.5
2785,46.40753349582687,194,820,492,892,343.0,856.0,433.5
2786,46.424196883078515,193,826,493,898,343.0,862.0,439.5
2787,46.440860270330155,195,834,493,905,344.0,869.5,447.0
2788,46.4575236575818,195,845,494,917,344.5,881.0,458.5
2789,46.47418704483344,198,859,494,929,346.0,894.0,471.5
2790,46.49085043208509,197,877,494,948,345.5,912.5,490.0
2791,46.50751381933673,199,897,494,968,346.5,932.5,510.0
2792,46.52417720658838,197,919,493,990,345.0,954.5,532.0
2793,46.54084059384002,197,941,492,1014,344.5,977.5,555.0
2794,46.55750398109166,199,967,492,1039,345.5,1003.0,580.5
2795,46.5741673683433,197,990,492,1062,344.5,1026.0,603.5
2796,46.59083075559495,194,1010,490,1084,342.0,1047.0,624.5
2797,46.60749414284659,195,1028,490,1100,342.5,1064.0,641.5
2798,46.62415753009824,193,1043,490,1113,341.5,1078.0,655.5
2799,46.64082091734988,192,1052,488,1122,340.0,1087.0,664.5
2800,46.657484304601525,191,1057,488,1128,339.5,1092.5,670.0
2801,46.674147691853165,191,1062,488,1131,339.5,1096.5,674.0
2802,46.69081107910481,189,1061,488,1130,338.5,1095.5,673.0
2803,46.70747446635645,190,1055,486,1124,338.0,1089.5,667.0
2804,46.7241378536081,188,1044,485,1114,336.5,1079.0,656.5
2805,46.74080124085974,187,1032,483,1101,335.0,1066.5,644.0
2806,46.757464628111386,187,1014,481,1084,334.0,1049.0,626.5
2807,46.774128015363026,188,992,481,1064,334.5,1028.0,605.5
2808,46.79079140261467,187,970,481,1040,334.0,1005.0,582.5
2809,46.80745478986631,188,944,480,1016,334.0,980.0,557.5
2810,46.82411817711796,187,922,482,992,334.5,957.0,534.5
2811,46.8407815643696,188,900,482,972,335.0,936.0,513.5
2812,46.85744495162124,188,880,483,952,335.5,916.0,493.5
2813,46.87410833887289,188,863,484,936,336.0,899.5,477.0
2814,46.89077172612453,189,850,486,920,337.5,885.0,462.5
2815,46.907435113376174,189,840,488,910,338.5,875.0,452.5
2816,46.924098500627814,189,831,487,902,338.0,866.5,444.0
2817,46.94076188787946,190,826,489,896,339.5,861.0,438.5
2818,46.9574252751311,190,825,489,895,339.5,860.0,437.5
2819,46.97408866238275,192,826,490,898,341.0,862.0,439.5
2820,46.99075204963439,193,836,491,908,342.0,872.0,449.5
2821,47.007415436886035,194,850,491,922,342.5,886.0,463.5
2822,47.024078824137675,195,867,493,939,344.0,903.0,480.5
2823,47.04074221138932,195,885,493,958,344.0,921.5,499.0
2824,47.05740559864096,196,906,493,978,344.5,942.0,519.5
2825,47.07406898589261,198,930,494,1000,346.0,965.0,542.5
2826,47.09073237314425,198,951,493,1022,345.5,986.5,564.0
2827,47.107395760395896,198,972,494,1043,346.0,1007.5,585.0
2828,47.124059147647536,198,992,495,1063,346.5,1027.5,605.0
2829,47.14072253489918,197,1010,493,1081,345.0,1045.5,623.0
2830,47.15738592215082,197,1026,493,1098,345.0,1062.0,639.5
2831,47.17404930940247,195,1042,493,1113,344.0,1077.5,655.0
2832,47.19071269665411,193,1054,491,1124,342.0,1089.0,666.5
2833,47.20737608390576,193,1060,490,1129,341.5,1094.5,672.0
2834,47.2240394711574,193,1060,490,1129,341.5,1094.5,672.0
2835,47.240702858409044,192,1056,488,1125,340.0,1090.5,668.0
2836,47.257366245660684,191,1048,487,1117,339.0,1082.5,660.0
2837,47.27402963291233,190,1033,486,1104,338.0,1068.5,646.0
2838,47.29069302016397,190,1017,485,1090,337.5,1053.5,631.0
2839,47.30735640741562,188,999,485,1072,336.5,1035.5,613.0
2840,47.32401979466726,188,981,483,1052,335.5,1016.5,594.0
2841,47.340683181918905,188,964,482,1032,335.0,998.0,575.5
2842,47.357346569170545,186,943,481,1013,333.5,978.0,555.5
2843,47.374009956422185,187,921,481,990,334.0,955.5,533.0
2844,47.39067334367383,186,898,482,968,334.0,933.0,510.5
2845,47.40733673092547,185,878,482,947,333.5,912.5,490.0
2846,47.42400011817712,185,860,482,931,333.5,895.5,473.0
2847,47.44066350542876,186,846,483,916,334.5,881.0,458.5
2848,47.457326892680406,185,835,484,906,334.5,870.5,448.0
2849,47.473990279932046,188,828,485,901,336.5,864.5,442.0
2850,47.49065366718369,187,829,485,900,336.0,864.5,442.0
2851,47.50731705443533,188,831,487,902,337.5,866.5,444.0
2852,47.52398044168698,190,838,487,910,338.5,874.0,451.5
2853,47.54064382893862,191,848,488,919,339.5,883.5,461.0
2854,47.55730721619027,192,859,490,930,341.0,894.5,472.0
2855,47.57397060344191,193,871,491,943,342.0,907.0,484.5
2856,47.590633990693554,193,891,492,964,342.5,927.5,505.0
2857,47.607297377945194,194,912,490,984,342.0,948.0,525.5
2858,47.62396076519684,196,935,492,1005,344.0,970.0,547.5
2859,47.64062415244848,198,958,492,1029,345.0,993.5,571.0
2860,47.65728753970013,197,980,492,1051,344.5,1015.5,593.0
2861,47.67395092695177,198,1001,494,1072,346.0,1036.5,614.0
2862,47.690614314203415,197,1018,493,1090,345.0,1054.0,631.5
2863,47.707277701455055,197,1032,493,1102,345.0,1067.0,644.5
2864,47.7239410887067,197,1041,495,1112,346.0,1076.5,654.0
2865,47.74060447595834,196,1048,495,1118,345.5,1083.0,660.5
2866,47.75726786320999,197,1054,493,1123,345.0,1088.5,666.0
2867,47.77393125046163,196,1053,493,1122,344.5,1087.5,665.0
2868,47.790594637713276,194,1049,492,1119,343.0,1084.0,661.5
2869,47.807258024964916,192,1042,491,1112,341.5,1077.0,654.5
2870,47.82392141221656,193,1030,489,1100,341.0,1065.0,642.5
2871,47.8405847994682,192,1015,488,1085,340.0,1050.0,627.5
2872,47.85724818671985,190,997,487,1067,338.5,1032.0,609.5
2873,47.87391157397149,192,975,486,1046,339.0,1010.5,588.0
2874,47.89057496122313,190,951,485,1022,337.5,986.5,564.0
2875,47.90723834847478,188,929,483,1000,335.5,964.5,542.0
2876,47.92390173572642,187,911,483,980,335.0,945.5,523.0
2877,47.940565122978064,186,892,482,963,334.0,927.5,505.0
2878,47.957228510229704,186,875,482,945,334.0,910.0,487.5
2879,47.97389189748135,187,861,482,931,334.5,896.0,473.5
2880,47.99055528473299,185,849,483,919,334.0,884.0,461.5
2881,48.00721867198464,185,839,483,910,334.0,874.5,452.0
2882,48.02388205923628,185,833,483,904,334.0,868.5,446.0
2883,48.040545446487926,186,832,484,902,335.0,867.0,444.5
2884,48.057208833739566,185,832,484,903,334.5,867.5,445.0
2885,48.07387222099121,188,839,487,910,337.5,874.5,452.0
2886,48.09053560824285,189,850,487,921,338.0,885.5,463.0
2887,48.1071989954945,190,864,487,938,338.5,901.0,478.5
2888,48.12386238274614,192,884,488,955,340.0,919.5,497.0
2889,48.14052576999779,193,903,489,974,341.0,938.5,516.0
2890,48.15718915724943,194,922,488,993,341.0,957.5,535.0
2891,48.173852544501074,194,943,490,1014,342.0,978.5,556.0
2892,48.190515931752714,197,962,491,1034,344.0,998.0,575.5
2893,48.20717931900436,197,981,493,1053,345.0,1017.0,594.5
2894,48.223842706256,197,1001,493,1070,345.0,1035.5,613.0
2895,48.24050609350765,198,1016,494,1088,346.0,1052.0,629.5
2896,48.25716948075929,197,1032,496,1102,346.5,1067.0,644.5
2897,48.273832868010935,198,1042,495,1114,346.5,1078.0,655.5
2898,48.290496255262575,197,1051,494,1121,345.5,1086.0,663.5
2899,48.30715964251422,197,1052,494,1123,345.5,1087.5,665.0
2900,48.32382302976586,197,1050,495,1119,346.0,1084.5,662.0
2901,48.34048641701751,196,1043,492,1112,344.0,1077.5,655.0
2902,48.35714980426915,196,1033,493,1102,344.5,1067.5,645.0
2903,48.373813191520796,195,1019,492,1090,343.5,1054.5,632.0
2904,48.390476578772436,193,1002,489,1074,341.0,1038.0,615.5
2905,48.40713996602408,193,987,490,1056,341.5,1021.5,599.0
2906,48.42380335327572,194,969,488,1038,341.0,1003.5,581.0
2907,48.44046674052736,191,950,486,1020,338.5,985.0,562.5
2908,48.45713012777901,189,928,485,1000,337.0,964.0,541.5
2909,48.47379351503065,189,907,484,978,336.5,942.5,520.0
2910,48.4904569022823,188,886,483,957,335.5,921.5,499.0
2911,48.50712028953394,187,868,483,941,335.0,904.5,482.0
2912,48.523783676785584,187,856,483,926,335.0,891.0,468.5
2913,48.540447064037224,186,846,483,916,334.5,881.0,458.5
2914,48.55711045128887,185,838,482,910,333.5,874.0,451.5
2915,48.57377383854051,185,837,483,907,334.0,872.0,449.5
2916,48.59043722579216,185,837,483,908,334.0,872.5,450.0
2917,48.6071006130438,185,842,483,913,334.0,877.5,455.0
2918,48.623764000295445,186,849,484,921,335.0,885.0,462.5
2919,48.640427387547085,187,861,485,931,336.0,896.0,473.5
2920,48.65709077479873,188,871,487,943,337.5,907.0,484.5
2921,48.67375416205037,189,886,487,958,338.0,922.0,499.5
2922,48.69041754930202,193,907,488,978,340.5,942.5,520.0
2923,48.70708093655366,192,929,488,1000,340.0,964.5,542.0
2924,48.723744323805306,193,948,488,1021,340.5,984.5,562.0
2925,48.740407711056946,194,969,492,1043,343.0,1006.0,583.5
2926,48.75707109830859,194,989,492,1062,343.0,1025.5,603.0
2927,48.77373448556023,197,1007,493,1079,345.0,1043.0,620.5
2928,48.79039787281188,197,1022,495,1093,346.0,1057.5,635.0
2929,48.80706126006352,198,1032,495,1102,346.5,1067.0,644.5
2930,48.82372464731517,199,1040,496,1108,347.5,1074.0,651.5
2931,48.84038803456681,202,1044,497,1113,349.5,1078.5,656.0
2932,48.857051421818454,200,1048,496,1116,348.0,1082.0,659.5
2933,48.873714809070094,200,1047,496,1116,348.0,1081.5,659.0
2934,48.89037819632174,198,1039,495,1110,346.5,1074.5,652.0
2935,48.90704158357338,198,1030,495,1099,346.5,1064.5,642.0
2936,48.92370497082503,196,1015,495,1086,345.5,1050.5,628.0
2937,48.94036835807667,198,1000,492,1068,345.0,1034.0,611.5
2938,48.95703174532831,197,980,491,1051,344.0,1015.5,593.0
2939,48.973695132579955,197,958,490,1030,343.5,994.0,571.5
2940,48.990358519831595,195,938,489,1010,342.0,974.0,551.5
2941,49.00702190708324,193,918,488,989,340.5,953.5,531.0
2942,49.02368529433488,192,902,489,973,340.5,937.5,515.0
2943,49.04034868158653,190,886,487,957,338.5,921.5,499.0
2944,49.05701206883817,188,870,485,942,336.5,906.0,483.5
2945,49.073675456089816,187,858,485,930,336.0,894.0,471.5
2946,49.090338843341456,186,848,483,919,334.5,883.5,461.0
2947,49.1070022305931,186,841,481,912,333.5,876.5,454.0
2948,49.12366561784474,186,839,482,910,334.0,874.5,452.0
2949,49.14032900509639,186,839,482,910,334.0,874.5,452.0
2950,49.15699239234803,186,844,483,915,334.5,879.5,457.0
2951,49.17365577959968,185,853,483,924,334.0,888.5,466.0
2952,49.19031916685132,186,866,483,936,334.5,901.0,478.5
2953,49.206982554102964,186,884,483,955,334.5,919.5,497.0
2954,49.223645941354604,188,901,484,972,336.0,936.5,514.0
2955,49.24030932860625,189,918,485,988,337.0,953.0,530.5
2956,49.25697271585789,190,936,487,1006,338.5,971.0,548.5
2957,49.27363610310954,191,954,487,1025,339.0,989.5,567.0
2958,49.29029949036118,192,971,488,1044,340.0,1007.5,585.0
2959,49.306962877612825,192,992,489,1063,340.5,1027.5,605.0
2960,49.323626264864465,193,1006,491,1078,342.0,1042.0,619.5
2961,49.34028965211611,194,1022,491,1092,342.5,1057.0,634.5
2962,49.35695303936775,195,1033,493,1104,344.0,1068.5,646.0
2963,49.3736164266194,195,1043,494,1112,344.5,1077.5,655.0
2964,49.39027981387104,196,1046,494,1116,345.0,1081.0,658.5
2965,49.40694320112269,196,1045,494,1113,345.0,1079.0,656.5
2966,49.42360658837433,198,1039,495,1108,346.5,1073.5,651.0
2967,49.440269975625974,198,1031,496,1100,347.0,1065.5,643.0
2968,49.45693336287761,198,1019,496,1089,347.0,1054.0,631.5
2969,49.47359675012925,199,1007,495,1076,347.0,1041.5,619.0
2970,49.4902601373809,198,990,493,1062,345.5,1026.0,603.5
2971,49.50692352463254,198,973,493,1045,345.5,1009.0,586.5
2972,49.52358691188419,197,955,492,1025,344.5,990.0,567.5
2973,49.54025029913583,196,937,490,1007,343.0,972.0,549.5
2974,49.556913686387475,194,916,488,988,341.0,952.0,529.5
2975,49.573577073639115,194,897,489,967,341.5,932.0,509.5
2976,49.59024046089076,193,880,488,950,340.5,915.0,492.5
2977,49.6069038481424,192,866,489,936,340.5,901.0,478.5
2978,49.62356723539405,191,854,487,926,339.0,890.0,467.5
2979,49.64023062264569,189,848,485,919,337.0,883.5,461.0
2980,49.656894009897336,189,844,485,916,337.0,880.0,457.5
2981,49.673557397148976,187,845,484,916,335.5,880.5,458.0
2982,49.69022078440062,187,846,484,917,335.5,881.5,459.0
2983,49.70688417165226,186,854,483,922,334.5,888.0,465.5
2984,49.72354755890391,186,861,482,932,334.0,896.5,474.0
2985,49.74021094615555,185,874,482,944,333.5,909.0,486.5
2986,49.7568743334072,186,886,482,956,334.0,921.0,498.5
2987,49.77353772065884,187,904,482,974,334.5,939.0,516.5
2988,49.790201107910484,187,921,483,993,335.0,957.0,534.5
2989,49.806864495162124,189,941,482,1014,335.5,977.5,555.0
2990,49.82352788241377,188,961,484,1032,336.0,996.5,574.0
2991,49.84019126966541,190,981,486,1051,338.0,1016.0,593.5
2992,49.85685465691706,191,996,487,1068,339.0,1032.0,609.5
2993,49.8735180441687,191,1010,486,1082,338.5,1046.0,623.5
2994,49.890181431420345,193,1024,489,1092,341.0,1058.0,635.5
2995,49.906844818671985,193,1031,490,1101,341.5,1066.0,643.5
2996,49.92350820592363,193,1036,490,1106,341.5,1071.0,648.5
2997,49.94017159317527,194,1037,491,1109,342.5,1073.0,650.5
2998,49.95683498042692,194,1038,491,1109,342.5,1073.5,651.0
2999,49.97349836767856,195,1036,492,1106,343.5,1071.0,648.5
3000,49.9901617549302,196,1026,494,1096,345.0,1061.0,638.5
3001,50.006825142181846,196,1015,495,1086,345.5,1050.5,628.0
3002,50.023488529433486,198,1000,495,1070,346.5,1035.0,612.5
3003,50.04015191668513,197,982,495,1054,346.0,1018.0,595.5
3004,50.05681530393677,198,963,493,1036,345.5,999.5,577.0
3005,50.07347869118842,198,946,494,1016,346.0,981.0,558.5
3006,50.09014207844006,198,927,493,998,345.5,962.5,540.0
3007,50.10680546569171,197,910,493,980,345.0,945.0,522.5
3008,50.12346885294335,195,894,492,965,343.5,929.5,507.0
3009,50.140132240194994,195,881,491,952,343.0,916.5,494.0
3010,50.156795627446634,192,869,489,939,340.5,904.0,481.5
3011,50.17345901469828,191,858,488,929,339.5,893.5,471.0
3012,50.19012240194992,191,850,488,920,339.5,885.0,462.5
3013,50.20678578920157,190,846,488,916,339.0,881.0,458.5
3014,50.22344917645321,189,845,487,916,338.0,880.5,458.0
3015,50.240112563704855,189,848,487,919,338.0,883.5,461.0
3016,50.256775950956495,186,855,484,926,335.0,890.5,468.0
3017,50.27343933820814,187,866,483,938,335.0,902.0,479.5
3018,50.29010272545978,187,881,483,952,335.0,916.5,494.0
3019,50.30676611271143,186,897,482,968,334.0,932.5,510.0
3020,50.32342949996307,186,915,482,984,334.0,949.5,527.0
3021,50.340092887214716,185,930,482,1001,333.5,965.5,543.0
3022,50.356756274466356,187,947,482,1017,334.5,982.0,559.5
3023,50.373419661718,186,964,482,1035,334.0,999.5,577.0
3024,50.39008304896964,186,981,483,1052,334.5,1016.5,594.0
3025,50.40674643622129,186,999,485,1068,335.5,1033.5,611.0
3026,50.42340982347293,187,1010,483,1082,335.0,1046.0,623.5
3027,50.44007321072458,188,1024,486,1094,337.0,1059.0,636.5
3028,50.45673659797622,191,1032,487,1102,339.0,1067.0,644.5
3029,50.473399985227864,192,1038,488,1107,340.0,1072.5,650.0
3030,50.490063372479504,192,1039,489,1108,340.5,1073.5,651.0
3031,50.50672675973115,193,1034,490,1103,341.5,1068.5,646.0
3032,50.52339014698279,194,1024,491,1096,342.5,1060.0,637.5
3033,50.54005353423443,195,1017,492,1087,343.5,1052.0,629.5
3034,50.55671692148608,195,1006,493,1076,344.0,1041.0,618.5
3035,50.57338030873772,196,994,494,1064,345.0,1029.0,606.5
3036,50.590043695989365,195,978,492,1048,343.5,1013.0,590.5
3037,50.606707083241005,197,961,494,1032,345.5,996.5,574.0
3038,50.62337047049265,197,944,495,1014,346.0,979.0,556.5
3039,50.64003385774429,197,926,494,996,345.5,961.0,538.5
3040,50.65669724499594,197,907,494,977,345.5,942.0,519.5
3041,50.67336063224758,195,889,493,960,344.0,924.5,502.0
3042,50.690024019499226,196,875,492,945,344.0,910.0,487.5
3043,50.706687406750866,195,864,491,936,343.0,900.0,477.5
3044,50.72335079400251,194,857,491,928,342.5,892.5,470.0
3045,50.74001418125415,194,853,490,924,342.0,888.5,466.0
3046,50.7566775685058,192,851,489,923,340.5,887.0,464.5
3047,50.77334095575744,192,852,489,924,340.5,888.0,465.5
3048,50.79000434300909,191,857,488,927,339.5,892.0,469.5
3049,50.80666773026073,190,863,486,934,338.0,898.5,476.0
3050,50.823331117512375,189,873,485,942,337.0,907.5,485.0
3051,50.839994504764014,187,884,486,955,336.5,919.5,497.0
3052,50.85665789201566,188,897,485,968,336.5,932.5,510.0
3053,50.8733212792673,187,917,484,986,335.5,951.5,529.0
3054,50.88998466651895,187,935,484,1005,335.5,970.0,547.5
3055,50.90664805377059,186,955,484,1025,335.0,990.0,567.5
3056,50.923311441022236,186,973,483,1044,334.5,1008.5,586.0
3057,50.939974828273876,187,988,483,1058,335.0,1023.0,600.5
3058,50.95663821552552,186,1002,484,1070,335.0,1036.0,613.5
3059,50.97330160277716,186,1014,484,1082,335.0,1048.0,625.5
3060,50.98996499002881,188,1020,486,1091,337.0,1055.5,633.0
3061,51.00662837728045,187,1028,485,1098,336.0,1063.0,640.5
3062,51.0232917645321,188,1028,485,1100,336.5,1064.0,641.5
3063,51.03995515178374,188,1031,486,1101,337.0,1066.0,643.5
3064,51.05661853903538,189,1031,487,1100,338.0,1065.5,643.0
3065,51.073281926287024,191,1024,489,1095,340.0,1059.5,637.0
3066,51.089945313538664,192,1015,489,1084,340.5,1049.5,627.0
3067,51.10660870079031,194,1001,491,1071,342.5,1036.0,613.5
3068,51.12327208804195,194,986,493,1055,343.5,1020.5,598.0
3069,51.1399354752936,196,968,492,1039,344.0,1003.5,581.0
3070,51.15659886254524,194,952,492,1022,343.0,987.0,564.5
3071,51.173262249796885,195,933,493,1006,344.0,969.5,547.0
3072,51.189925637048525,196,918,493,988,344.5,953.0,530.5
3073,51.20658902430017,197,901,494,973,345.5,937.0,514.5
3074,51.22325241155181,195,889,494,960,344.5,924.5,502.0
3075,51.23991579880346,196,879,494,948,345.0,913.5,491.0
3076,51.2565791860551,196,867,493,937,344.5,902.0,479.5
3077,51.273242573306746,195,857,494,928,344.5,892.5,470.0
3078,51.289905960558386,196,851,493,923,344.5,887.0,464.5
3079,51.30656934781003,195,850,493,922,344.0,886.0,463.5
3080,51.32323273506167,195,852,492,924,343.5,888.0,465.5
3081,51.33989612231332,193,859,491,931,342.0,895.0,472.5
3082,51.35655950956496,193,869,490,940,341.5,904.5,482.0
3083,51.37322289681661,192,880,488,950,340.0,915.0,492.5
3084,51.38988628406825,190,894,488,966,339.0,930.0,507.5
3085,51.406549671319894,190,910,486,980,338.0,945.0,522.5
3086,51.423213058571534,190,924,486,996,338.0,960.0,537.5
3087,51.43987644582318,187,939,483,1010,335.0,974.5,552.0
3088,51.45653983307482,188,956,484,1026,336.0,991.0,568.5
3089,51.47320322032647,188,972,483,1043,335.5,1007.5,585.0
3090,51.48986660757811,187,989,483,1058,335.0,1023.5,601.0
3091,51.506529994829755,185,1004,482,1073,333.5,1038.5,616.0
3092,51.523193382081395,186,1015,483,1084,334.5,1049.5,627.0
3093,51.53985676933304,186,1024,483,1094,334.5,1059.0,636.5
3094,51.55652015658468,188,1029,483,1099,335.5,1064.0,641.5
3095,51.57318354383632,187,1029,483,1099,335.0,1064.0,641.5
3096,51.58984693108797,188,1029,484,1099,336.0,1064.0,641.5
3097,51.60651031833961,188,1022,486,1092,337.0,1057.0,634.5
3098,51.623173705591256,190,1015,486,1085,338.0,1050.0,627.5
3099,51.639837092842896,190,1005,487,1075,338.5,1040.0,617.5
3100,51.65650048009454,191,994,487,1064,339.0,1029.0,606.5
3101,51.67316386734618,192,980,488,1051,340.0,1015.5,593.0
3102,51.68982725459783,194,967,489,1036,341.5,1001.5,579.0
3103,51.70649064184947,194,949,491,1020,342.5,984.5,562.0
3104,51.72315402910112,193,931,492,1002,342.5,966.5,544.0
3105,51.73981741635276,195,914,492,984,343.5,949.0,526.5
3106,51.756480803604404,197,899,494,969,345.5,934.0,511.5
3107,51.773144190856044,197,883,494,954,345.5,918.5,496.0
3108,51.78980757810769,197,872,495,943,346.0,907.5,485.0
3109,51.80647096535933,196,865,494,935,345.0,900.0,477.5
3110,51.82313435261098,196,860,495,931,345.5,895.5,473.0
3111,51.83979773986262,195,860,494,930,344.5,895.0,472.5
3112,51.856461127114265,195,860,494,930,344.5,895.0,472.5
3113,51.873124514365905,195,861,493,931,344.0,896.0,473.5
3114,51.88978790161755,196,866,492,936,344.0,901.0,478.5
3115,51.90645128886919,194,874,491,944,342.5,909.0,486.5
3116,51.92311467612084,194,884,492,955,343.0,919.5,497.0
3117,51.93977806337248,194,898,489,968,341.5,933.0,510.5
3118,51.956441450624126,193,914,489,984,341.0,949.0,526.5
3119,51.973104837875766,193,930,488,1000,340.5,965.0,542.5
3120,51.98976822512741,192,949,487,1018,339.5,983.5,561.0
3121,52.00643161237905,191,964,486,1035,338.5,999.5,577.0
3122,52.0230949996307,190,980,486,1050,338.0,1015.0,592.5
3123,52.03975838688234,188,991,483,1062,335.5,1026.5,604.0
3124,52.05642177413399,187,1004,483,1072,335.0,1038.0,615.5
3125,52.07308516138563,187,1013,483,1083,335.0,1048.0,625.5
3126,52.089748548637274,185,1020,482,1090,333.5,1055.0,632.5
3127,52.106411935888914,185,1024,483,1094,334.0,1059.0,636.5
3128,52.123075323140554,185,1024,482,1094,333.5,1059.0,636.5
3129,52.1397387103922,185,1025,482,1094,333.5,1059.5,637.0
3130,52.15640209764384,187,1021,483,1090,335.0,1055.5,633.0
3131,52.17306548489549,186,1013,484,1083,335.0,1048.0,625.5
3132,52.18972887214713,187,1002,485,1072,336.0,1037.0,614.5
3133,52.206392259398775,188,986,487,1058,337.5,1022.0,599.5
3134,52.223055646650415,189,973,486,1042,337.5,1007.5,585.0
3135,52.23971903390206,190,955,487,1027,338.5,991.0,568.5
3136,52.2563824211537,192,940,488,1012,340.0,976.0,553.5
3137,52.27304580840535,192,924,487,998,339.5,961.0,538.5
3138,52.28970919565699,192,910,490,982,341.0,946.0,523.5
3139,52.30637258290864,192,896,491,968,341.5,932.0,509.5
3140,52.32303597016028,193,885,493,956,343.0,920.5,498.0
3141,52.339699357411924,194,874,493,946,343.5,910.0,487.5
3142,52.35636274466356,194,866,493,938,343.5,902.0,479.5
3143,52.37302613191521,197,861,495,931,346.0,896.0,473.5
3144,52.38968951916685,196,856,495,927,345.5,891.5,469.0
3145,52.4063529064185,195,857,495,928,345.0,892.5,470.0
3146,52.42301629367014,196,864,495,934,345.5,899.0,476.5
3147,52.439679680921785,198,872,494,942,346.0,907.0,484.5
3148,52.456343068173425,196,881,493,953,344.5,917.0,494.5
3149,52.47300645542507,195,892,492,964,343.5,928.0,505.5
3150,52.48966984267671,196,906,492,977,344.0,941.5,519.0
3151,52.50633322992836,195,920,490,991,342.5,955.5,533.0
3152,52.52299661718,192,936,491,1006,341.5,971.0,548.5
3153,52.539660004431646,193,950,489,1020,341.0,985.0,562.5
3154,52.556323391683286,193,964,488,1034,340.5,999.0,576.5
3155,52.57298677893493,193,980,487,1050,340.0,1015.0,592.5
3156,52.58965016618657,191,994,488,1064,339.5,1029.0,606.5
3157,52.60631355343822,190,1006,487,1077,338.5,1041.5,619.0
3158,52.62297694068986,187,1014,486,1084,336.5,1049.0,626.5
3159,52.6396403279415,188,1018,486,1090,337.0,1054.0,631.5
3160,52.65630371519315,188,1019,485,1093,336.5,1056.0,633.5
3161,52.67296710244479,187,1022,485,1093,336.0,1057.5,635.0
3162,52.689630489696434,187,1019,484,1089,335.5,1054.0,631.5
3163,52.706293876948074,186,1012,482,1082,334.0,1047.0,624.5
3164,52.72295726419972,186,1004,482,1074,334.0,1039.0,616.5
3165,52.73962065145136,186,995,483,1065,334.5,1030.0,607.5
3166,52.75628403870301,187,983,484,1053,335.5,1018.0,595.5
3167,52.77294742595465,187,970,483,1040,335.0,1005.0,582.5
3168,52.789610813206295,189,955,484,1024,336.5,989.5,567.0
3169,52.806274200457935,188,936,484,1008,336.0,972.0,549.5
3170,52.82293758770958,190,922,486,992,338.0,957.0,534.5
3171,52.83960097496122,191,907,487,976,339.0,941.5,519.0
3172,52.85626436221287,191,894,488,964,339.5,929.0,506.5
3173,52.87292774946451,192,882,489,952,340.5,917.0,494.5
3174,52.889591136716156,193,873,490,944,341.5,908.5,486.0
3175,52.906254523967796,193,868,491,938,342.0,903.0,480.5
3176,52.92291791121944,194,865,492,936,343.0,900.5,478.0
3177,52.93958129847108,194,865,492,936,343.0,900.5,478.0
3178,52.95624468572273,195,866,493,937,344.0,901.5,479.0
3179,52.97290807297437,196,869,494,940,345.0,904.5,482.0
3180,52.98957146022602,196,876,493,946,344.5,911.0,488.5
3181,53.00623484747766,198,884,495,955,346.5,919.5,497.0
3182,53.022898234729304,198,897,495,967,346.5,932.0,509.5
3183,53.039561621980944,198,910,493,981,345.5,945.5,523.0
3184,53.05622500923259,196,925,494,996,345.0,960.5,538.0
3185,53.07288839648423,195,942,493,1012,344.0,977.0,554.5
3186,53.08955178373588,195,957,493,1028,344.0,992.5,570.0
3187,53.10621517098752,196,974,491,1044,343.5,1009.0,586.5
3188,53.122878558239165,193,984,490,1055,341.5,1019.5,597.0
3189,53.139541945490805,193,996,490,1066,341.5,1031.0,608.5
3190,53.156205332742445,192,1004,489,1074,340.5,1039.0,616.5
3191,53.17286871999409,191,1012,487,1081,339.0,1046.5,624.0
3192,53.18953210724573,190,1017,486,1086,338.0,1051.5,629.0
3193,53.20619549449738,189,1019,486,1088,337.5,1053.5,631.0
3194,53.22285888174902,188,1019,485,1089,336.5,1054.0,631.5
3195,53.239522269000666,188,1016,485,1086,336.5,1051.0,628.5
3196,53.256185656252306,186,1010,482,1080,334.0,1045.0,622.5
3197,53.27284904350395,186,1001,483,1071,334.5,1036.0,613.5
3198,53.28951243075559,186,990,483,1060,334.5,1025.0,602.5
3199,53.30617581800724,185,976,483,1045,334.0,1010.5,588.0
3200,53.32283920525888,186,960,482,1030,334.0,995.0,572.5
3201,53.33950259251053,186,946,482,1016,334.0,981.0,558.5
3202,53.35616597976217,186,933,483,1002,334.5,967.5,545.0
3203,53.372829367013814,185,919,484,989,334.5,954.0,531.5
3204,53.389492754265454,187,905,485,976,336.0,940.5,518.0
3205,53.4061561415171,187,895,486,964,336.5,929.5,507.0
3206,53.42281952876874,189,884,487,954,338.0,919.0,496.5
3207,53.43948291602039,190,875,488,945,339.0,910.0,487.5
3208,53.45614630327203,191,869,488,938,339.5,903.5,481.0
3209,53.472809690523675,192,865,488,935,340.0,900.0,477.5
3210,53.489473077775315,193,865,491,935,342.0,900.0,477.5
3211,53.50613646502696,194,868,491,938,342.5,903.0,480.5
3212,53.5227998522786,194,874,493,945,343.5,909.5,487.0
3213,53.53946323953025,196,883,494,955,345.0,919.0,496.5
3214,53.55612662678189,196,894,494,965,345.0,929.5,507.0
3215,53.57279001403354,197,905,495,976,346.0,940.5,518.0
3216,53.589453401285176,197,917,494,989,345.5,953.0,530.5
3217,53.60611678853682,197,931,495,1001,346.0,966.0,543.5
3218,53.62278017578846,198,945,494,1015,346.0,980.0,557.5
3219,53.63944356304011,197,958,495,1028,346.0,993.0,570.5
3220,53.65610695029175,198,972,494,1042,346.0,1007.0,584.5
3221,53.67277033754339,197,986,493,1056,345.0,1021.0,598.5
3222,53.68943372479504,196,998,492,1067,344.0,1032.5,610.0
3223,53.70609711204668,193,1009,492,1078,342.5,1043.5,621.0
3224,53.722760499298325,194,1015,490,1084,342.0,1049.5,627.0
3225,53.739423886549964,193,1016,490,1085,341.5,1050.5,628.0
3226,53.75608727380161,193,1015,489,1086,341.0,1050.5,628.0
3227,53.77275066105325,192,1014,488,1084,340.0,1049.0,626.5
3228,53.7894140483049,188,1008,486,1078,337.0,1043.0,620.5
3229,53.80607743555654,187,1002,485,1072,336.0,1037.0,614.5
3230,53.822740822808186,187,994,485,1064,336.0,1029.0,606.5
3231,53.839404210059826,187,984,484,1054,335.5,1019.0,596.5
3232,53.85606759731147,185,970,483,1042,334.0,1006.0,583.5
3233,53.87273098456311,185,958,482,1028,333.5,993.0,570.5
3234,53.88939437181476,185,942,480,1014,332.5,978.0,555.5
3235,53.9060577590664,186,928,483,998,334.5,963.0,540.5
3236,53.92272114631805,185,914,483,984,334.0,949.0,526.5
3237,53.93938453356969,185,900,483,971,334.0,935.5,513.0
3238,53.956047920821334,186,890,483,960,334.5,925.0,502.5
3239,53.972711308072974,186,881,484,952,335.0,916.5,494.0
3240,53.98937469532462,187,874,486,946,336.5,910.0,487.5
3241,54.00603808257626,188,871,484,942,336.0,906.5,484.0
3242,54.02270146982791,189,870,488,942,338.5,906.0,483.5
3243,54.03936485707955,190,870,488,942,339.0,906.0,483.5
3244,54.056028244331195,191,874,489,946,340.0,910.0,487.5
3245,54.072691631582835,192,878,492,950,342.0,914.0,491.5
3246,54.08935501883448,195,886,492,956,343.5,921.0,498.5
3247,54.10601840608612,195,898,492,968,343.5,933.0,510.5
3248,54.12268179333777,195,909,493,980,344.0,944.5,522.0
3249,54.13934518058941,198,923,494,994,346.0,958.5,536.0
3250,54.156008567841056,198,938,495,1008,346.5,973.0,550.5
3251,54.172671955092696,198,952,495,1022,346.5,987.0,564.5
3252,54.18933534234434,199,964,496,1036,347.5,1000.0,577.5
3253,54.20599872959598,198,978,495,1048,346.5,1013.0,590.5
3254,54.22266211684762,198,989,495,1059,346.5,1024.0,601.5
3255,54.23932550409927,197,997,495,1066,346.0,1031.5,609.0
3256,54.25598889135091,198,1004,495,1074,346.5,1039.0,616.5
3257,54.27265227860256,197,1010,493,1080,345.0,1045.0,622.5
3258,54.2893156658542,195,1013,493,1084,344.0,1048.5,626.0
3259,54.305979053105844,195,1015,492,1084,343.5,1049.5,627.0
3260,54.322642440357484,194,1012,492,1083,343.0,1047.5,625.0
3261,54.33930582760913,192,1008,489,1077,340.5,1042.5,620.0
3262,54.35596921486077,191,1000,488,1068,339.5,1034.0,611.5
3263,54.37263260211242,190,989,487,1059,338.5,1024.0,601.5
3264,54.38929598936406,189,976,486,1047,337.5,1011.5,589.0
3265,54.405959376615705,187,963,484,1032,335.5,997.5,575.0
3266,54.422622763867345,188,950,483,1018,335.5,984.0,561.5
3267,54.43928615111899,186,937,483,1008,334.5,972.5,550.0
3268,54.45594953837063,185,925,483,996,334.0,960.5,538.0
3269,54.47261292562228,185,912,482,983,333.5,947.5,525.0
3270,54.48927631287392,184,903,482,973,333.0,938.0,515.5
3271,54.505939700125566,185,891,482,961,333.5,926.0,503.5
3272,54.522603087377206,185,881,484,953,334.5,917.0,494.5
3273,54.53926647462885,185,875,483,946,334.0,910.5,488.0
3274,54.55592986188049,188,871,484,942,336.0,906.5,484.0
3275,54.57259324913214,187,871,486,941,336.5,906.0,483.5
3276,54.58925663638378,187,872,485,943,336.0,907.5,485.0
3277,54.60592002363543,188,878,486,948,337.0,913.0,490.5
3278,54.62258341088707,191,887,488,957,339.5,922.0,499.5
3279,54.639246798138714,191,895,488,966,339.5,930.5,508.0
3280,54.655910185390354,194,906,492,976,343.0,941.0,518.5
3281,54.672573572642,195,915,492,986,343.5,950.5,528.0
3282,54.68923695989364,195,928,493,998,344.0,963.0,540.5
3283,54.70590034714529,197,940,495,1012,346.0,976.0,553.5
3284,54.72256373439693,198,955,495,1024,346.5,989.5,567.0
3285,54.73922712164857,199,965,497,1038,348.0,1001.5,579.0
3286,54.755890508900215,199,980,495,1049,347.0,1014.5,592.0
3287,54.772553896151855,198,991,496,1061,347.0,1026.0,603.5
3288,54.7892172834035,199,1001,496,1072,347.5,1036.5,614.0
3289,54.80588067065514,198,1009,495,1078,346.5,1043.5,621.0
3290,54.82254405790679,198,1012,495,1081,346.5,1046.5,624.0
3291,54.83920744515843,198,1012,494,1081,346.0,1046.5,624.0
3292,54.855870832410076,198,1010,494,1080,346.0,1045.0,622.5
3293,54.872534219661716,196,1006,493,1076,344.5,1041.0,618.5
3294,54.88919760691336,194,1000,493,1070,343.5,1035.0,612.5
3295,54.905860994165,193,994,490,1064,341.5,1029.0,606.5
3296,54.92252438141665,192,984,487,1054,339.5,1019.0,596.5
3297,54.93918776866829,191,974,487,1044,339.0,1009.0,586.5
3298,54.95585115591994,189,962,485,1032,337.0,997.0,574.5
3299,54.97251454317158,188,948,484,1018,336.0,983.0,560.5
3300,54.989177930423224,186,934,483,1003,334.5,968.5,546.0
3301,55.005841317674864,186,921,484,990,335.0,955.5,533.0
3302,55.02250470492651,185,907,483,978,334.0,942.5,520.0
3303,55.03916809217815,184,897,481,967,332.5,932.0,509.5
3304,55.0558314794298,184,889,480,959,332.0,924.0,501.5
3305,55.07249486668144,185,882,482,954,333.5,918.0,495.5
3306,55.089158253933086,185,877,481,950,333.0,913.5,491.0
3307,55.105821641184725,185,876,483,947,334.0,911.5,489.0
3308,55.12248502843637,185,876,483,947,334.0,911.5,489.0
3309,55.13914841568801,185,879,483,949,334.0,914.0,491.5
3310,55.15581180293966,186,880,484,952,335.0,916.0,493.5
3311,55.1724751901913,187,886,486,958,336.5,922.0,499.5
3312,55.18913857744295,189,897,486,968,337.5,932.5,510.0
3313,55.20580196469459,192,906,488,978,340.0,942.0,519.5
3314,55.222465351946234,191,921,488,992,339.5,956.5,534.0
3315,55.239128739197874,193,934,491,1004,342.0,969.0,546.5
3316,55.25579212644951,193,947,490,1018,341.5,982.5,560.0
3317,55.27245551370116,194,960,491,1030,342.5,995.0,572.5
3318,55.2891189009528,196,971,494,1041,345.0,1006.0,583.5
3319,55.30578228820445,197,982,495,1052,346.0,1017.0,594.5
3320,55.32244567545609,197,991,495,1060,346.0,1025.5,603.0
3321,55.339109062707735,198,996,496,1066,347.0,1031.0,608.5
3322,55.355772449959375,199,1003,497,1072,348.0,1037.5,615.0
3323,55.37243583721102,199,1008,494,1078,346.5,1043.0,620.5
3324,55.38909922446266,199,1009,495,1079,347.0,1044.0,621.5
3325,55.40576261171431,198,1008,495,1078,346.5,1043.0,620.5
3326,55.42242599896595,197,1005,494,1074,345.5,1039.5,617.0
3327,55.439089386217596,197,997,492,1068,344.5,1032.5,610.0
3328,55.455752773469236,195,988,492,1058,343.5,1023.0,600.5
3329,55.47241616072088,195,976,491,1047,343.0,1011.5,589.0
3330,55.48907954797252,194,961,490,1036,342.0,998.5,576.0
3331,55.50574293522417,192,954,489,1023,340.5,988.5,566.0
3332,55.52240632247581,191,938,488,1012,339.5,975.0,552.5
3333,55.53906970972746,189,929,486,1000,337.5,964.5,542.0
3334,55.5557330969791,187,919,485,990,336.0,954.5,532.0
3335,55.572396484230744,186,906,485,980,335.5,943.0,520.5
3336,55.589059871482384,186,898,483,968,334.5,933.0,510.5
3337,55.60572325873403,185,888,483,958,334.0,923.0,500.5
3338,55.62238664598567,185,880,482,952,333.5,916.0,493.5
3339,55.63905003323732,184,877,482,948,333.0,912.5,490.0
3340,55.65571342048896,184,877,482,946,333.0,911.5,489.0
3341,55.672376807740605,184,876,482,948,333.0,912.0,489.5
3342,55.689040194992245,185,879,482,951,333.5,915.0,492.5
3343,55.70570358224389,185,887,482,958,333.5,922.5,500.0
3344,55.72236696949553,185,896,482,966,333.5,931.0,508.5
3345,55.73903035674718,187,905,484,975,335.5,940.0,517.5
3346,55.75569374399882,188,913,485,984,336.5,948.5,526.0
3347,55.772357131250466,188,925,486,994,337.0,959.5,537.0
3348,55.789020518502106,192,936,488,1006,340.0,971.0,548.5
3349,55.805683905753746,192,948,489,1018,340.5,983.0,560.5
3350,55.82234729300539,193,962,491,1032,342.0,997.0,574.5
3351,55.83901068025703,195,974,492,1044,343.5,1009.0,586.5
3352,55.85567406750868,195,985,491,1054,343.0,1019.5,597.0
3353,55.87233745476032,196,994,493,1064,344.5,1029.0,606.5
3354,55.88900084201197,197,1000,495,1070,346.0,1035.0,612.5
3355,55.90566422926361,198,1005,495,1074,346.5,1039.5,617.0
3356,55.922327616515254,198,1005,495,1074,346.5,1039.5,617.0
3357,55.938991003766894,198,1005,495,1074,346.5,1039.5,617.0
3358,55.95565439101854,199,1003,496,1071,347.5,1037.0,614.5
3359,55.97231777827018,198,999,495,1068,346.5,1033.5,611.0
3360,55.98898116552183,198,992,495,1062,346.5,1027.0,604.5
3361,56.00564455277347,197,985,495,1055,346.0,1020.0,597.5
3362,56.022307940025115,198,974,493,1044,345.5,1009.0,586.5
3363,56.038971327276755,196,961,493,1035,344.5,998.0,575.5
3364,56.0556347145284,194,951,490,1022,342.0,986.5,564.0
3365,56.07229810178004,193,938,490,1009,341.5,973.5,551.0
3366,56.08896148903169,192,925,490,995,341.0,960.0,537.5
3367,56.10562487628333,191,912,488,984,339.5,948.0,525.5
3368,56.122288263534976,189,901,488,972,338.5,936.5,514.0
3369,56.138951650786616,188,896,486,965,337.0,930.5,508.0
3370,56.15561503803826,188,889,485,960,336.5,924.5,502.0
3371,56.1722784252899,186,884,484,956,335.0,920.0,497.5
3372,56.18894181254155,186,881,483,952,334.5,916.5,494.0
3373,56.20560519979319,186,880,483,952,334.5,916.0,493.5
3374,56.22226858704484,186,881,482,952,334.0,916.5,494.0
3375,56.23893197429648,185,884,480,956,332.5,920.0,497.5
3376,56.255595361548124,185,889,481,960,333.0,924.5,502.0
3377,56.272258748799764,185,898,482,967,333.5,932.5,510.0
3378,56.28892213605141,185,907,483,977,334.0,942.0,519.5
3379,56.30558552330305,186,918,483,990,334.5,954.0,531.5
3380,56.32224891055469,186,931,483,1002,334.5,966.5,544.0
3381,56.33891229780634,188,942,484,1015,336.0,978.5,556.0
3382,56.35557568505798,190,954,486,1025,338.0,989.5,567.0
3383,56.372239072309625,189,965,487,1036,338.0,1000.5,578.0
3384,56.388902459561265,192,974,490,1046,341.0,1010.0,587.5
3385,56.40556584681291,192,984,490,1055,341.0,1019.5,597.0
3386,56.42222923406455,192,990,490,1062,341.0,1026.0,603.5
3387,56.4388926213162,195,998,492,1067,343.5,1032.5,610.0
3388,56.45555600856784,195,1002,494,1072,344.5,1037.0,614.5
3389,56.47221939581949,196,1003,494,1074,345.0,1038.5,616.0
3390,56.488882783071126,197,1004,494,1074,345.5,1039.0,616.5
3391,56.50554617032277,197,1003,497,1072,347.0,1037.5,615.0
3392,56.52220955757441,197,996,497,1066,347.0,1031.0,608.5
3393,56.53887294482606,197,987,497,1056,347.0,1021.5,599.0
3394,56.5555363320777,200,978,497,1047,348.5,1012.5,590.0
3395,56.57219971932935,198,968,496,1038,347.0,1003.0,580.5
3396,56.58886310658099,198,958,495,1027,346.5,992.5,570.0
3397,56.605526493832635,196,947,493,1016,344.5,981.5,559.0
3398,56.622189881084275,195,934,493,1004,344.0,969.0,546.5
3399,56.63885326833592,194,924,493,995,343.5,959.5,537.0
3400,56.65551665558756,193,914,491,984,342.0,949.0,526.5
3401,56.67218004283921,193,904,490,975,341.5,939.5,517.0
3402,56.68884343009085,191,896,488,964,339.5,930.0,507.5
3403,56.705506817342496,190,887,487,958,338.5,922.5,500.0
3404,56.722170204594136,189,882,486,953,337.5,917.5,495.0
3405,56.73883359184578,189,881,487,952,338.0,916.5,494.0
3406,56.75549697909742,187,882,486,953,336.5,917.5,495.0
3407,56.77216036634907,186,885,483,956,334.5,920.5,498.0
3408,56.78882375360071,186,889,483,960,334.5,924.5,502.0
3409,56.80548714085236,185,895,481,967,333.0,931.0,508.5
3410,56.822150528104,184,904,481,975,332.5,939.5,517.0
3411,56.83881391535564,185,913,482,985,333.5,949.0,526.5
3412,56.855477302607284,185,923,483,993,334.0,958.0,535.5
3413,56.872140689858924,186,933,483,1004,334.5,968.5,546.0
3414,56.88880407711057,187,944,484,1015,335.5,979.5,557.0
3415,56.90546746436221,187,958,485,1027,336.0,992.5,570.0
3416,56.92213085161386,187,970,485,1039,336.0,1004.5,582.0
3417,56.9387942388655,189,978,487,1049,338.0,1013.5,591.0
3418,56.955457626117145,190,987,486,1058,338.0,1022.5,600.0
3419,56.972121013368785,190,994,487,1065,338.5,1029.5,607.0
3420,56.98878440062043,192,998,489,1070,340.5,1034.0,611.5
3421,57.00544778787207,193,1000,491,1072,342.0,1036.0,613.5
3422,57.02211117512372,194,1000,492,1070,343.0,1035.0,612.5
3423,57.03877456237536,196,999,493,1069,344.5,1034.0,611.5
3424,57.055437949627006,196,996,492,1066,344.0,1031.0,608.5
3425,57.072101336878646,197,990,496,1060,346.5,1025.0,602.5
3426,57.08876472413029,199,986,495,1056,347.0,1021.0,598.5
3427,57.10542811138193,199,977,496,1046,347.5,1011.5,589.0
3428,57.12209149863358,198,967,496,1036,347.0,1001.5,579.0
3429,57.13875488588522,199,954,495,1023,347.0,988.5,566.0
3430,57.15541827313687,198,943,495,1011,346.5,977.0,554.5
3431,57.17208166038851,198,932,495,1000,346.5,966.0,543.5
3432,57.188745047640154,198,920,494,989,346.0,954.5,532.0
3433,57.205408434891794,196,910,494,981,345.0,945.5,523.0
3434,57.22207182214344,195,901,493,970,344.0,935.5,513.0
3435,57.23873520939508,193,896,492,966,342.5,931.0,508.5
3436,57.25539859664673,193,891,490,962,341.5,926.5,504.0
3437,57.27206198389837,192,888,491,958,341.5,923.0,500.5
3438,57.288725371150015,190,886,489,956,339.5,921.0,498.5
3439,57.305388758401655,190,885,488,956,339.0,920.5,498.0
3440,57.3220521456533,190,887,487,958,338.5,922.5,500.0
3441,57.33871553290494,189,891,484,963,336.5,927.0,504.5
3442,57.35537892015658,186,897,483,968,334.5,932.5,510.0
3443,57.37204230740823,186,906,483,976,334.5,941.0,518.5
3444,57.38870569465987,185,917,482,988,333.5,952.5,530.0
3445,57.405369081911516,184,928,481,999,332.5,963.5,541.0
3446,57.422032469163156,184,941,482,1011,333.0,976.0,553.5
3447,57.4386958564148,185,950,482,1022,333.5,986.0,563.5
3448,57.45535924366644,184,961,481,1031,332.5,996.0,573.5
3449,57.47202263091809,187,970,484,1040,335.5,1005.0,582.5
3450,57.48868601816973,188,979,485,1048,336.5,1013.5,591.0
3451,57.50534940542138,188,986,486,1056,337.0,1021.0,598.5
3452,57.52201279267302,187,993,486,1062,336.5,1027.5,605.0
3453,57.538676179924664,188,998,486,1068,337.0,1033.0,610.5
3454,57.555339567176304,191,1000,487,1070,339.0,1035.0,612.5
3455,57.57200295442795,191,999,488,1070,339.5,1034.5,612.0
3456,57.58866634167959,192,1000,489,1069,340.5,1034.5,612.0
3457,57.60532972893124,194,994,491,1064,342.5,1029.0,606.5
3458,57.62199311618288,194,986,491,1056,342.5,1021.0,598.5
3459,57.638656503434525,196,978,493,1047,344.5,1012.5,590.0
3460,57.655319890686165,198,969,495,1038,346.5,1003.5,581.0
3461,57.67198327793781,197,959,495,1030,346.0,994.5,572.0
3462,57.68864666518945,198,949,495,1019,346.5,984.0,561.5
3463,57.7053100524411,198,939,495,1009,346.5,974.0,551.5
3464,57.72197343969274,198,929,496,1000,347.0,964.5,542.0
3465,57.738636826944386,198,920,496,990,347.0,955.0,532.5
3466,57.755300214196026,196,912,495,981,345.5,946.5,524.0
3467,57.77196360144767,197,902,494,972,345.5,937.0,514.5
3468,57.78862698869931,195,893,494,965,344.5,929.0,506.5
3469,57.80529037595096,196,888,492,958,344.0,923.0,500.5
3470,57.8219537632026,195,885,492,955,343.5,920.0,497.5
3471,57.83861715045425,193,885,490,955,341.5,920.0,497.5
3472,57.85528053770589,193,890,490,959,341.5,924.5,502.0
3473,57.871943924957534,191,893,488,963,339.5,928.0,505.5
3474,57.888607312209174,190,898,487,968,338.5,933.0,510.5
3475,57.905270699460814,188,905,486,975,337.0,940.0,517.5
3476,57.92193408671246,187,913,485,984,336.0,948.5,526.0
3477,57.9385974739641,186,920,485,992,335.5,956.0,533.5
3478,57.95526086121575,186,930,483,1002,334.5,966.0,543.5
3479,57.97192424846739,186,942,483,1012,334.5,977.0,554.5
3480,57.988587635719036,185,952,483,1023,334.0,987.5,565.0
3481,58.005251022970675,186,964,483,1034,334.5,999.0,576.5
3482,58.02191441022232,185,974,484,1045,334.5,1009.5,587.0
3483,58.03857779747396,185,982,482,1053,333.5,1017.5,595.0
3484,58.05524118472561,185,990,483,1059,334.0,1024.5,602.0
3485,58.07190457197725,187,995,483,1064,335.0,1029.5,607.0
3486,58.0885679592289,187,998,483,1066,335.0,1032.0,609.5
3487,58.10523134648054,187,997,484,1068,335.5,1032.5,610.0
3488,58.121894733732184,189,996,485,1067,337.0,1031.5,609.0
3489,58.138558120983824,191,994,486,1063,338.5,1028.5,606.0
3490,58.15522150823547,191,989,488,1059,339.5,1024.0,601.5
3491,58.17188489548711,193,985,489,1054,341.0,1019.5,597.0
3492,58.18854828273876,193,977,489,1047,341.0,1012.0,589.5
3493,58.2052116699904,195,968,492,1039,343.5,1003.5,581.0
3494,58.221875057242045,195,957,493,1027,344.0,992.0,569.5
3495,58.238538444493685,197,946,492,1016,344.5,981.0,558.5
3496,58.25520183174533,197,935,494,1005,345.5,970.0,547.5
3497,58.27186521899697,198,923,495,994,346.5,958.5,536.0
3498,58.28852860624862,198,915,494,984,346.0,949.5,527.0
3499,58.30519199350026,199,904,495,976,347.0,940.0,517.5
3500,58.321855380751906,199,899,497,971,348.0,935.0,512.5
3501,58.338518768003546,197,894,495,966,346.0,930.0,507.5
3502,58.35518215525519,197,893,494,964,345.5,928.5,506.0
3503,58.37184554250683,196,891,493,961,344.5,926.0,503.5
3504,58.38850892975848,196,888,493,960,344.5,924.0,501.5
3505,58.40517231701012,194,888,491,960,342.5,924.0,501.5
3506,58.42183570426176,193,893,490,964,341.5,928.5,506.0
3507,58.43849909151341,192,897,489,969,340.5,933.0,510.5
3508,58.45516247876505,192,906,488,977,340.0,941.5,519.0
3509,58.471825866016694,189,915,486,986,337.5,950.5,528.0
3510,58.488489253268334,189,926,487,997,338.0,961.5,539.0
3511,58.50515264051998,188,936,485,1007,336.5,971.5,549.0
3512,58.52181602777162,187,945,484,1018,335.5,981.5,559.0
3513,58.53847941502327,186,955,484,1027,335.0,991.0,568.5
3514,58.55514280227491,186,964,484,1035,335.0,999.5,577.0
3515,58.571806189526555,186,972,484,1043,335.0,1007.5,585.0
3516,58.588469576778195,185,978,483,1050,334.0,1014.0,591.5
3517,58.60513296402984,184,985,481,1057,332.5,1021.0,598.5
3518,58.62179635128148,185,993,482,1063,333.5,1028.0,605.5
3519,58.63845973853313,187,996,483,1066,335.0,1031.0,608.5
3520,58.65512312578477,186,997,483,1067,334.5,1032.0,609.5
3521,58.671786513036416,186,996,484,1067,335.0,1031.5,609.0
3522,58.688449900288056,187,993,484,1063,335.5,1028.0,605.5
3523,58.7051132875397,188,987,485,1056,336.5,1021.5,599.0
3524,58.72177667479134,191,978,488,1048,339.5,1013.0,590.5
3525,58.73844006204299,191,968,488,1040,339.5,1004.0,581.5
3526,58.75510344929463,193,960,489,1031,341.0,995.5,573.0
3527,58.77176683654628,194,952,490,1022,342.0,987.0,564.5
3528,58.78843022379792,195,942,491,1014,343.0,978.0,555.5
3529,58.805093611049564,195,934,492,1005,343.5,969.5,547.0
3530,58.821756998301204,195,924,492,995,343.5,959.5,537.0
3531,58.83842038555285,195,915,494,984,344.5,949.5,527.0
3532,58.85508377280449,196,906,495,976,345.5,941.0,518.5
3533,58.87174716005614,197,900,495,969,346.0,934.5,512.0
3534,58.88841054730778,197,893,495,964,346.0,928.5,506.0
3535,58.905073934559425,198,889,496,959,347.0,924.0,501.5
3536,58.921737321811065,198,889,496,960,347.0,924.5,502.0
3537,58.938400709062705,198,891,496,963,347.0,927.0,504.5
3538,58.95506409631435,197,895,494,966,345.5,930.5,508.0
3539,58.97172748356599,196,898,494,969,345.0,933.5,511.0
3540,58.98839087081764,196,904,493,975,344.5,939.5,517.0
3541,59.00505425806928,192,912,493,982,342.5,947.0,524.5
3542,59.021717645320926,192,918,490,990,341.0,954.0,531.5
3543,59.038381032572566,192,927,489,998,340.5,962.5,540.0
3544,59.05504441982421,191,936,487,1007,339.0,971.5,549.0
3545,59.07170780707585,190,948,487,1018,338.5,983.0,560.5
3546,59.0883711943275,189,958,486,1028,337.5,993.0,570.5
3547,59.10503458157914,188,965,486,1038,337.0,1001.5,579.0
3548,59.12169796883079,187,978,484,1048,335.5,1013.0,590.5
3549,59.13836135608243,185,984,484,1054,334.5,1019.0,596.5
3550,59.155024743334074,186,988,484,1058,335.0,1023.0,600.5
3551,59.171688130585714,186,990,483,1061,334.5,1025.5,603.0
3552,59.18835151783736,186,992,483,1062,334.5,1027.0,604.5
3553,59.205014905089,186,991,483,1062,334.5,1026.5,604.0
3554,59.22167829234065,185,991,483,1061,334.0,1026.0,603.5
3555,59.23834167959229,185,987,483,1058,334.0,1022.5,600.0
3556,59.255005066843935,186,981,484,1052,335.0,1016.5,594.0
3557,59.271668454095575,187,978,485,1048,336.0,1013.0,590.5
3558,59.28833184134722,187,970,485,1040,336.0,1005.0,582.5
3559,59.30499522859886,189,960,487,1030,338.0,995.0,572.5
3560,59.32165861585051,190,948,487,1019,338.5,983.5,561.0
3561,59.33832200310215,192,939,488,1009,340.0,974.0,551.5
3562,59.3549853903538,193,928,489,998,341.0,963.0,540.5
3563,59.37164877760544,194,920,491,991,342.5,955.5,533.0
3564,59.38831216485708,194,912,491,984,342.5,948.0,525.5
3565,59.40497555210872,194,906,493,976,343.5,941.0,518.5
3566,59.42163893936037,196,901,492,971,344.0,936.0,513.5
3567,59.43830232661201,195,899,493,967,344.0,933.0,510.5
3568,59.45496571386366,196,895,492,965,344.0,930.0,507.5
3569,59.4716291011153,196,894,495,963,345.5,928.5,506.0
3570,59.48829248836694,196,893,496,964,346.0,928.5,506.0
3571,59.504955875618585,196,894,495,966,345.5,930.0,507.5
3572,59.521619262870225,197,899,495,970,346.0,934.5,512.0
3573,59.53828265012187,196,907,495,977,345.5,942.0,519.5
3574,59.55494603737351,195,915,492,985,343.5,950.0,527.5
3575,59.57160942462516,195,922,494,995,344.5,958.5,536.0
3576,59.5882728118768,194,932,490,1004,342.0,968.0,545.5
3577,59.604936199128446,194,940,491,1013,342.5,976.5,554.0
3578,59.621599586380086,193,953,489,1022,341.0,987.5,565.0
3579,59.63826297363173,191,959,490,1030,340.5,994.5,572.0
3580,59.65492636088337,191,968,488,1038,339.5,1003.0,580.5
3581,59.67158974813502,190,974,488,1044,339.0,1009.0,586.5
3582,59.68825313538666,188,980,486,1052,337.0,1016.0,593.5
3583,59.70491652263831,187,988,484,1058,335.5,1023.0,600.5
3584,59.72157990988995,187,992,483,1061,335.0,1026.5,604.0
3585,59.738243297141594,186,992,484,1063,335.0,1027.5,605.0
3586,59.754906684393234,186,991,484,1063,335.0,1027.0,604.5
3587,59.77157007164488,186,988,483,1059,334.5,1023.5,601.0
3588,59.78823345889652,185,984,483,1055,334.0,1019.5,597.0
3589,59.80489684614817,185,979,483,1050,334.0,1014.5,592.0
3590,59.82156023339981,187,971,484,1042,335.5,1006.5,584.0
3591,59.838223620651455,186,962,484,1032,335.0,997.0,574.5
3592,59.854887007903095,188,956,486,1025,337.0,990.5,568.0
3593,59.87155039515474,188,947,484,1018,336.0,982.5,560.0
3594,59.88821378240638,188,939,487,1010,337.5,974.5,552.0
3595,59.90487716965803,191,929,487,1000,339.0,964.5,542.0
3596,59.92154055690967,191,920,489,990,340.0,955.0,532.5
3597,59.938203944161316,192,913,490,982,341.0,947.5,525.0
3598,59.954867331412956,192,906,490,975,341.0,940.5,518.0
3599,59.9715307186646,194,900,491,970,342.5,935.0,512.5
3600,59.98819410591624,193,896,493,967,343.0,931.5,509.0
3601,60.00485749316788,194,894,494,965,344.0,929.5,507.0
3602,60.02152088041953,194,895,494,965,344.0,930.0,507.5
3603,60.03818426767117,196,899,494,968,345.0,933.5,511.0
3604,60.05484765492282,199,902,495,972,347.0,937.0,514.5
3605,60.07151104217446,198,905,495,976,346.5,940.5,518.0
3606,60.088174429426104,199,912,496,982,347.5,947.0,524.5
3607,60.104837816677744,199,918,494,988,346.5,953.0,530.5
3608,60.12150120392939,196,926,495,996,345.5,961.0,538.5
3609,60.13816459118103,197,935,495,1005,346.0,970.0,547.5
3610,60.15482797843268,196,944,494,1014,345.0,979.0,556.5
3611,60.17149136568432,195,954,494,1024,344.5,989.0,566.5
3612,60.188154752935965,194,963,491,1033,342.5,998.0,575.5
3613,60.204818140187605,193,972,490,1041,341.5,1006.5,584.0
3614,60.22148152743925,193,978,491,1049,342.0,1013.5,591.0
3615,60.23814491469089,191,984,488,1054,339.5,1019.0,596.5
3616,60.25480830194254,190,986,488,1057,339.0,1021.5,599.0
3617,60.27147168919418,190,989,488,1058,339.0,1023.5,601.0
3618,60.288135076445826,189,988,487,1059,338.0,1023.5,601.0
3619,60.304798463697466,187,988,486,1059,336.5,1023.5,601.0
3620,60.32146185094911,187,987,484,1057,335.5,1022.0,599.5
3621,60.33812523820075,186,984,484,1052,335.0,1018.0,595.5
3622,60.3547886254524,186,978,483,1048,334.5,1013.0,590.5
3623,60.37145201270404,185,970,482,1041,333.5,1005.5,583.0
3624,60.38811539995569,185,963,483,1034,334.0,998.5,576.0
3625,60.40477878720733,185,952,483,1024,334.0,988.0,565.5
3626,60.421442174458974,186,943,483,1013,334.5,978.0,555.5
3627,60.438105561710614,186,933,484,1004,335.0,968.5,546.0
3628,60.45476894896226,187,926,486,996,336.5,961.0,538.5
3629,60.4714323362139,186,919,486,989,336.0,954.0,531.5
3630,60.48809572346555,189,912,487,983,338.0,947.5,525.0
3631,60.50475911071719,190,908,488,978,339.0,943.0,520.5
3632,60.52142249796883,191,903,489,972,340.0,937.5,515.0
3633,60.538085885220475,191,900,489,970,340.0,935.0,512.5
3634,60.554749272472115,192,897,489,970,340.5,933.5,511.0
3635,60.57141265972376,194,897,492,968,343.0,932.5,510.0
3636,60.5880760469754,194,898,492,968,343.0,933.0,510.5
3637,60.60473943422705,196,902,492,973,344.0,937.5,515.0
3638,60.62140282147869,197,907,495,978,346.0,942.5,520.0
3639,60.638066208730336,198,915,494,986,346.0,950.5,528.0
3640,60.654729595981976,199,923,494,994,346.5,958.5,536.0
3641,60.67139298323362,198,933,495,1002,346.5,967.5,545.0
3642,60.68805637048526,198,940,496,1011,347.0,975.5,553.0
3643,60.70471975773691,197,949,494,1018,345.5,983.5,561.0
3644,60.72138314498855,197,957,494,1027,345.5,992.0,569.5
3645,60.7380465322402,195,964,495,1034,345.0,999.0,576.5
3646,60.75470991949184,196,971,492,1041,344.0,1006.0,583.5
3647,60.771373306743484,195,976,492,1046,343.5,1011.0,588.5
3648,60.788036693995124,194,983,491,1052,342.5,1017.5,595.0
3649,60.80470008124677,193,987,489,1057,341.0,1022.0,599.5
3650,60.82136346849841,192,990,488,1060,340.0,1025.0,602.5
3651,60.83802685575006,192,990,488,1060,340.0,1025.0,602.5
3652,60.8546902430017,191,988,487,1057,339.0,1022.5,600.0
3653,60.871353630253346,187,984,486,1053,336.5,1018.5,596.0
3654,60.888017017504986,188,980,487,1049,337.5,1014.5,592.0
3655,60.90468040475663,187,973,485,1042,336.0,1007.5,585.0
3656,60.92134379200827,187,964,483,1034,335.0,999.0,576.5
3657,60.93800717925992,185,957,483,1027,334.0,992.0,569.5
3658,60.95467056651156,185,950,483,1020,334.0,985.0,562.5
3659,60.97133395376321,185,944,483,1014,334.0,979.0,556.5
3660,60.98799734101485,185,934,483,1004,334.0,969.0,546.5
3661,61.004660728266494,186,926,483,996,334.5,961.0,538.5
3662,61.021324115518134,186,918,484,988,335.0,953.0,530.5
3663,61.037987502769774,187,910,485,980,336.0,945.0,522.5
3664,61.05465089002142,187,905,485,974,336.0,939.5,517.0
3665,61.07131427727306,189,900,486,972,337.5,936.0,513.5
3666,61.08797766452471,190,899,487,969,338.5,934.0,511.5
3667,61.10464105177635,191,899,487,969,339.0,934.0,511.5
3668,61.121304439027995,192,901,489,972,340.5,936.5,514.0
3669,61.137967826279635,194,903,491,975,342.5,939.0,516.5
3670,61.15463121353128,193,908,491,978,342.0,943.0,520.5
3671,61.17129460078292,194,911,492,982,343.0,946.5,524.0
3672,61.18795798803457,196,917,494,989,345.0,953.0,530.5
3673,61.20462137528621,196,922,494,994,345.0,958.0,535.5
3674,61.221284762537856,197,932,495,1002,346.0,967.0,544.5
3675,61.237948149789496,198,941,496,1012,347.0,976.5,554.0
3676,61.25461153704114,198,950,496,1020,347.0,985.0,562.5
3677,61.27127492429278,197,959,495,1030,346.0,994.5,572.0
3678,61.28793831154443,198,966,495,1037,346.5,1001.5,579.0
3679,61.30460169879607,196,973,494,1044,345.0,1008.5,586.0
3680,61.32126508604772,196,979,494,1048,345.0,1013.5,591.0
3681,61.33792847329936,196,981,492,1052,344.0,1016.5,594.0
3682,61.354591860551004,196,982,493,1053,344.5,1017.5,595.0
3683,61.371255247802644,194,982,491,1054,342.5,1018.0,595.5
3684,61.38791863505429,193,985,490,1054,341.5,1019.5,597.0
3685,61.40458202230593,193,984,489,1054,341.0,1019.0,596.5
3686,61.42124540955758,191,982,487,1051,339.0,1016.5,594.0
3687,61.43790879680922,189,977,487,1046,338.0,1011.5,589.0
3688,61.454572184060865,188,971,486,1040,337.0,1005.5,583.0
3689,61.471235571312505,187,964,484,1033,335.5,998.5,576.0
3690,61.48789895856415,186,956,483,1026,334.5,991.0,568.5
3691,61.50456234581579,186,945,483,1016,334.5,980.5,558.0
3692,61.52122573306744,186,937,483,1006,334.5,971.5,549.0
3693,61.53788912031908,184,929,482,1000,333.0,964.5,542.0
3694,61.554552507570726,184,922,482,993,333.0,957.5,535.0
3695,61.571215894822366,185,916,483,988,334.0,952.0,529.5
3696,61.587879282074006,185,912,483,982,334.0,947.0,524.5
3697,61.60454266932565,186,908,482,978,334.0,943.0,520.5
3698,61.62120605657729,186,904,482,974,334.0,939.0,516.5
3699,61.63786944382894,187,902,484,972,335.5,937.0,514.5
3700,61.65453283108058,188,901,485,970,336.5,935.5,513.0
3701,61.67119621833223,188,900,486,971,337.0,935.5,513.0
3702,61.68785960558387,190,904,487,974,338.5,939.0,516.5
3703,61.704522992835514,191,908,489,978,340.0,943.0,520.5
3704,61.721186380087154,193,914,489,985,341.0,949.5,527.0
3705,61.7378497673388,195,922,491,992,343.0,957.0,534.5
3706,61.75451315459044,195,930,492,1000,343.5,965.0,542.5
3707,61.77117654184209,198,938,490,1007,344.0,972.5,550.0
3708,61.78783992909373,197,944,493,1014,345.0,979.0,556.5
3709,61.804503316345375,200,952,494,1022,347.0,987.0,564.5
3710,61.821166703597015,199,959,494,1028,346.5,993.5,571.0
3711,61.83783009084866,199,966,495,1036,347.0,1001.0,578.5
3712,61.8544934781003,199,971,494,1042,346.5,1006.5,584.0
3713,61.87115686535195,199,976,494,1046,346.5,1011.0,588.5
3714,61.88782025260359,197,981,495,1052,346.0,1016.5,594.0
3715,61.904483639855236,196,984,494,1055,345.0,1019.5,597.0
3716,61.921147027106876,196,985,494,1056,345.0,1020.5,598.0
3717,61.93781041435852,196,984,493,1054,344.5,1019.0,596.5
3718,61.95447380161016,195,980,491,1050,343.0,1015.0,592.5
3719,61.97113718886181,193,976,491,1046,342.0,1011.0,588.5
3720,61.98780057611345,192,971,488,1041,340.0,1006.0,583.5
3721,62.0044639633651,191,966,488,1036,339.5,1001.0,578.5
3722,62.02112735061674,189,959,487,1029,338.0,994.0,571.5
3723,62.037790737868384,189,952,487,1022,338.0,987.0,564.5
3724,62.054454125120024,187,945,486,1016,336.5,980.5,558.0
3725,62.07111751237167,186,938,482,1008,334.0,973.0,550.5
3726,62.08778089962331,186,930,482,1000,334.0,965.0,542.5
3727,62.10444428687495,186,921,484,993,335.0,957.0,534.5
3728,62.1211076741266,185,915,483,986,334.0,950.5,528.0
3729,62.13777106137824,186,909,482,980,334.0,944.5,522.0
3730,62.154434448629885,185,906,482,976,333.5,941.0,518.5
3731,62.171097835881525,185,904,483,974,334.0,939.0,516.5
3732,62.18776122313317,185,904,483,974,334.0,939.0,516.5
3733,62.20442461038481,186,904,484,975,335.0,939.5,517.0
3734,62.22108799763646,186,906,484,976,335.0,941.0,518.5
3735,62.2377513848881,188,910,486,980,337.0,945.0,522.5
3736,62.25441477213975,188,912,486,983,337.0,947.5,525.0
3737,62.27107815939139,190,918,486,989,338.0,953.5,531.0
3738,62.28774154664303,192,924,489,994,340.5,959.0,536.5
3739,62.30440493389467,193,929,490,1000,341.5,964.5,542.0
3740,62.32106832114632,193,938,491,1009,342.0,973.5,551.0
3741,62.33773170839796,195,947,491,1017,343.0,982.0,559.5
3742,62.35439509564961,196,956,492,1025,344.0,990.5,568.0
3743,62.37105848290125,196,962,494,1032,345.0,997.0,574.5
3744,62.387721870152895,197,969,495,1038,346.0,1003.5,581.0
3745,62.404385257404535,197,974,495,1044,346.0,1009.0,586.5
3746,62.42104864465618,198,978,495,1046,346.5,1012.0,589.5
3747,62.43771203190782,198,980,494,1049,346.0,1014.5,592.0
3748,62.45437541915947,197,981,495,1049,346.0,1015.0,592.5
3749,62.47103880641111,197,981,494,1050,345.5,1015.5,593.0
3750,62.487702193662756,197,982,494,1050,345.5,1016.0,593.5
3751,62.504365580914396,196,980,494,1049,345.0,1014.5,592.0
3752,62.52102896816604,196,977,492,1046,344.0,1011.5,589.0
3753,62.53769235541768,194,971,491,1041,342.5,1006.0,583.5
3754,62.55435574266933,193,963,491,1034,342.0,998.5,576.0
3755,62.57101912992097,192,957,489,1026,340.5,991.5,569.0
3756,62.58768251717262,192,948,489,1018,340.5,983.0,560.5
3757,62.60434590442426,190,941,488,1010,339.0,975.5,553.0
3758,62.6210092916759,190,933,485,1003,337.5,968.0,545.5
3759,62.637672678927544,187,926,485,997,336.0,961.5,539.0
3760,62.654336066179184,186,922,485,992,335.5,957.0,534.5
3761,62.67099945343083,186,917,484,987,335.0,952.0,529.5
3762,62.68766284068247,184,912,483,983,333.5,947.5,525.0
3763,62.70432622793412,185,908,483,978,334.0,943.0,520.5
3764,62.72098961518576,185,906,483,976,334.0,941.0,518.5
3765,62.737653002437405,185,904,483,976,334.0,940.0,517.5
3766,62.754316389689045,186,905,483,975,334.5,940.0,517.5
3767,62.77097977694069,185,905,484,976,334.5,940.5,518.0
3768,62.78764316419233,186,910,484,980,335.0,945.0,522.5
3769,62.80430655144398,187,915,484,986,335.5,950.5,528.0
3770,62.82096993869562,187,922,485,992,336.0,957.0,534.5
3771,62.837633325947266,190,928,486,998,338.0,963.0,540.5
3772,62.854296713198906,191,933,486,1006,338.5,969.5,547.0
3773,62.87096010045055,191,942,488,1012,339.5,977.0,554.5
3774,62.88762348770219,192,948,489,1017,340.5,982.5,560.0
3775,62.90428687495384,193,954,490,1024,341.5,989.0,566.5
3776,62.92095026220548,194,960,491,1031,342.5,995.5,573.0
3777,62.93761364945713,196,966,492,1037,344.0,1001.5,579.0
3778,62.95427703670877,196,970,493,1042,344.5,1006.0,583.5
3779,62.970940423960414,198,976,494,1047,346.0,1011.5,589.0
3780,62.987603811212054,198,981,495,1050,346.5,1015.5,593.0
3781,63.0042671984637,198,981,495,1050,346.5,1015.5,593.0
3782,63.02093058571534,198,980,495,1050,346.5,1015.0,592.5
3783,63.03759397296699,199,977,495,1048,347.0,1012.5,590.0
3784,63.05425736021863,198,974,496,1044,347.0,1009.0,586.5
3785,63.070920747470275,197,970,494,1040,345.5,1005.0,582.5
3786,63.087584134721915,195,966,494,1034,344.5,1000.0,577.5
3787,63.10424752197356,196,959,493,1029,344.5,994.0,571.5
3788,63.1209109092252,192,954,491,1023,341.5,988.5,566.0
3789,63.13757429647685,194,945,491,1016,342.5,980.5,558.0
3790,63.15423768372849,195,941,489,1011,342.0,976.0,553.5
3791,63.17090107098013,191,932,488,1003,339.5,967.5,545.0
3792,63.187564458231776,191,926,488,996,339.5,961.0,538.5
3793,63.204227845483416,189,919,487,990,338.0,954.5,532.0
3794,63.22089123273506,188,914,486,984,337.0,949.0,526.5
3795,63.2375546199867,187,910,486,981,336.5,945.5,523.0
3796,63.25421800723835,186,907,485,978,335.5,942.5,520.0
3797,63.27088139448999,187,906,484,978,335.5,942.0,519.5
3798,63.28754478174164,187,906,483,978,335.0,942.0,519.5
3799,63.30420816899328,187,908,483,978,335.0,943.0,520.5
3800,63.320871556244924,185,912,482,982,333.5,947.0,524.5
3801,63.337534943496564,186,914,482,984,334.0,949.0,526.5
3802,63.35419833074821,187,918,483,988,335.0,953.0,530.5
3803,63.37086171799985,186,922,484,994,335.0,958.0,535.5
3804,63.3875251052515,187,928,485,1000,336.0,964.0,541.5
3805,63.40418849250314,187,936,485,1006,336.0,971.0,548.5
3806,63.420851879754785,191,944,487,1015,339.0,979.5,557.0
3807,63.437515267006425,192,952,487,1023,339.5,987.5,565.0
3808,63.45417865425807,190,959,489,1030,339.5,994.5,572.0
3809,63.47084204150971,193,965,487,1034,340.0,999.5,577.0
3810,63.48750542876136,193,969,490,1038,341.5,1003.5,581.0
3811,63.504168816013,194,972,491,1043,342.5,1007.5,585.0
3812,63.520832203264646,196,976,491,1046,343.5,1011.0,588.5
3813,63.537495590516286,197,977,492,1046,344.5,1011.5,589.0
3814,63.55415897776793,197,977,493,1046,345.0,1011.5,589.0
3815,63.57082236501957,197,978,493,1046,345.0,1012.0,589.5
3816,63.58748575227122,198,976,494,1046,346.0,1011.0,588.5
3817,63.60414913952286,198,975,494,1044,346.0,1009.5,587.0
3818,63.62081252677451,198,971,495,1040,346.5,1005.5,583.0
3819,63.63747591402615,198,964,495,1034,346.5,999.0,576.5
3820,63.654139301277795,196,957,495,1026,345.5,991.5,569.0
3821,63.670802688529434,196,950,494,1020,345.0,985.0,562.5
3822,63.687466075781074,194,942,493,1014,343.5,978.0,555.5
3823,63.70412946303272,195,936,492,1006,343.5,971.0,548.5
3824,63.72079285028436,194,930,490,1000,342.0,965.0,542.5
3825,63.73745623753601,192,924,490,994,341.0,959.0,536.5
3826,63.75411962478765,191,920,489,991,340.0,955.5,533.0
3827,63.770783012039296,191,915,488,986,339.5,950.5,528.0
3828,63.787446399290936,190,912,486,983,338.0,947.5,525.0
3829,63.80410978654258,189,908,486,980,337.5,944.0,521.5
3830,63.82077317379422,188,908,486,977,337.0,942.5,520.0
3831,63.83743656104587,188,906,486,977,337.0,941.5,519.0
3832,63.85409994829751,187,908,485,978,336.0,943.0,520.5
3833,63.87076333554916,187,911,485,982,336.0,946.5,524.0
3834,63.8874267228008,186,915,484,986,335.0,950.5,528.0
3835,63.904090110052444,185,920,483,991,334.0,955.5,533.0
3836,63.920753497304084,186,928,484,998,335.0,963.0,540.5
3837,63.93741688455573,185,933,483,1005,334.0,969.0,546.5
3838,63.95408027180737,187,941,484,1010,335.5,975.5,553.0
3839,63.97074365905902,186,945,484,1016,335.0,980.5,558.0
3840,63.98740704631066,189,952,485,1021,337.0,986.5,564.0
3841,64.0040704335623,189,958,486,1027,337.5,992.5,570.0
3842,64.02073382081394,190,963,488,1034,339.0,998.5,576.0
3843,64.03739720806558,191,968,487,1038,339.0,1003.0,580.5
3844,64.05406059531724,192,973,491,1043,341.5,1008.0,585.5
3845,64.07072398256888,193,978,491,1046,342.0,1012.0,589.5
3846,64.08738736982052,193,978,491,1046,342.0,1012.0,589.5
3847,64.10405075707216,194,978,492,1046,343.0,1012.0,589.5
3848,64.12071414432381,195,976,493,1045,344.0,1010.5,588.0
3849,64.13737753157545,196,972,493,1042,344.5,1007.0,584.5
3850,64.15404091882709,196,968,495,1038,345.5,1003.0,580.5
3851,64.17070430607873,198,964,494,1034,346.0,999.0,576.5
3852,64.18736769333039,199,959,494,1030,346.5,994.5,572.0
3853,64.20403108058203,200,954,494,1024,347.0,989.0,566.5
3854,64.22069446783367,197,947,495,1018,346.0,982.5,560.0
3855,64.2373578550853,196,943,494,1012,345.0,977.5,555.0
3856,64.25402124233695,197,935,494,1006,345.5,970.5,548.0
3857,64.2706846295886,196,928,492,999,344.0,963.5,541.0
3858,64.28734801684024,196,922,492,993,344.0,957.5,535.0
3859,64.30401140409188,193,918,490,988,341.5,953.0,530.5
3860,64.32067479134352,193,912,491,983,342.0,947.5,525.0
3861,64.33733817859518,192,910,490,981,341.0,945.5,523.0
3862,64.35400156584681,191,910,490,981,340.5,945.5,523.0
3863,64.37066495309845,191,910,489,981,340.0,945.5,523.0
3864,64.3873283403501,190,910,488,981,339.0,945.5,523.0
3865,64.40399172760175,189,912,487,982,338.0,947.0,524.5
3866,64.42065511485339,188,913,485,985,336.5,949.0,526.5
3867,64.43731850210503,187,917,484,988,335.5,952.5,530.0
3868,64.45398188935667,187,924,484,994,335.5,959.0,536.5
3869,64.47064527660832,186,929,484,998,335.0,963.5,541.0
3870,64.48730866385996,186,934,483,1004,334.5,969.0,546.5
3871,64.5039720511116,186,942,483,1012,334.5,977.0,554.5
3872,64.52063543836324,186,947,484,1020,335.0,983.5,561.0
3873,64.5372988256149,185,956,484,1027,334.5,991.5,569.0
3874,64.55396221286654,187,962,483,1032,335.0,997.0,574.5
3875,64.57062560011818,187,965,485,1035,336.0,1000.0,577.5
3876,64.58728898736982,189,968,486,1040,337.5,1004.0,581.5
3877,64.60395237462147,189,971,486,1043,337.5,1007.0,584.5
3878,64.62061576187311,190,973,487,1044,338.5,1008.5,586.0
3879,64.63727914912475,190,975,488,1044,339.0,1009.5,587.0
3880,64.65394253637639,191,975,488,1045,339.5,1010.0,587.5
3881,64.67060592362805,192,973,489,1044,340.5,1008.5,586.0
3882,64.68726931087969,193,972,490,1042,341.5,1007.0,584.5
3883,64.70393269813133,195,969,492,1039,343.5,1004.0,581.5
3884,64.72059608538297,195,963,492,1033,343.5,998.0,575.5
3885,64.7372594726346,196,958,494,1028,345.0,993.0,570.5
3886,64.75392285988626,196,950,494,1020,345.0,985.0,562.5
3887,64.7705862471379,196,944,494,1014,345.0,979.0,556.5
3888,64.78724963438954,196,938,493,1007,344.5,972.5,550.0
3889,64.80391302164118,196,931,494,1002,345.0,966.5,544.0
3890,64.82057640889283,196,926,494,996,345.0,961.0,538.5
3891,64.83723979614447,196,922,493,992,344.5,957.0,534.5
3892,64.85390318339611,196,918,493,989,344.5,953.5,531.0
3893,64.87056657064775,195,913,493,986,344.0,949.5,527.0
3894,64.88722995789941,194,913,491,983,342.5,948.0,525.5
3895,64.90389334515105,193,910,491,981,342.0,945.5,523.0
3896,64.92055673240269,193,909,491,980,342.0,944.5,522.0
3897,64.93722011965433,192,910,490,982,341.0,946.0,523.5
3898,64.95388350690598,190,911,488,982,339.0,946.5,524.0
3899,64.97054689415762,190,916,487,986,338.5,951.0,528.5
3900,64.98721028140926,190,922,486,993,338.0,957.5,535.0
3901,65.0038736686609,188,926,486,997,337.0,961.5,539.0
3902,65.02053705591256,186,930,485,1004,335.5,967.0,544.5
3903,65.0372004431642,185,938,483,1010,334.0,974.0,551.5
3904,65.05386383041584,186,946,483,1014,334.5,980.0,557.5
3905,65.07052721766748,187,949,484,1020,335.5,984.5,562.0
3906,65.08719060491913,187,955,484,1026,335.5,990.5,568.0
3907,65.10385399217077,186,960,483,1030,334.5,995.0,572.5
3908,65.12051737942241,187,966,485,1036,336.0,1001.0,578.5
3909,65.13718076667405,188,972,486,1040,337.0,1006.0,583.5
3910,65.1538441539257,188,973,484,1043,336.0,1008.0,585.5
3911,65.17050754117734,189,976,486,1044,337.5,1010.0,587.5
3912,65.18717092842898,189,976,486,1044,337.5,1010.0,587.5
3913,65.20383431568062,190,972,486,1043,338.0,1007.5,585.0
3914,65.22049770293228,190,973,488,1042,339.0,1007.5,585.0
3915,65.23716109018392,192,967,489,1037,340.5,1002.0,579.5
3916,65.25382447743556,192,964,489,1033,340.5,998.5,576.0
3917,65.2704878646872,193,959,491,1030,342.0,994.5,572.0
3918,65.28715125193884,194,955,491,1026,342.5,990.5,568.0
3919,65.30381463919049,196,949,491,1020,343.5,984.5,562.0
3920,65.32047802644213,196,944,493,1014,344.5,979.0,556.5
3921,65.33714141369377,195,938,493,1007,344.0,972.5,550.0
3922,65.35380480094541,197,931,493,1002,345.0,966.5,544.0
3923,65.37046818819707,196,926,494,996,345.0,961.0,538.5
3924,65.3871315754487,196,920,495,990,345.5,955.0,532.5
3925,65.40379496270035,196,916,492,986,344.0,951.0,528.5
3926,65.42045834995199,195,913,492,984,343.5,948.5,526.0
3927,65.43712173720364,196,913,493,984,344.5,948.5,526.0
3928,65.45378512445528,195,913,492,984,343.5,948.5,526.0
3929,65.47044851170692,193,914,491,984,342.0,949.0,526.5
3930,65.48711189895856,192,914,491,984,341.5,949.0,526.5
3931,65.50377528621021,192,914,491,985,341.5,949.5,527.0
3932,65.52043867346185,192,916,490,988,341.0,952.0,529.5
3933,65.5371020607135,193,921,490,992,341.5,956.5,534.0
3934,65.55376544796513,191,927,488,998,339.5,962.5,540.0
3935,65.57042883521679,190,933,487,1004,338.5,968.5,546.0
3936,65.58709222246843,189,939,487,1010,338.0,974.5,552.0
3937,65.60375560972007,187,947,485,1016,336.0,981.5,559.0
3938,65.62041899697171,187,953,485,1022,336.0,987.5,565.0
3939,65.63708238422336,186,959,485,1029,335.5,994.0,571.5
3940,65.653745771475,186,963,483,1034,334.5,998.5,576.0
3941,65.67040915872664,187,966,483,1036,335.0,1001.0,578.5
3942,65.68707254597828,186,968,483,1038,334.5,1003.0,580.5
3943,65.70373593322994,188,971,485,1040,336.5,1005.5,583.0
3944,65.72039932048158,187,972,484,1043,335.5,1007.5,585.0
3945,65.73706270773322,188,973,485,1044,336.5,1008.5,586.0
3946,65.75372609498486,188,972,486,1043,337.0,1007.5,585.0
3947,65.77038948223651,189,971,487,1042,338.0,1006.5,584.0
3948,65.78705286948815,189,966,486,1038,337.5,1002.0,579.5
3949,65.80371625673979,191,964,487,1034,339.0,999.0,576.5
3950,65.82037964399143,191,958,488,1028,339.5,993.0,570.5
3951,65.83704303124307,193,953,490,1022,341.5,987.5,565.0
3952,65.85370641849472,193,944,490,1014,341.5,979.0,556.5
3953,65.87036980574636,195,939,491,1009,343.0,974.0,551.5
3954,65.887033192998,195,934,492,1005,343.5,969.5,547.0
3955,65.90369658024964,195,929,493,1001,344.0,965.0,542.5
3956,65.9203599675013,196,926,492,995,344.0,960.5,538.0
3957,65.93702335475294,198,922,493,991,345.5,956.5,534.0
3958,65.95368674200458,196,918,493,988,344.5,953.0,530.5
3959,65.97035012925622,196,916,494,986,345.0,951.0,528.5
3960,65.98701351650787,198,914,493,984,345.5,949.0,526.5
3961,66.00367690375951,197,913,493,983,345.0,948.0,525.5
3962,66.02034029101115,196,913,493,982,344.5,947.5,525.0
3963,66.03700367826279,194,913,492,983,343.0,948.0,525.5
3964,66.05366706551445,195,917,492,988,343.5,952.5,530.0
3965,66.07033045276609,195,920,491,993,343.0,956.5,534.0
3966,66.08699384001773,193,926,490,997,341.5,961.5,539.0
3967,66.10365722726937,192,930,488,1003,340.0,966.5,544.0
3968,66.12032061452102,192,935,488,1006,340.0,970.5,548.0
3969,66.13698400177266,191,941,488,1012,339.5,976.5,554.0
3970,66.1536473890243,191,945,487,1017,339.0,981.0,558.5
3971,66.17031077627594,190,951,486,1022,338.0,986.5,564.0
3972,66.1869741635276,189,958,485,1028,337.0,993.0,570.5
3973,66.20363755077923,187,962,484,1032,335.5,997.0,574.5
3974,66.22030093803087,188,968,484,1037,336.0,1002.5,580.0
3975,66.23696432528251,187,970,483,1040,335.0,1005.0,582.5
3976,66.25362771253417,188,972,485,1044,336.5,1008.0,585.5
3977,66.27029109978581,187,971,484,1042,335.5,1006.5,584.0
3978,66.28695448703745,187,971,484,1042,335.5,1006.5,584.0
3979,66.30361787428909,187,969,484,1039,335.5,1004.0,581.5
3980,66.32028126154073,186,966,483,1037,334.5,1001.5,579.0
3981,66.33694464879238,188,962,485,1033,336.5,997.5,575.0
3982,66.35360803604402,188,959,486,1029,337.0,994.0,571.5
3983,66.37027142329566,190,954,487,1026,338.5,990.0,567.5
3984,66.3869348105473,191,950,487,1022,339.0,986.0,563.5
3985,66.40359819779896,192,945,488,1016,340.0,980.5,558.0
3986,66.4202615850506,191,940,489,1010,340.0,975.0,552.5
3987,66.43692497230224,193,933,490,1004,341.5,968.5,546.0
3988,66.45358835955388,193,927,491,997,342.0,962.0,539.5
3989,66.47025174680553,194,922,491,993,342.5,957.5,535.0
3990,66.48691513405717,195,920,492,989,343.5,954.5,532.0
3991,66.50357852130881,195,916,492,986,343.5,951.0,528.5
3992,66.52024190856045,195,916,492,986,343.5,951.0,528.5
3993,66.5369052958121,195,915,492,986,343.5,950.5,528.0
3994,66.55356868306374,196,916,493,986,344.5,951.0,528.5
3995,66.57023207031538,196,916,493,986,344.5,951.0,528.5
3996,66.58689545756702,196,916,494,986,345.0,951.0,528.5
3997,66.60355884481868,195,918,493,990,344.0,954.0,531.5
3998,66.62022223207032,196,921,493,992,344.5,956.5,534.0
3999,66.63688561932196,193,928,492,998,342.5,963.0,540.5
4000,66.6535490065736,195,934,492,1003,343.5,968.5,546.0
4001,66.67021239382525,193,938,491,1009,342.0,973.5,551.0
4002,66.68687578107689,194,943,490,1014,342.0,978.5,556.0
4003,66.70353916832853,192,950,488,1020,340.0,985.0,562.5
4004,66.72020255558017,192,956,488,1026,340.0,991.0,568.5
4005,66.73686594283183,191,960,488,1030,339.5,995.0,572.5
4006,66.75352933008347,191,963,487,1034,339.0,998.5,576.0
4007,66.7701927173351,189,966,487,1036,338.0,1001.0,578.5
4008,66.78685610458675,189,967,486,1037,337.5,1002.0,579.5
4009,66.8035194918384,187,969,485,1039,336.0,1004.0,581.5
4010,66.82018287909004,187,968,485,1040,336.0,1004.0,581.5
4011,66.83684626634168,187,969,485,1041,336.0,1005.0,582.5
4012,66.85350965359332,187,969,485,1040,336.0,1004.5,582.0
4013,66.87017304084496,188,966,484,1037,336.0,1001.5,579.0
4014,66.88683642809661,187,963,484,1032,335.5,997.5,575.0
4015,66.90349981534825,187,957,484,1028,335.5,992.5,570.0
4016,66.9201632025999,187,953,485,1023,336.0,988.0,565.5
4017,66.93682658985153,188,947,486,1016,337.0,981.5,559.0
4018,66.95348997710319,189,942,484,1012,336.5,977.0,554.5
4019,66.97015336435483,190,938,486,1006,338.0,972.0,549.5
4020,66.98681675160647,190,932,486,1004,338.0,968.0,545.5
4021,67.00348013885811,191,929,488,999,339.5,964.0,541.5
4022,67.02014352610976,192,924,488,995,340.0,959.5,537.0
4023,67.0368069133614,194,920,489,991,341.5,955.5,533.0
4024,67.05347030061304,193,917,489,988,341.0,952.5,530.0
4025,67.07013368786468,193,916,490,987,341.5,951.5,529.0
4026,67.08679707511634,193,914,491,986,342.0,950.0,527.5
4027,67.10346046236798,194,914,491,986,342.5,950.0,527.5
4028,67.12012384961962,194,914,492,986,343.0,950.0,527.5
4029,67.13678723687126,196,919,493,990,344.5,954.5,532.0
4030,67.15345062412291,195,922,493,993,344.0,957.5,535.0
4031,67.17011401137455,194,927,494,997,344.0,962.0,539.5
4032,67.18677739862619,195,931,493,1002,344.0,966.5,544.0
4033,67.20344078587783,196,936,492,1007,344.0,971.5,549.0
4034,67.22010417312949,196,939,494,1011,345.0,975.0,552.5
4035,67.23676756038113,195,944,492,1015,343.5,979.5,557.0
4036,67.25343094763276,194,948,491,1020,342.5,984.0,561.5
4037,67.2700943348844,194,953,491,1026,342.5,989.5,567.0
4038,67.28675772213606,193,958,489,1030,341.0,994.0,571.5
4039,67.3034211093877,192,963,488,1034,340.0,998.5,576.0
4040,67.32008449663934,191,966,489,1038,340.0,1002.0,579.5
4041,67.33674788389098,191,970,486,1040,338.5,1005.0,582.5
4042,67.35341127114262,189,970,486,1040,337.5,1005.0,582.5
4043,67.37007465839427,189,970,485,1040,337.0,1005.0,582.5
4044,67.38673804564591,188,967,485,1038,336.5,1002.5,580.0
4045,67.40340143289755,188,966,485,1037,336.5,1001.5,579.0
4046,67.4200648201492,187,963,484,1034,335.5,998.5,576.0
4047,67.43672820740085,187,959,484,1030,335.5,994.5,572.0
4048,67.45339159465249,186,956,483,1026,334.5,991.0,568.5
4049,67.47005498190413,187,951,483,1022,335.0,986.5,564.0
4050,67.48671836915577,188,946,485,1016,336.5,981.0,558.5
4051,67.50338175640742,187,940,484,1011,335.5,975.5,553.0
4052,67.52004514365906,188,937,485,1006,336.5,971.5,549.0
4053,67.5367085309107,187,930,485,1000,336.0,965.0,542.5
4054,67.55337191816234,189,925,484,995,336.5,960.0,537.5
4055,67.570035305414,190,922,487,992,338.5,957.0,534.5
4056,67.58669869266564,189,920,486,990,337.5,955.0,532.5
4057,67.60336207991728,190,919,488,987,339.0,953.0,530.5
4058,67.62002546716892,191,918,489,987,340.0,952.5,530.0
4059,67.63668885442057,192,917,489,986,340.5,951.5,529.0
4060,67.65335224167221,192,917,490,988,341.0,952.5,530.0
4061,67.67001562892385,193,918,490,988,341.5,953.0,530.5
4062,67.68667901617549,194,920,491,990,342.5,955.0,532.5
4063,67.70334240342714,195,921,492,992,343.5,956.5,534.0
4064,67.72000579067878,195,925,493,997,344.0,961.0,538.5
4065,67.73666917793042,195,929,492,1001,343.5,965.0,542.5
4066,67.75333256518206,195,935,492,1007,343.5,971.0,548.5
4067,67.76999595243372,195,942,490,1013,342.5,977.5,555.0
4068,67.78665933968536,194,948,491,1018,342.5,983.0,560.5
4069,67.803322726937,194,952,491,1024,342.5,988.0,565.5
4070,67.81998611418864,194,958,491,1027,342.5,992.5,570.0
4071,67.83664950144029,193,960,490,1032,341.5,996.0,573.5
4072,67.85331288869193,193,962,492,1034,342.5,998.0,575.5
4073,67.86997627594357,193,965,491,1036,342.0,1000.5,578.0
4074,67.88663966319521,193,967,490,1038,341.5,1002.5,580.0
4075,67.90330305044685,192,968,490,1038,341.0,1003.0,580.5
4076,67.9199664376985,191,969,489,1038,340.0,1003.5,581.0
4077,67.93662982495015,191,969,488,1038,339.5,1003.5,581.0
4078,67.95329321220179,190,966,486,1036,338.0,1001.0,578.5
4079,67.96995659945343,187,964,484,1033,335.5,998.5,576.0
4080,67.98661998670508,187,959,485,1029,336.0,994.0,571.5
4081,68.00328337395672,188,954,485,1024,336.5,989.0,566.5
4082,68.01994676120836,187,949,484,1019,335.5,984.0,561.5
4083,68.03661014846,186,944,484,1014,335.0,979.0,556.5
4084,68.05327353571165,186,938,484,1009,335.0,973.5,551.0
4085,68.0699369229633,188,935,483,1004,335.5,969.5,547.0
4086,68.08660031021493,188,930,483,1002,335.5,966.0,543.5
4087,68.10326369746657,187,926,483,998,335.0,962.0,539.5
4088,68.11992708471823,188,922,485,994,336.5,958.0,535.5
4089,68.13659047196987,189,920,486,990,337.5,955.0,532.5
4090,68.15325385922151,190,918,486,988,338.0,953.0,530.5
4091,68.16991724647315,190,916,487,988,338.5,952.0,529.5
4092,68.1865806337248,190,917,487,988,338.5,952.5,530.0
4093,68.20324402097644,190,917,488,988,339.0,952.5,530.0
4094,68.21990740822808,192,919,489,990,340.5,954.5,532.0
4095,68.23657079547972,193,922,489,992,341.0,957.0,534.5
4096,68.25323418273138,193,927,491,997,342.0,962.0,539.5
4097,68.26989756998302,195,931,492,1000,343.5,965.5,543.0
4098,68.28656095723466,195,933,493,1004,344.0,968.5,546.0
4099,68.3032243444863,196,937,493,1008,344.5,972.5,550.0
4100,68.31988773173795,197,943,493,1013,345.0,978.0,555.5
4101,68.33655111898959,197,949,493,1018,345.0,983.5,561.0
4102,68.35321450624123,197,952,494,1022,345.5,987.0,564.5
4103,68.36987789349287,196,957,492,1028,344.0,992.5,570.0
4104,68.38654128074452,195,961,492,1032,343.5,996.5,574.0
4105,68.40320466799616,194,966,492,1036,343.0,1001.0,578.5
4106,68.4198680552478,195,966,492,1037,343.5,1001.5,579.0
4107,68.43653144249944,194,967,491,1038,342.5,1002.5,580.0
4108,68.45319482975108,193,968,490,1038,341.5,1003.0,580.5
4109,68.46985821700274,192,966,488,1038,340.0,1002.0,579.5
4110,68.48652160425438,193,965,489,1035,341.0,1000.0,577.5
4111,68.50318499150602,192,962,489,1032,340.5,997.0,574.5
4112,68.51984837875766,191,960,487,1031,339.0,995.5,573.0
4113,68.53651176600931,189,956,486,1026,337.5,991.0,568.5
4114,68.55317515326095,190,953,485,1023,337.5,988.0,565.5
4115,68.56983854051259,186,947,485,1020,335.5,983.5,561.0
4116,68.58650192776423,187,940,486,1015,336.5,977.5,555.0
4117,68.60316531501589,187,939,485,1009,336.0,974.0,551.5
4118,68.61982870226753,186,932,485,1004,335.5,968.0,545.5
4119,68.63649208951917,187,927,484,998,335.5,962.5,540.0
4120,68.6531554767708,187,922,485,994,336.0,958.0,535.5
4121,68.66981886402246,187,922,483,994,335.0,958.0,535.5
4122,68.6864822512741,187,921,483,992,335.0,956.5,534.0
4123,68.70314563852574,188,920,485,990,336.5,955.0,532.5
4124,68.71980902577738,188,920,486,990,337.0,955.0,532.5
4125,68.73647241302903,189,919,486,990,337.5,954.5,532.0
4126,68.75313580028067,189,919,486,990,337.5,954.5,532.0
4127,68.76979918753231,190,921,487,990,338.5,955.5,533.0
4128,68.78646257478395,190,923,488,994,339.0,958.5,536.0
4129,68.80312596203561,193,927,489,997,341.0,962.0,539.5
4130,68.81978934928725,192,926,490,1000,341.0,963.0,540.5
4131,68.83645273653889,192,935,490,1006,341.0,970.5,548.0
4132,68.85311612379053,193,942,491,1011,342.0,976.5,554.0
4133,68.86977951104218,194,948,492,1016,343.0,982.0,559.5
4134,68.88644289829382,194,950,492,1022,343.0,986.0,563.5
4135,68.90310628554546,195,955,491,1024,343.0,989.5,567.0
4136,68.9197696727971,195,958,493,1028,344.0,993.0,570.5
4137,68.93643306004874,196,961,493,1030,344.5,995.5,573.0
4138,68.9530964473004,196,961,493,1032,344.5,996.5,574.0
4139,68.96975983455204,195,965,492,1035,343.5,1000.0,577.5
4140,68.98642322180368,194,965,493,1036,343.5,1000.5,578.0
4141,69.00308660905532,194,966,492,1038,343.0,1002.0,579.5
4142,69.01974999630697,194,966,492,1038,343.0,1002.0,579.5
4143,69.03641338355861,194,965,491,1036,342.5,1000.5,578.0
4144,69.05307677081025,192,963,490,1032,341.0,997.5,575.0
4145,69.06974015806189,192,960,488,1029,340.0,994.5,572.0
4146,69.08640354531354,190,955,489,1024,339.5,989.5,567.0
4147,69.10306693256518,191,950,487,1020,339.0,985.0,562.5
4148,69.11973031981682,191,946,488,1016,339.5,981.0,558.5
4149,69.13639370706846,190,941,487,1012,338.5,976.5,554.0
4150,69.15305709432012,188,937,485,1006,336.5,971.5,549.0
4151,69.16972048157176,187,934,485,1004,336.0,969.0,546.5
4152,69.1863838688234,187,931,485,1001,336.0,966.0,543.5
4153,69.20304725607504,187,927,485,998,336.0,962.5,540.0
4154,69.21971064332669,188,924,484,994,336.0,959.0,536.5
4155,69.23637403057833,187,921,483,991,335.0,956.0,533.5
4156,69.25303741782997,187,920,484,990,335.5,955.0,532.5
4157,69.26970080508161,188,919,485,989,336.5,954.0,531.5
4158,69.28636419233327,188,919,484,989,336.0,954.0,531.5
4159,69.3030275795849,188,920,485,990,336.5,955.0,532.5
4160,69.31969096683655,189,923,486,994,337.5,958.5,536.0
4161,69.33635435408819,190,925,486,996,338.0,960.5,538.0
4162,69.35301774133984,191,930,487,1000,339.0,965.0,542.5
4163,69.36968112859148,192,934,488,1004,340.0,969.0,546.5
4164,69.38634451584312,193,937,489,1008,341.0,972.5,550.0
4165,69.40300790309476,192,942,489,1011,340.5,976.5,554.0
4166,69.41967129034641,193,945,490,1015,341.5,980.0,557.5
4167,69.43633467759805,193,950,490,1020,341.5,985.0,562.5
4168,69.4529980648497,194,956,491,1026,342.5,991.0,568.5
4169,69.46966145210133,194,960,492,1029,343.0,994.5,572.0
4170,69.48632483935297,195,962,493,1032,344.0,997.0,574.5
4171,69.50298822660463,195,964,492,1034,343.5,999.0,576.5
4172,69.51965161385627,196,966,493,1036,344.5,1001.0,578.5
4173,69.53631500110791,197,967,493,1036,345.0,1001.5,579.0
4174,69.55297838835955,196,966,493,1036,344.5,1001.0,578.5
4175,69.5696417756112,196,963,493,1034,344.5,998.5,576.0
4176,69.58630516286284,195,962,493,1032,344.0,997.0,574.5
4177,69.60296855011448,195,961,493,1030,344.0,995.5,573.0
4178,69.61963193736612,193,956,491,1028,342.0,992.0,569.5
4179,69.63629532461778,192,955,490,1024,341.0,989.5,567.0
4180,69.65295871186942,192,950,489,1021,340.5,985.5,563.0
4181,69.66962209912106,191,947,489,1016,340.0,981.5,559.0
4182,69.6862854863727,191,941,488,1012,339.5,976.5,554.0
4183,69.70294887362435,190,937,488,1006,339.0,971.5,549.0
4184,69.71961226087599,189,931,487,1001,338.0,966.0,543.5
4185,69.73627564812763,189,928,486,997,337.5,962.5,540.0
4186,69.75293903537927,188,924,486,994,337.0,959.0,536.5
4187,69.76960242263092,188,922,486,992,337.0,957.0,534.5
4188,69.78626580988256,187,922,486,992,336.5,957.0,534.5
4189,69.8029291971342,187,922,485,992,336.0,957.0,534.5
4190,69.81959258438584,187,921,485,992,336.0,956.5,534.0
4191,69.8362559716375,188,922,485,992,336.5,957.0,534.5
4192,69.85291935888914,188,922,485,992,336.5,957.0,534.5
4193,69.86958274614078,188,924,485,994,336.5,959.0,536.5
4194,69.88624613339242,189,925,485,997,337.0,961.0,538.5
4195,69.90290952064407,189,929,486,1000,337.5,964.5,542.0
4196,69.91957290789571,191,934,486,1004,338.5,969.0,546.5
4197,69.93623629514735,191,939,488,1009,339.5,974.0,551.5
4198,69.95289968239899,191,945,489,1015,340.0,980.0,557.5
4199,69.96956306965065,191,949,490,1020,340.5,984.5,562.0
4200,69.98622645690229,192,950,489,1020,340.5,985.0,562.5
4201,70.00288984415393,193,954,491,1025,342.0,989.5,567.0
4202,70.01955323140557,193,956,490,1028,341.5,992.0,569.5
4203,70.0362166186572,194,959,492,1030,343.0,994.5,572.0
4204,70.05288000590886,195,962,492,1032,343.5,997.0,574.5
4205,70.0695433931605,195,964,493,1034,344.0,999.0,576.5
4206,70.08620678041214,195,965,492,1035,343.5,1000.0,577.5
4207,70.10287016766378,197,964,493,1035,345.0,999.5,577.0
4208,70.11953355491544,196,964,494,1035,345.0,999.5,577.0
4209,70.13619694216708,196,963,493,1032,344.5,997.5,575.0
4210,70.15286032941871,195,958,490,1028,342.5,993.0,570.5
4211,70.16952371667035,195,955,493,1024,344.0,989.5,567.0
4212,70.18618710392201,195,951,492,1021,343.5,986.0,563.5
4213,70.20285049117365,194,946,491,1018,342.5,982.0,559.5
4214,70.21951387842529,193,943,491,1014,342.0,978.5,556.0
4215,70.23617726567693,193,940,491,1010,342.0,975.0,552.5
4216,70.25284065292858,192,935,490,1006,341.0,970.5,548.0
4217,70.26950404018022,192,932,488,1002,340.0,967.0,544.5
4218,70.28616742743186,191,930,488,1000,339.5,965.0,542.5
4219,70.3028308146835,191,926,487,996,339.0,961.0,538.5
4220,70.31949420193516,190,924,485,994,337.5,959.0,536.5
4221,70.3361575891868,190,922,487,991,338.5,956.5,534.0
4222,70.35282097643844,189,920,486,990,337.5,955.0,532.5
4223,70.36948436369008,188,920,486,991,337.0,955.5,533.0
4224,70.38614775094173,188,921,486,992,337.0,956.5,534.0
4225,70.40281113819337,189,923,484,994,336.5,958.5,536.0
4226,70.41947452544501,189,926,485,997,337.0,961.5,539.0
4227,70.43613791269665,189,929,485,1000,337.0,964.5,542.0
4228,70.4528012999483,189,932,485,1003,337.0,967.5,545.0
4229,70.46946468719995,190,936,485,1006,337.5,971.0,548.5
4230,70.48612807445159,190,938,485,1010,337.5,974.0,551.5
4231,70.50279146170323,190,943,485,1012,337.5,977.5,555.0
4232,70.51945484895487,191,948,487,1018,339.0,983.0,560.5
4233,70.53611823620652,191,952,489,1023,340.0,987.5,565.0
4234,70.55278162345816,192,958,489,1026,340.5,992.0,569.5
4235,70.5694450107098,192,960,490,1030,341.0,995.0,572.5
4236,70.58610839796144,193,961,491,1031,342.0,996.0,573.5
4237,70.6027717852131,194,962,491,1033,342.5,997.5,575.0
4238,70.61943517246473,193,964,490,1034,341.5,999.0,576.5
4239,70.63609855971637,193,964,491,1034,342.0,999.0,576.5
4240,70.65276194696801,194,964,492,1033,343.0,998.5,576.0
4241,70.66942533421967,194,961,492,1030,343.0,995.5,573.0
4242,70.68608872147131,195,959,494,1030,344.5,994.5,572.0
4243,70.70275210872295,195,959,493,1027,344.0,993.0,570.5
4244,70.71941549597459,194,955,493,1024,343.5,989.5,567.0
4245,70.73607888322624,196,951,493,1020,344.5,985.5,563.0
4246,70.75274227047788,194,946,492,1016,343.0,981.0,558.5
4247,70.76940565772952,195,941,493,1012,344.0,976.5,554.0
4248,70.78606904498116,193,938,491,1008,342.0,973.0,550.5
4249,70.80273243223282,193,935,490,1004,341.5,969.5,547.0
4250,70.81939581948446,193,930,489,1001,341.0,965.5,543.0
4251,70.8360592067361,192,928,491,998,341.5,963.0,540.5
4252,70.85272259398774,192,925,490,997,341.0,961.0,538.5
4253,70.86938598123939,192,925,489,996,340.5,960.5,538.0
4254,70.88604936849103,191,924,488,995,339.5,959.5,537.0
4255,70.90271275574267,190,923,488,994,339.0,958.5,536.0
4256,70.91937614299431,190,923,487,994,338.5,958.5,536.0
4257,70.93603953024596,190,923,487,994,338.5,958.5,536.0
4258,70.9527029174976,189,924,487,994,338.0,959.0,536.5
4259,70.96936630474924,188,926,487,997,337.5,961.5,539.0
4260,70.98602969200088,189,929,485,999,337.0,964.0,541.5
4261,71.00269307925254,188,933,485,1004,336.5,968.5,546.0
4262,71.01935646650418,188,937,485,1007,336.5,972.0,549.5
4263,71.03601985375582,188,941,484,1013,336.0,977.0,554.5
4264,71.05268324100746,188,945,485,1016,336.5,980.5,558.0
4265,71.0693466282591,189,949,486,1020,337.5,984.5,562.0
4266,71.08601001551075,189,952,486,1022,337.5,987.0,564.5
4267,71.10267340276239,190,954,487,1024,338.5,989.0,566.5
4268,71.11933679001403,191,957,488,1028,339.5,992.5,570.0
4269,71.13600017726567,191,960,488,1030,339.5,995.0,572.5
4270,71.15266356451733,191,962,489,1032,340.0,997.0,574.5
4271,71.16932695176897,191,963,490,1033,340.5,998.0,575.5
4272,71.1859903390206,192,963,490,1033,341.0,998.0,575.5
4273,71.20265372627225,192,962,490,1032,341.0,997.0,574.5
4274,71.2193171135239,192,962,491,1032,341.5,997.0,574.5
4275,71.23598050077554,195,958,492,1029,343.5,993.5,571.0
4276,71.25264388802718,196,955,491,1025,343.5,990.0,567.5
4277,71.26930727527882,196,950,492,1021,344.0,985.5,563.0
4278,71.28597066253047,194,948,492,1018,343.0,983.0,560.5
4279,71.30263404978211,195,944,492,1015,343.5,979.5,557.0
4280,71.31929743703375,195,942,492,1012,343.5,977.0,554.5
4281,71.3359608242854,195,938,491,1008,343.0,973.0,550.5
4282,71.35262421153705,195,934,491,1005,343.0,969.5,547.0
4283,71.36928759878869,194,932,491,1001,342.5,966.5,544.0
4284,71.38595098604033,194,928,491,999,342.5,963.5,541.0
4285,71.40261437329197,194,926,491,996,342.5,961.0,538.5
4286,71.41927776054362,193,922,489,993,341.0,957.5,535.0
4287,71.43594114779526,192,921,489,992,340.5,956.5,534.0
4288,71.4526045350469,192,922,489,993,340.5,957.5,535.0
4289,71.46926792229854,191,923,489,993,340.0,958.0,535.5
4290,71.4859313095502,191,924,488,995,339.5,959.5,537.0
4291,71.50259469680184,190,925,488,997,339.0,961.0,538.5
4292,71.51925808405348,190,928,487,999,338.5,963.5,541.0
4293,71.53592147130512,189,931,486,1003,337.5,967.0,544.5
4294,71.55258485855677,188,934,485,1006,336.5,970.0,547.5
4295,71.56924824580841,188,939,485,1010,336.5,974.5,552.0
4296,71.58591163306005,188,940,485,1012,336.5,976.0,553.5
4297,71.60257502031169,187,945,484,1016,335.5,980.5,558.0
4298,71.61923840756333,188,951,485,1020,336.5,985.5,563.0
4299,71.63590179481498,188,955,485,1024,336.5,989.5,567.0
4300,71.65256518206662,189,958,485,1028,337.0,993.0,570.5
4301,71.66922856931826,189,958,485,1030,337.0,994.0,571.5
4302,71.6858919565699,190,961,486,1030,338.0,995.5,573.0
4303,71.70255534382156,190,961,486,1031,338.0,996.0,573.5
4304,71.7192187310732,191,961,487,1032,339.0,996.5,574.0
4305,71.73588211832484,191,960,488,1030,339.5,995.0,572.5
4306,71.75254550557648,191,960,489,1030,340.0,995.0,572.5
4307,71.76920889282813,192,958,489,1029,340.5,993.5,571.0
4308,71.78587228007977,192,957,491,1028,341.5,992.5,570.0
4309,71.80253566733141,192,956,491,1026,341.5,991.0,568.5
4310,71.81919905458305,193,952,491,1022,342.0,987.0,564.5
4311,71.8358624418347,194,948,492,1018,343.0,983.0,560.5
4312,71.85252582908635,195,943,493,1015,344.0,979.0,556.5
4313,71.86918921633799,195,939,492,1010,343.5,974.5,552.0
4314,71.88585260358963,195,936,493,1006,344.0,971.0,548.5
4315,71.90251599084128,195,933,492,1003,343.5,968.0,545.5
4316,71.91917937809292,195,931,492,1000,343.5,965.5,543.0
4317,71.93584276534456,196,927,492,998,344.0,962.5,540.0
4318,71.9525061525962,195,926,491,998,343.0,962.0,539.5
4319,71.96916953984785,194,926,492,996,343.0,961.0,538.5
4320,71.9858329270995,193,925,490,995,341.5,960.0,537.5
4321,72.00249631435113,192,924,490,995,341.0,959.5,537.0
4322,72.01915970160277,192,924,490,995,341.0,959.5,537.0
4323,72.03582308885443,192,925,490,996,341.0,960.5,538.0
4324,72.05248647610607,192,927,489,998,340.5,962.5,540.0
4325,72.06914986335771,193,930,489,1001,341.0,965.5,543.0
4326,72.08581325060935,190,933,487,1004,338.5,968.5,546.0
4327,72.10247663786099,190,936,487,1008,338.5,972.0,549.5
4328,72.11914002511264,189,941,485,1012,337.0,976.5,554.0
4329,72.13580341236428,189,943,486,1015,337.5,979.0,556.5
4330,72.15246679961592,188,948,485,1019,336.5,983.5,561.0
4331,72.16913018686756,188,949,485,1021,336.5,985.0,562.5
4332,72.18579357411922,188,953,485,1023,336.5,988.0,565.5
4333,72.20245696137086,188,956,485,1026,336.5,991.0,568.5
4334,72.2191203486225,188,958,485,1028,336.5,993.0,570.5
4335,72.23578373587414,189,960,486,1029,337.5,994.5,572.0
4336,72.25244712312579,189,961,487,1032,338.0,996.5,574.0
4337,72.26911051037743,189,962,486,1032,337.5,997.0,574.5
4338,72.28577389762907,190,961,487,1031,338.5,996.0,573.5
4339,72.30243728488071,190,959,488,1030,339.0,994.5,572.0
4340,72.31910067213236,190,958,487,1028,338.5,993.0,570.5
4341,72.335764059384,192,956,489,1025,340.5,990.5,568.0
4342,72.35242744663564,193,952,489,1021,341.0,986.5,564.0
4343,72.36909083388728,193,947,491,1018,342.0,982.5,560.0
4344,72.38575422113894,193,945,491,1016,342.0,980.5,558.0
4345,72.40241760839058,194,941,491,1013,342.5,977.0,554.5
4346,72.41908099564222,194,938,491,1008,342.5,973.0,550.5
4347,72.43574438289386,195,937,492,1006,343.5,971.5,549.0
4348,72.45240777014551,195,932,492,1003,343.5,967.5,545.0
4349,72.46907115739715,196,930,492,1000,344.0,965.0,542.5
4350,72.48573454464879,196,928,493,999,344.5,963.5,541.0
4351,72.50239793190043,196,926,492,996,344.0,961.0,538.5
4352,72.51906131915209,195,925,492,995,343.5,960.0,537.5
4353,72.53572470640373,195,925,493,995,344.0,960.0,537.5
4354,72.55238809365537,195,924,492,995,343.5,959.5,537.0
4355,72.569051480907,195,926,492,997,343.5,961.5,539.0
4356,72.58571486815866,195,928,491,998,343.0,963.0,540.5
4357,72.6023782554103,193,929,491,1000,342.0,964.5,542.0
4358,72.61904164266194,193,931,490,1003,341.5,967.0,544.5
4359,72.63570502991358,192,934,489,1004,340.5,969.0,546.5
4360,72.65236841716522,192,937,489,1008,340.5,972.5,550.0
4361,72.66903180441687,192,942,487,1011,339.5,976.5,554.0
4362,72.68569519166851,191,944,487,1014,339.0,979.0,556.5
4363,72.70235857892015,191,948,487,1018,339.0,983.0,560.5
4364,72.7190219661718,191,951,486,1022,338.5,986.5,564.0
4365,72.73568535342345,189,955,484,1026,336.5,990.5,568.0
4366,72.75234874067509,190,958,485,1028,337.5,993.0,570.5
4367,72.76901212792673,188,958,485,1028,336.5,993.0,570.5
4368,72.78567551517837,188,959,485,1030,336.5,994.5,572.0
4369,72.80233890243002,187,960,485,1029,336.0,994.5,572.0
4370,72.81900228968166,187,959,485,1030,336.0,994.5,572.0
4371,72.8356656769333,187,960,485,1029,336.0,994.5,572.0
4372,72.85232906418494,187,957,485,1026,336.0,991.5,569.0
4373,72.8689924514366,188,955,486,1026,337.0,990.5,568.0
4374,72.88565583868824,190,954,486,1024,338.0,989.0,566.5
4375,72.90231922593988,191,951,486,1022,338.5,986.5,564.0
4376,72.91898261319152,192,948,487,1017,339.5,982.5,560.0
4377,72.93564600044317,192,945,489,1014,340.5,979.5,557.0
4378,72.95230938769481,192,940,490,1010,341.0,975.0,552.5
4379,72.96897277494645,193,936,491,1006,342.0,971.0,548.5
4380,72.98563616219809,192,935,490,1005,341.0,970.0,547.5
4381,73.00229954944975,193,932,492,1002,342.5,967.0,544.5
4382,73.01896293670139,193,930,491,1000,342.0,965.0,542.5
4383,73.03562632395303,193,929,492,999,342.5,964.0,541.5
4384,73.05228971120466,194,928,492,998,343.0,963.0,540.5
4385,73.06895309845632,194,927,492,997,343.0,962.0,539.5
4386,73.08561648570796,194,926,492,996,343.0,961.0,538.5
4387,73.1022798729596,194,926,493,996,343.5,961.0,538.5
4388,73.11894326021124,194,926,492,997,343.0,961.5,539.0
4389,73.1356066474629,194,926,491,998,342.5,962.0,539.5
4390,73.15227003471453,193,928,492,1001,342.5,964.5,542.0
4391,73.16893342196617,193,932,491,1004,342.0,968.0,545.5
4392,73.18559680921781,193,935,491,1008,342.0,971.5,549.0
4393,73.20226019646945,192,939,491,1011,341.5,975.0,552.5
4394,73.21892358372111,192,943,489,1014,340.5,978.5,556.0
4395,73.23558697097275,191,947,489,1018,340.0,982.5,560.0
4396,73.25225035822439,192,949,489,1020,340.5,984.5,562.0
4397,73.26891374547603,191,952,488,1022,339.5,987.0,564.5
4398,73.28557713272768,191,953,485,1024,338.0,988.5,566.0
4399,73.30224051997932,191,955,486,1024,338.5,989.5,567.0
4400,73.31890390723096,190,957,485,1028,337.5,992.5,570.0
4401,73.3355672944826,189,960,486,1030,337.5,995.0,572.5
4402,73.35223068173426,189,960,486,1030,337.5,995.0,572.5
4403,73.3688940689859,188,960,486,1030,337.0,995.0,572.5
4404,73.38555745623754,188,958,486,1029,337.0,993.5,571.0
4405,73.40222084348918,189,956,486,1026,337.5,991.0,568.5
4406,73.41888423074083,190,954,486,1024,338.0,989.0,566.5
4407,73.43554761799247,189,952,486,1022,337.5,987.0,564.5
4408,73.45221100524411,190,949,486,1018,338.0,983.5,561.0
4409,73.46887439249575,191,946,487,1016,339.0,981.0,558.5
4410,73.4855377797474,189,944,487,1013,338.0,978.5,556.0
4411,73.50220116699904,191,940,488,1011,339.5,975.5,553.0
4412,73.51886455425068,192,939,488,1008,340.0,973.5,551.0
4413,73.53552794150232,193,936,489,1004,341.0,970.0,547.5
4414,73.55219132875398,193,933,490,1003,341.5,968.0,545.5
4415,73.56885471600562,193,930,491,999,342.0,964.5,542.0
4416,73.58551810325726,194,927,491,997,342.5,962.0,539.5
4417,73.6021814905089,194,926,492,998,343.0,962.0,539.5
4418,73.61884487776055,195,927,492,997,343.5,962.0,539.5
4419,73.63550826501219,195,927,492,997,343.5,962.0,539.5
4420,73.65217165226383,195,927,492,997,343.5,962.0,539.5
4421,73.66883503951547,195,928,494,999,344.5,963.5,541.0
4422,73.68549842676711,195,929,493,1001,344.0,965.0,542.5
4423,73.70216181401877,195,931,493,1002,344.0,966.5,544.0
4424,73.7188252012704,195,934,493,1004,344.0,969.0,546.5
4425,73.73548858852205,195,936,493,1006,344.0,971.0,548.5
4426,73.75215197577369,195,938,492,1010,343.5,974.0,551.5
4427,73.76881536302534,195,942,491,1014,343.0,978.0,555.5
4428,73.78547875027698,193,946,491,1016,342.0,981.0,558.5
4429,73.80214213752862,193,949,490,1020,341.5,984.5,562.0
4430,73.81880552478026,193,952,490,1022,341.5,987.0,564.5
4431,73.83546891203191,192,955,491,1025,341.5,990.0,567.5
4432,73.85213229928355,192,958,489,1027,340.5,992.5,570.0
4433,73.8687956865352,191,958,488,1027,339.5,992.5,570.0
4434,73.88545907378683,190,958,488,1028,339.0,993.0,570.5
4435,73.90212246103849,190,957,487,1026,338.5,991.5,569.0
4436,73.91878584829013,190,957,487,1027,338.5,992.0,569.5
4437,73.93544923554177,189,956,487,1025,338.0,990.5,568.0
4438,73.95211262279341,189,956,486,1026,337.5,991.0,568.5
4439,73.96877601004506,188,953,485,1023,336.5,988.0,565.5
4440,73.9854393972967,189,951,485,1022,337.0,986.5,564.0
4441,74.00210278454834,189,949,485,1018,337.0,983.5,561.0
4442,74.01876617179998,188,945,485,1015,336.5,980.0,557.5
4443,74.03542955905164,188,942,485,1012,336.5,977.0,554.5
4444,74.05209294630328,189,939,486,1008,337.5,973.5,551.0
4445,74.06875633355492,190,936,487,1005,338.5,970.5,548.0
4446,74.08541972080656,190,933,487,1004,338.5,968.5,546.0
4447,74.10208310805821,191,931,488,1002,339.5,966.5,544.0
4448,74.11874649530985,191,931,488,1000,339.5,965.5,543.0
4449,74.13540988256149,192,930,490,1000,341.0,965.0,542.5
4450,74.15207326981313,193,927,491,999,342.0,963.0,540.5
4451,74.16873665706478,193,927,491,999,342.0,963.0,540.5
4452,74.18540004431642,193,927,491,998,342.0,962.5,540.0
4453,74.20206343156806,194,928,492,998,343.0,963.0,540.5
4454,74.2187268188197,194,928,492,998,343.0,963.0,540.5
4455,74.23539020607134,195,930,492,1000,343.5,965.0,542.5
4456,74.252053593323,196,933,493,1004,344.5,968.5,546.0
4457,74.26871698057464,195,936,493,1006,344.0,971.0,548.5
4458,74.28538036782628,195,939,492,1012,343.5,975.5,553.0
4459,74.30204375507792,196,941,492,1012,344.0,976.5,554.0
4460,74.31870714232957,196,946,492,1016,344.0,981.0,558.5
4461,74.33537052958121,195,946,492,1018,343.5,982.0,559.5
4462,74.35203391683285,195,950,491,1021,343.0,985.5,563.0
4463,74.36869730408449,194,952,492,1022,343.0,987.0,564.5
4464,74.38536069133615,194,954,491,1024,342.5,989.0,566.5
4465,74.40202407858779,193,955,490,1025,341.5,990.0,567.5
4466,74.41868746583943,192,958,489,1026,340.5,992.0,569.5
4467,74.43535085309107,192,958,488,1029,340.0,993.5,571.0
4468,74.45201424034272,191,958,488,1029,339.5,993.5,571.0
4469,74.46867762759436,191,957,488,1028,339.5,992.5,570.0
4470,74.485341014846,190,955,487,1026,338.5,990.5,568.0
4471,74.50200440209764,190,953,487,1024,338.5,988.5,566.0
4472,74.5186677893493,190,951,486,1022,338.0,986.5,564.0
4473,74.53533117660093,188,949,485,1019,336.5,984.0,561.5
4474,74.55199456385257,188,946,486,1016,337.0,981.0,558.5
4475,74.56865795110421,188,944,485,1014,336.5,979.0,556.5
4476,74.58532133835587,188,942,484,1011,336.0,976.5,554.0
4477,74.60198472560751,189,939,483,1008,336.0,973.5,551.0
4478,74.61864811285915,189,937,485,1006,337.0,971.5,549.0
4479,74.63531150011079,189,933,486,1004,337.5,968.5,546.0
4480,74.65197488736244,189,931,487,1000,338.0,965.5,543.0
4481,74.66863827461408,190,929,487,1000,338.5,964.5,542.0
4482,74.68530166186572,190,929,488,998,339.0,963.5,541.0
4483,74.70196504911736,190,928,489,998,339.5,963.0,540.5
4484,74.718628436369,190,928,489,998,339.5,963.0,540.5
4485,74.73529182362066,191,929,489,998,340.0,963.5,541.0
4486,74.7519552108723,192,929,490,999,341.0,964.0,541.5
4487,74.76861859812394,193,931,490,1002,341.5,966.5,544.0
4488,74.78528198537558,193,932,491,1003,342.0,967.5,545.0
4489,74.80194537262723,194,934,492,1005,343.0,969.5,547.0
4490,74.81860875987887,194,935,492,1006,343.0,970.5,548.0
4491,74.83527214713051,194,938,492,1009,343.0,973.5,551.0
4492,74.85193553438215,195,941,493,1012,344.0,976.5,554.0
4493,74.8685989216338,196,944,492,1016,344.0,980.0,557.5
4494,74.88526230888544,195,947,493,1018,344.0,982.5,560.0
4495,74.90192569613708,195,950,493,1022,344.0,986.0,563.5
4496,74.91858908338872,195,953,492,1024,343.5,988.5,566.0
4497,74.93525247064038,194,955,491,1026,342.5,990.5,568.0
4498,74.95191585789202,194,956,491,1026,342.5,991.0,568.5
4499,74.96857924514366,194,956,490,1026,342.0,991.0,568.5
4500,74.9852426323953,194,957,491,1026,342.5,991.5,569.0
4501,75.00190601964695,193,956,490,1026,341.5,991.0,568.5
4502,75.01856940689859,193,957,489,1026,341.0,991.5,569.0
4503,75.03523279415023,191,956,488,1024,339.5,990.0,567.5
4504,75.05189618140187,191,953,488,1023,339.5,988.0,565.5
4505,75.06855956865353,190,952,488,1022,339.0,987.0,564.5
4506,75.08522295590517,190,949,487,1018,338.5,983.5,561.0
4507,75.1018863431568,190,944,486,1015,338.0,979.5,557.0
4508,75.11854973040845,188,942,485,1012,336.5,977.0,554.5
4509,75.1352131176601,188,939,485,1010,336.5,974.5,552.0
4510,75.15187650491174,187,937,484,1006,335.5,971.5,549.0
4511,75.16853989216338,189,935,485,1004,337.0,969.5,547.0
4512,75.18520327941502,188,933,484,1001,336.0,967.0,544.5
